,duration_days,predicted_time_to_pay,delta
19,40.0,54.94959710219951,14.949597102199512
135,51.0,54.94959710219951,3.9495971021995118
165,54.0,54.94959710219951,0.9495971021995118
293,18.0,54.94959710219951,36.94959710219951
408,43.0,54.94959710219951,11.949597102199512
446,23.0,33.315439062121,10.315439062121001
452,27.0,54.94959710219951,27.94959710219951
486,12.0,32.71514350105437,20.71514350105437
546,27.0,33.315439062121,6.315439062121001
683,34.0,54.94959710219951,20.94959710219951
731,38.0,54.94959710219951,16.94959710219951
737,26.0,54.94959710219951,28.94959710219951
771,27.0,54.94959710219951,27.94959710219951
800,61.0,54.94959710219951,-6.050402897800488
912,24.0,33.315439062121,9.315439062121001
949,60.0,54.94959710219951,-5.050402897800488
1103,24.0,33.315439062121,9.315439062121001
1124,28.0,32.71514350105437,4.715143501054371
1134,4.0,54.94959710219951,50.94959710219951
1140,5.0,32.71514350105437,27.71514350105437
1241,12.0,54.94959710219951,42.94959710219951
1298,59.0,54.94959710219951,-4.050402897800488
1326,19.0,54.94959710219951,35.94959710219951
1706,28.0,33.315439062121,5.315439062121001
1798,50.0,33.315439062121,-16.684560937879
1881,54.0,54.94959710219951,0.9495971021995118
1889,40.0,54.94959710219951,14.949597102199512
1891,43.0,54.94959710219951,11.949597102199512
1960,40.0,54.94959710219951,14.949597102199512
2121,18.0,54.94959710219951,36.94959710219951
2538,5.0,54.94959710219951,49.94959710219951
2659,24.0,33.315439062121,9.315439062121001
2697,41.0,54.94959710219951,13.949597102199512
2744,40.0,54.94959710219951,14.949597102199512
2745,44.0,33.315439062121,-10.684560937878999
2973,56.0,54.94959710219951,-1.0504028978004882
2980,5.0,54.94959710219951,49.94959710219951
3151,26.0,54.94959710219951,28.94959710219951
3156,5.0,54.94959710219951,49.94959710219951
3257,40.0,54.94959710219951,14.949597102199512
3338,1.0,54.94959710219951,53.94959710219951
3355,40.0,54.94959710219951,14.949597102199512
3446,40.0,54.94959710219951,14.949597102199512
3522,39.0,33.315439062121,-5.684560937878999
3560,62.0,54.94959710219951,-7.050402897800488
3598,10.0,54.94959710219951,44.94959710219951
3630,22.0,54.94959710219951,32.94959710219951
3733,29.0,54.94959710219951,25.94959710219951
3813,54.0,54.94959710219951,0.9495971021995118
3837,41.0,54.94959710219951,13.949597102199512
3843,30.0,54.94959710219951,24.94959710219951
3886,6.0,54.94959710219951,48.94959710219951
3918,62.0,54.94959710219951,-7.050402897800488
4027,40.0,54.94959710219951,14.949597102199512
4067,39.0,54.94959710219951,15.949597102199512
4079,33.0,54.94959710219951,21.94959710219951
4081,27.0,33.315439062121,6.315439062121001
4256,52.0,54.94959710219951,2.9495971021995118
4257,54.0,54.94959710219951,0.9495971021995118
4263,6.0,54.94959710219951,48.94959710219951
4281,33.0,54.94959710219951,21.94959710219951
4319,60.0,54.94959710219951,-5.050402897800488
4364,14.0,54.94959710219951,40.94959710219951
4416,26.0,54.94959710219951,28.94959710219951
4430,5.0,54.94959710219951,49.94959710219951
4468,26.0,33.315439062121,7.315439062121001
4477,7.0,54.94959710219951,47.94959710219951
4543,31.0,54.94959710219951,23.94959710219951
4615,60.0,54.94959710219951,-5.050402897800488
4675,44.0,54.94959710219951,10.949597102199512
4689,0.0,54.94959710219951,54.94959710219951
4918,5.0,54.94959710219951,49.94959710219951
5004,67.0,54.94959710219951,-12.050402897800488
5177,59.0,54.94959710219951,-4.050402897800488
5182,39.0,54.94959710219951,15.949597102199512
5211,3.0,54.94959710219951,51.94959710219951
5281,60.0,54.94959710219951,-5.050402897800488
5333,54.0,54.94959710219951,0.9495971021995118
5335,24.0,33.315439062121,9.315439062121001
5388,58.0,54.94959710219951,-3.0504028978004882
5468,54.0,54.94959710219951,0.9495971021995118
5511,12.0,54.94959710219951,42.94959710219951
5590,3.0,54.94959710219951,51.94959710219951
5621,26.0,54.94959710219951,28.94959710219951
5679,42.0,54.94959710219951,12.949597102199512
5727,4.0,54.94959710219951,50.94959710219951
5728,54.0,54.94959710219951,0.9495971021995118
5737,47.0,54.94959710219951,7.949597102199512
5867,47.0,54.94959710219951,7.949597102199512
6012,55.0,54.94959710219951,-0.05040289780048823
6025,54.0,54.94959710219951,0.9495971021995118
6098,50.0,54.94959710219951,4.949597102199512
6227,38.0,54.94959710219951,16.94959710219951
6396,5.0,32.71514350105437,27.71514350105437
6438,3.0,54.94959710219951,51.94959710219951
6454,19.0,54.94959710219951,35.94959710219951
6494,26.0,33.315439062121,7.315439062121001
6554,60.0,54.94959710219951,-5.050402897800488
6624,43.0,54.94959710219951,11.949597102199512
6677,59.0,54.94959710219951,-4.050402897800488
6739,60.0,54.94959710219951,-5.050402897800488
6757,60.0,54.94959710219951,-5.050402897800488
6786,58.0,54.94959710219951,-3.0504028978004882
6804,12.0,54.94959710219951,42.94959710219951
6815,0.0,54.94959710219951,54.94959710219951
6865,57.0,54.94959710219951,-2.0504028978004882
6914,44.0,33.315439062121,-10.684560937878999
6920,59.0,54.94959710219951,-4.050402897800488
6931,41.0,54.94959710219951,13.949597102199512
6975,1.0,54.94959710219951,53.94959710219951
6981,6.0,54.94959710219951,48.94959710219951
6997,26.0,54.94959710219951,28.94959710219951
7076,4.0,54.94959710219951,50.94959710219951
7159,18.0,54.94959710219951,36.94959710219951
7209,40.0,54.94959710219951,14.949597102199512
7214,19.0,54.94959710219951,35.94959710219951
7337,59.0,54.94959710219951,-4.050402897800488
7504,51.0,54.94959710219951,3.9495971021995118
7572,47.0,54.94959710219951,7.949597102199512
7605,2.0,54.94959710219951,52.94959710219951
7653,6.0,54.94959710219951,48.94959710219951
7750,44.0,54.94959710219951,10.949597102199512
7817,47.0,54.94959710219951,7.949597102199512
7840,9.0,54.94959710219951,45.94959710219951
7916,33.0,54.94959710219951,21.94959710219951
7922,27.0,33.315439062121,6.315439062121001
7923,5.0,54.94959710219951,49.94959710219951
8100,1.0,54.94959710219951,53.94959710219951
8148,26.0,33.315439062121,7.315439062121001
8430,1.0,54.94959710219951,53.94959710219951
8449,4.0,54.94959710219951,50.94959710219951
8551,13.0,54.94959710219951,41.94959710219951
8562,59.0,54.94959710219951,-4.050402897800488
8658,42.0,54.94959710219951,12.949597102199512
8681,33.0,54.94959710219951,21.94959710219951
8712,63.0,54.94959710219951,-8.050402897800488
8750,43.0,54.94959710219951,11.949597102199512
8755,26.0,33.315439062121,7.315439062121001
8802,10.0,54.94959710219951,44.94959710219951
8810,40.0,54.94959710219951,14.949597102199512
9004,57.0,54.94959710219951,-2.0504028978004882
9194,28.0,54.94959710219951,26.94959710219951
9197,26.0,33.315439062121,7.315439062121001
9203,21.0,54.94959710219951,33.94959710219951
9242,36.0,54.94959710219951,18.94959710219951
9376,47.0,54.94959710219951,7.949597102199512
9396,28.0,33.315439062121,5.315439062121001
9409,81.0,54.94959710219951,-26.05040289780049
9413,49.0,33.315439062121,-15.684560937878999
9414,55.0,54.94959710219951,-0.05040289780048823
9431,4.0,54.94959710219951,50.94959710219951
9494,55.0,54.94959710219951,-0.05040289780048823
9580,5.0,54.94959710219951,49.94959710219951
9616,19.0,54.94959710219951,35.94959710219951
9633,42.0,54.94959710219951,12.949597102199512
9652,58.0,32.71514350105437,-25.28485649894563
9811,31.0,54.94959710219951,23.94959710219951
9874,40.0,54.94959710219951,14.949597102199512
10005,54.0,54.94959710219951,0.9495971021995118
10050,7.0,54.94959710219951,47.94959710219951
10246,28.0,33.315439062121,5.315439062121001
10322,26.0,54.94959710219951,28.94959710219951
10426,1.0,54.94959710219951,53.94959710219951
10459,40.0,54.94959710219951,14.949597102199512
10463,19.0,32.71514350105437,13.71514350105437
10474,5.0,54.94959710219951,49.94959710219951
10604,28.0,54.94959710219951,26.94959710219951
10606,5.0,32.71514350105437,27.71514350105437
10621,54.0,54.94959710219951,0.9495971021995118
10716,26.0,54.94959710219951,28.94959710219951
10810,2.0,54.94959710219951,52.94959710219951
10987,40.0,54.94959710219951,14.949597102199512
11001,27.0,54.94959710219951,27.94959710219951
11079,2.0,54.94959710219951,52.94959710219951
11198,26.0,33.315439062121,7.315439062121001
11255,43.0,54.94959710219951,11.949597102199512
11328,12.0,54.94959710219951,42.94959710219951
11399,26.0,54.94959710219951,28.94959710219951
11426,58.0,54.94959710219951,-3.0504028978004882
11481,62.0,54.94959710219951,-7.050402897800488
11516,5.0,32.71514350105437,27.71514350105437
11534,41.0,54.94959710219951,13.949597102199512
11562,16.0,33.315439062121,17.315439062121
11591,1.0,54.94959710219951,53.94959710219951
11647,37.0,54.94959710219951,17.94959710219951
11748,2.0,54.94959710219951,52.94959710219951
11756,3.0,54.94959710219951,51.94959710219951
11783,34.0,54.94959710219951,20.94959710219951
11887,27.0,54.94959710219951,27.94959710219951
11907,58.0,54.94959710219951,-3.0504028978004882
12003,25.0,33.315439062121,8.315439062121001
12093,58.0,54.94959710219951,-3.0504028978004882
12190,58.0,54.94959710219951,-3.0504028978004882
12233,29.0,54.94959710219951,25.94959710219951
12298,30.0,54.94959710219951,24.94959710219951
12334,47.0,54.94959710219951,7.949597102199512
12411,45.0,54.94959710219951,9.949597102199512
12416,35.0,54.94959710219951,19.94959710219951
12520,29.0,32.71514350105437,3.7151435010543707
12629,45.0,54.94959710219951,9.949597102199512
12664,58.0,54.94959710219951,-3.0504028978004882
12724,6.0,54.94959710219951,48.94959710219951
12896,23.0,33.315439062121,10.315439062121001
12918,60.0,54.94959710219951,-5.050402897800488
12925,60.0,54.94959710219951,-5.050402897800488
12935,59.0,54.94959710219951,-4.050402897800488
12994,29.0,54.94959710219951,25.94959710219951
13040,3.0,54.94959710219951,51.94959710219951
13046,53.0,54.94959710219951,1.9495971021995118
13060,4.0,54.94959710219951,50.94959710219951
13133,12.0,54.94959710219951,42.94959710219951
13151,49.0,54.94959710219951,5.949597102199512
13216,65.0,33.315439062121,-31.684560937879
13255,77.0,54.94959710219951,-22.05040289780049
13318,27.0,32.71514350105437,5.715143501054371
13319,39.0,54.94959710219951,15.949597102199512
13373,52.0,54.94959710219951,2.9495971021995118
13518,60.0,54.94959710219951,-5.050402897800488
13613,4.0,54.94959710219951,50.94959710219951
13690,38.0,54.94959710219951,16.94959710219951
13698,12.0,54.94959710219951,42.94959710219951
13703,13.0,54.94959710219951,41.94959710219951
13722,4.0,54.94959710219951,50.94959710219951
13815,54.0,54.94959710219951,0.9495971021995118
13831,4.0,54.94959710219951,50.94959710219951
13836,15.0,54.94959710219951,39.94959710219951
13857,26.0,33.315439062121,7.315439062121001
13869,18.0,54.94959710219951,36.94959710219951
13877,54.0,54.94959710219951,0.9495971021995118
13882,23.0,33.315439062121,10.315439062121001
13899,54.0,54.94959710219951,0.9495971021995118
14153,26.0,54.94959710219951,28.94959710219951
14183,22.0,54.94959710219951,32.94959710219951
14223,58.0,54.94959710219951,-3.0504028978004882
14289,54.0,54.94959710219951,0.9495971021995118
14512,32.0,54.94959710219951,22.94959710219951
14540,60.0,54.94959710219951,-5.050402897800488
14610,5.0,54.94959710219951,49.94959710219951
14750,2.0,54.94959710219951,52.94959710219951
14767,28.0,54.94959710219951,26.94959710219951
14793,42.0,54.94959710219951,12.949597102199512
14914,27.0,54.94959710219951,27.94959710219951
15067,24.0,54.94959710219951,30.94959710219951
15101,11.0,32.71514350105437,21.71514350105437
15149,60.0,54.94959710219951,-5.050402897800488
15237,6.0,54.94959710219951,48.94959710219951
15241,3.0,54.94959710219951,51.94959710219951
15334,10.0,54.94959710219951,44.94959710219951
15418,27.0,54.94959710219951,27.94959710219951
15435,12.0,54.94959710219951,42.94959710219951
15466,28.0,54.94959710219951,26.94959710219951
15550,27.0,33.315439062121,6.315439062121001
15600,23.0,33.315439062121,10.315439062121001
15625,44.0,54.94959710219951,10.949597102199512
15742,82.0,54.94959710219951,-27.05040289780049
15743,10.0,54.94959710219951,44.94959710219951
15814,19.0,54.94959710219951,35.94959710219951
15895,54.0,54.94959710219951,0.9495971021995118
16056,41.0,33.315439062121,-7.684560937878999
16183,41.0,54.94959710219951,13.949597102199512
16349,29.0,54.94959710219951,25.94959710219951
16374,13.0,54.94959710219951,41.94959710219951
16408,17.0,54.94959710219951,37.94959710219951
16409,12.0,32.71514350105437,20.71514350105437
16411,33.0,54.94959710219951,21.94959710219951
16545,26.0,33.315439062121,7.315439062121001
16560,5.0,32.71514350105437,27.71514350105437
16791,5.0,54.94959710219951,49.94959710219951
16838,41.0,54.94959710219951,13.949597102199512
16873,32.0,54.94959710219951,22.94959710219951
16888,20.0,54.94959710219951,34.94959710219951
16949,47.0,54.94959710219951,7.949597102199512
16997,23.0,54.94959710219951,31.94959710219951
17094,28.0,54.94959710219951,26.94959710219951
17266,29.0,54.94959710219951,25.94959710219951
17401,28.0,54.94959710219951,26.94959710219951
17489,35.0,54.94959710219951,19.94959710219951
17508,73.0,54.94959710219951,-18.05040289780049
17513,36.0,54.94959710219951,18.94959710219951
17555,60.0,54.94959710219951,-5.050402897800488
17629,26.0,54.94959710219951,28.94959710219951
17688,1.0,54.94959710219951,53.94959710219951
17761,40.0,54.94959710219951,14.949597102199512
17774,59.0,54.94959710219951,-4.050402897800488
17859,36.0,54.94959710219951,18.94959710219951
17865,27.0,54.94959710219951,27.94959710219951
17885,27.0,54.94959710219951,27.94959710219951
17929,28.0,54.94959710219951,26.94959710219951
17947,61.0,54.94959710219951,-6.050402897800488
18073,58.0,54.94959710219951,-3.0504028978004882
18265,47.0,54.94959710219951,7.949597102199512
18271,26.0,33.315439062121,7.315439062121001
18307,61.0,54.94959710219951,-6.050402897800488
18321,40.0,54.94959710219951,14.949597102199512
18367,5.0,54.94959710219951,49.94959710219951
18425,33.0,54.94959710219951,21.94959710219951
18461,27.0,33.315439062121,6.315439062121001
18504,43.0,54.94959710219951,11.949597102199512
18595,30.0,54.94959710219951,24.94959710219951
18608,32.0,54.94959710219951,22.94959710219951
18745,24.0,54.94959710219951,30.94959710219951
18758,61.0,54.94959710219951,-6.050402897800488
18791,34.0,54.94959710219951,20.94959710219951
18847,28.0,33.315439062121,5.315439062121001
18874,5.0,54.94959710219951,49.94959710219951
18996,24.0,54.94959710219951,30.94959710219951
19092,43.0,54.94959710219951,11.949597102199512
19135,59.0,54.94959710219951,-4.050402897800488
19157,34.0,54.94959710219951,20.94959710219951
19180,3.0,54.94959710219951,51.94959710219951
19231,38.0,54.94959710219951,16.94959710219951
19267,11.0,54.94959710219951,43.94959710219951
19384,38.0,54.94959710219951,16.94959710219951
19515,54.0,54.94959710219951,0.9495971021995118
19547,26.0,54.94959710219951,28.94959710219951
19559,28.0,33.315439062121,5.315439062121001
19593,33.0,33.315439062121,0.31543906212100126
19690,26.0,33.315439062121,7.315439062121001
19701,41.0,54.94959710219951,13.949597102199512
19830,5.0,32.71514350105437,27.71514350105437
19838,58.0,54.94959710219951,-3.0504028978004882
19844,59.0,54.94959710219951,-4.050402897800488
19851,5.0,32.71514350105437,27.71514350105437
19894,67.0,54.94959710219951,-12.050402897800488
19907,47.0,54.94959710219951,7.949597102199512
19917,5.0,54.94959710219951,49.94959710219951
19931,47.0,54.94959710219951,7.949597102199512
20117,55.0,54.94959710219951,-0.05040289780048823
20239,33.0,54.94959710219951,21.94959710219951
20292,13.0,32.71514350105437,19.71514350105437
20367,58.0,54.94959710219951,-3.0504028978004882
20424,46.0,54.94959710219951,8.949597102199512
20461,5.0,54.94959710219951,49.94959710219951
20495,69.0,54.94959710219951,-14.050402897800488
20496,27.0,33.315439062121,6.315439062121001
20521,64.0,54.94959710219951,-9.050402897800488
20806,3.0,54.94959710219951,51.94959710219951
20853,4.0,54.94959710219951,50.94959710219951
20895,7.0,54.94959710219951,47.94959710219951
20982,56.0,54.94959710219951,-1.0504028978004882
20996,12.0,54.94959710219951,42.94959710219951
21039,52.0,54.94959710219951,2.9495971021995118
21220,40.0,54.94959710219951,14.949597102199512
21221,34.0,33.315439062121,-0.6845609378789987
21283,17.0,54.94959710219951,37.94959710219951
21317,8.0,54.94959710219951,46.94959710219951
21390,39.0,54.94959710219951,15.949597102199512
21399,12.0,54.94959710219951,42.94959710219951
21596,58.0,54.94959710219951,-3.0504028978004882
21727,41.0,54.94959710219951,13.949597102199512
21795,21.0,54.94959710219951,33.94959710219951
21902,33.0,54.94959710219951,21.94959710219951
22027,31.0,33.315439062121,2.3154390621210013
22049,32.0,54.94959710219951,22.94959710219951
22111,28.0,54.94959710219951,26.94959710219951
22116,2.0,54.94959710219951,52.94959710219951
22166,17.0,32.71514350105437,15.71514350105437
22171,33.0,54.94959710219951,21.94959710219951
22177,0.0,54.94959710219951,54.94959710219951
22242,40.0,54.94959710219951,14.949597102199512
22291,42.0,54.94959710219951,12.949597102199512
22298,58.0,54.94959710219951,-3.0504028978004882
22331,46.0,54.94959710219951,8.949597102199512
22415,49.0,33.315439062121,-15.684560937878999
22421,32.0,54.94959710219951,22.94959710219951
22424,20.0,54.94959710219951,34.94959710219951
22509,54.0,54.94959710219951,0.9495971021995118
22676,4.0,54.94959710219951,50.94959710219951
22686,9.0,54.94959710219951,45.94959710219951
22693,5.0,54.94959710219951,49.94959710219951
22699,33.0,54.94959710219951,21.94959710219951
22746,41.0,33.315439062121,-7.684560937878999
22753,24.0,54.94959710219951,30.94959710219951
22895,59.0,54.94959710219951,-4.050402897800488
22904,11.0,54.94959710219951,43.94959710219951
22928,5.0,54.94959710219951,49.94959710219951
22950,12.0,54.94959710219951,42.94959710219951
22960,58.0,54.94959710219951,-3.0504028978004882
23046,59.0,54.94959710219951,-4.050402897800488
23063,25.0,33.315439062121,8.315439062121001
23180,4.0,54.94959710219951,50.94959710219951
23242,26.0,54.94959710219951,28.94959710219951
23247,39.0,54.94959710219951,15.949597102199512
23251,38.0,54.94959710219951,16.94959710219951
23333,58.0,54.94959710219951,-3.0504028978004882
23511,35.0,54.94959710219951,19.94959710219951
23621,68.0,54.94959710219951,-13.050402897800488
23677,33.0,54.94959710219951,21.94959710219951
23741,3.0,54.94959710219951,51.94959710219951
23772,12.0,54.94959710219951,42.94959710219951
23950,65.0,54.94959710219951,-10.050402897800488
23963,37.0,33.315439062121,-3.6845609378789987
23970,10.0,32.71514350105437,22.71514350105437
24069,40.0,54.94959710219951,14.949597102199512
24076,28.0,54.94959710219951,26.94959710219951
24126,26.0,54.94959710219951,28.94959710219951
24166,26.0,33.315439062121,7.315439062121001
24210,64.0,33.315439062121,-30.684560937879
24219,5.0,54.94959710219951,49.94959710219951
24289,58.0,54.94959710219951,-3.0504028978004882
24323,5.0,54.94959710219951,49.94959710219951
24390,7.0,54.94959710219951,47.94959710219951
24396,29.0,54.94959710219951,25.94959710219951
24603,54.0,54.94959710219951,0.9495971021995118
24625,31.0,54.94959710219951,23.94959710219951
24696,5.0,54.94959710219951,49.94959710219951
24719,51.0,54.94959710219951,3.9495971021995118
24807,30.0,54.94959710219951,24.94959710219951
24824,61.0,54.94959710219951,-6.050402897800488
24868,55.0,54.94959710219951,-0.05040289780048823
24882,11.0,54.94959710219951,43.94959710219951
24933,49.0,54.94959710219951,5.949597102199512
25080,61.0,54.94959710219951,-6.050402897800488
25092,51.0,54.94959710219951,3.9495971021995118
25172,6.0,54.94959710219951,48.94959710219951
25281,26.0,54.94959710219951,28.94959710219951
25400,47.0,54.94959710219951,7.949597102199512
25563,40.0,54.94959710219951,14.949597102199512
25567,24.0,33.315439062121,9.315439062121001
25604,63.0,54.94959710219951,-8.050402897800488
25615,42.0,54.94959710219951,12.949597102199512
25650,3.0,54.94959710219951,51.94959710219951
25708,57.0,54.94959710219951,-2.0504028978004882
25710,25.0,33.315439062121,8.315439062121001
25802,5.0,54.94959710219951,49.94959710219951
25882,19.0,54.94959710219951,35.94959710219951
26010,61.0,54.94959710219951,-6.050402897800488
26209,47.0,54.94959710219951,7.949597102199512
26321,59.0,54.94959710219951,-4.050402897800488
26368,10.0,54.94959710219951,44.94959710219951
26421,30.0,54.94959710219951,24.94959710219951
26428,24.0,33.315439062121,9.315439062121001
26463,43.0,54.94959710219951,11.949597102199512
26567,27.0,33.315439062121,6.315439062121001
26698,26.0,32.71514350105437,6.715143501054371
26706,7.0,54.94959710219951,47.94959710219951
26729,59.0,54.94959710219951,-4.050402897800488
26745,12.0,54.94959710219951,42.94959710219951
26768,37.0,54.94959710219951,17.94959710219951
26816,31.0,54.94959710219951,23.94959710219951
27160,59.0,54.94959710219951,-4.050402897800488
27300,26.0,54.94959710219951,28.94959710219951
27337,26.0,54.94959710219951,28.94959710219951
27356,5.0,54.94959710219951,49.94959710219951
27378,5.0,54.94959710219951,49.94959710219951
27385,47.0,54.94959710219951,7.949597102199512
27469,40.0,54.94959710219951,14.949597102199512
27507,28.0,54.94959710219951,26.94959710219951
27542,56.0,54.94959710219951,-1.0504028978004882
27714,33.0,54.94959710219951,21.94959710219951
27775,40.0,54.94959710219951,14.949597102199512
27906,32.0,54.94959710219951,22.94959710219951
27942,29.0,33.315439062121,4.315439062121001
28162,5.0,32.71514350105437,27.71514350105437
28169,29.0,54.94959710219951,25.94959710219951
28191,19.0,54.94959710219951,35.94959710219951
28304,10.0,54.94959710219951,44.94959710219951
28307,7.0,54.94959710219951,47.94959710219951
28388,27.0,33.315439062121,6.315439062121001
28481,33.0,54.94959710219951,21.94959710219951
28489,4.0,54.94959710219951,50.94959710219951
28526,34.0,54.94959710219951,20.94959710219951
28610,28.0,54.94959710219951,26.94959710219951
28866,52.0,32.71514350105437,-19.28485649894563
29042,12.0,54.94959710219951,42.94959710219951
29191,12.0,54.94959710219951,42.94959710219951
29192,20.0,54.94959710219951,34.94959710219951
29199,59.0,54.94959710219951,-4.050402897800488
29259,27.0,54.94959710219951,27.94959710219951
29427,29.0,54.94959710219951,25.94959710219951
29458,59.0,54.94959710219951,-4.050402897800488
29535,58.0,54.94959710219951,-3.0504028978004882
29543,5.0,54.94959710219951,49.94959710219951
29553,24.0,33.315439062121,9.315439062121001
29601,39.0,54.94959710219951,15.949597102199512
29763,5.0,54.94959710219951,49.94959710219951
29785,45.0,54.94959710219951,9.949597102199512
29943,50.0,33.315439062121,-16.684560937879
29956,47.0,54.94959710219951,7.949597102199512
30040,59.0,54.94959710219951,-4.050402897800488
30094,19.0,54.94959710219951,35.94959710219951
30249,5.0,54.94959710219951,49.94959710219951
30274,9.0,54.94959710219951,45.94959710219951
30362,54.0,54.94959710219951,0.9495971021995118
30489,59.0,54.94959710219951,-4.050402897800488
30586,65.0,54.94959710219951,-10.050402897800488
30599,26.0,32.71514350105437,6.715143501054371
30653,5.0,54.94959710219951,49.94959710219951
30742,42.0,54.94959710219951,12.949597102199512
30882,18.0,33.315439062121,15.315439062121001
30893,59.0,54.94959710219951,-4.050402897800488
30921,40.0,54.94959710219951,14.949597102199512
30929,56.0,54.94959710219951,-1.0504028978004882
31051,119.0,54.94959710219951,-64.0504028978005
31164,44.0,54.94959710219951,10.949597102199512
31177,24.0,54.94959710219951,30.94959710219951
31234,12.0,54.94959710219951,42.94959710219951
31343,20.0,54.94959710219951,34.94959710219951
31442,58.0,54.94959710219951,-3.0504028978004882
31500,5.0,54.94959710219951,49.94959710219951
31547,2.0,54.94959710219951,52.94959710219951
31847,6.0,54.94959710219951,48.94959710219951
31870,54.0,54.94959710219951,0.9495971021995118
31895,19.0,32.71514350105437,13.71514350105437
31939,3.0,54.94959710219951,51.94959710219951
31945,40.0,54.94959710219951,14.949597102199512
31961,40.0,54.94959710219951,14.949597102199512
32237,30.0,54.94959710219951,24.94959710219951
32293,56.0,54.94959710219951,-1.0504028978004882
32422,16.0,33.315439062121,17.315439062121
32424,61.0,54.94959710219951,-6.050402897800488
32500,26.0,54.94959710219951,28.94959710219951
32640,51.0,54.94959710219951,3.9495971021995118
32647,5.0,54.94959710219951,49.94959710219951
32712,30.0,54.94959710219951,24.94959710219951
32762,45.0,32.71514350105437,-12.28485649894563
32857,84.0,54.94959710219951,-29.05040289780049
32885,26.0,33.315439062121,7.315439062121001
32962,8.0,54.94959710219951,46.94959710219951
32984,26.0,54.94959710219951,28.94959710219951
33042,0.0,54.94959710219951,54.94959710219951
33090,51.0,54.94959710219951,3.9495971021995118
33127,5.0,32.71514350105437,27.71514350105437
33298,27.0,33.315439062121,6.315439062121001
33325,5.0,54.94959710219951,49.94959710219951
33442,5.0,54.94959710219951,49.94959710219951
33466,59.0,54.94959710219951,-4.050402897800488
33506,46.0,54.94959710219951,8.949597102199512
33539,38.0,54.94959710219951,16.94959710219951
33571,23.0,54.94959710219951,31.94959710219951
33576,26.0,54.94959710219951,28.94959710219951
33670,44.0,54.94959710219951,10.949597102199512
33740,36.0,54.94959710219951,18.94959710219951
33770,59.0,54.94959710219951,-4.050402897800488
33807,26.0,33.315439062121,7.315439062121001
33847,47.0,54.94959710219951,7.949597102199512
33933,14.0,54.94959710219951,40.94959710219951
33937,29.0,33.315439062121,4.315439062121001
33972,0.0,54.94959710219951,54.94959710219951
33975,51.0,54.94959710219951,3.9495971021995118
34116,26.0,33.315439062121,7.315439062121001
34156,47.0,54.94959710219951,7.949597102199512
34203,48.0,54.94959710219951,6.949597102199512
34233,47.0,54.94959710219951,7.949597102199512
34285,33.0,54.94959710219951,21.94959710219951
34301,48.0,54.94959710219951,6.949597102199512
34379,60.0,54.94959710219951,-5.050402897800488
34433,5.0,54.94959710219951,49.94959710219951
34533,29.0,33.315439062121,4.315439062121001
34603,40.0,54.94959710219951,14.949597102199512
34714,22.0,33.315439062121,11.315439062121001
34765,58.0,54.94959710219951,-3.0504028978004882
34828,61.0,54.94959710219951,-6.050402897800488
34971,54.0,54.94959710219951,0.9495971021995118
35004,20.0,54.94959710219951,34.94959710219951
35220,26.0,54.94959710219951,28.94959710219951
35262,5.0,54.94959710219951,49.94959710219951
35490,43.0,54.94959710219951,11.949597102199512
35532,0.0,54.94959710219951,54.94959710219951
35658,22.0,54.94959710219951,32.94959710219951
35659,60.0,54.94959710219951,-5.050402897800488
35743,8.0,54.94959710219951,46.94959710219951
35860,46.0,54.94959710219951,8.949597102199512
35887,58.0,54.94959710219951,-3.0504028978004882
35972,59.0,54.94959710219951,-4.050402897800488
35981,40.0,54.94959710219951,14.949597102199512
35985,112.0,54.94959710219951,-57.05040289780049
36099,29.0,54.94959710219951,25.94959710219951
36134,24.0,33.315439062121,9.315439062121001
36173,19.0,54.94959710219951,35.94959710219951
36256,27.0,54.94959710219951,27.94959710219951
36470,24.0,33.315439062121,9.315439062121001
36476,12.0,32.71514350105437,20.71514350105437
36477,40.0,54.94959710219951,14.949597102199512
36513,51.0,54.94959710219951,3.9495971021995118
36550,28.0,33.315439062121,5.315439062121001
36568,22.0,54.94959710219951,32.94959710219951
36588,28.0,54.94959710219951,26.94959710219951
36611,0.0,54.94959710219951,54.94959710219951
36786,14.0,54.94959710219951,40.94959710219951
36818,25.0,33.315439062121,8.315439062121001
36853,27.0,54.94959710219951,27.94959710219951
36900,5.0,54.94959710219951,49.94959710219951
36919,6.0,54.94959710219951,48.94959710219951
36924,53.0,54.94959710219951,1.9495971021995118
36936,19.0,54.94959710219951,35.94959710219951
36997,54.0,54.94959710219951,0.9495971021995118
37046,29.0,33.315439062121,4.315439062121001
37069,11.0,54.94959710219951,43.94959710219951
37112,41.0,54.94959710219951,13.949597102199512
37139,0.0,54.94959710219951,54.94959710219951
37203,20.0,54.94959710219951,34.94959710219951
37252,5.0,54.94959710219951,49.94959710219951
37257,52.0,54.94959710219951,2.9495971021995118
37286,36.0,54.94959710219951,18.94959710219951
37469,5.0,54.94959710219951,49.94959710219951
37516,5.0,54.94959710219951,49.94959710219951
37765,5.0,54.94959710219951,49.94959710219951
37829,28.0,54.94959710219951,26.94959710219951
37878,52.0,54.94959710219951,2.9495971021995118
37905,39.0,54.94959710219951,15.949597102199512
37931,40.0,54.94959710219951,14.949597102199512
37947,40.0,54.94959710219951,14.949597102199512
38138,5.0,54.94959710219951,49.94959710219951
38222,58.0,54.94959710219951,-3.0504028978004882
38243,43.0,54.94959710219951,11.949597102199512
38275,5.0,54.94959710219951,49.94959710219951
38298,55.0,54.94959710219951,-0.05040289780048823
38311,42.0,54.94959710219951,12.949597102199512
38371,5.0,54.94959710219951,49.94959710219951
38462,23.0,33.315439062121,10.315439062121001
38467,36.0,33.315439062121,-2.6845609378789987
38521,64.0,54.94959710219951,-9.050402897800488
38525,10.0,54.94959710219951,44.94959710219951
38535,40.0,54.94959710219951,14.949597102199512
38592,38.0,54.94959710219951,16.94959710219951
38671,69.0,54.94959710219951,-14.050402897800488
38772,41.0,54.94959710219951,13.949597102199512
38851,3.0,54.94959710219951,51.94959710219951
38913,33.0,54.94959710219951,21.94959710219951
38918,12.0,54.94959710219951,42.94959710219951
38948,21.0,54.94959710219951,33.94959710219951
38956,26.0,54.94959710219951,28.94959710219951
38970,22.0,33.315439062121,11.315439062121001
39108,32.0,54.94959710219951,22.94959710219951
39138,33.0,54.94959710219951,21.94959710219951
39239,33.0,54.94959710219951,21.94959710219951
39260,54.0,54.94959710219951,0.9495971021995118
39298,39.0,54.94959710219951,15.949597102199512
39348,42.0,54.94959710219951,12.949597102199512
39540,41.0,54.94959710219951,13.949597102199512
39579,1.0,54.94959710219951,53.94959710219951
39614,23.0,33.315439062121,10.315439062121001
39626,112.0,54.94959710219951,-57.05040289780049
39646,26.0,54.94959710219951,28.94959710219951
39723,26.0,32.71514350105437,6.715143501054371
39809,20.0,33.315439062121,13.315439062121001
40009,5.0,54.94959710219951,49.94959710219951
40011,16.0,54.94959710219951,38.94959710219951
40259,1.0,54.94959710219951,53.94959710219951
40273,40.0,54.94959710219951,14.949597102199512
40301,40.0,54.94959710219951,14.949597102199512
40305,57.0,54.94959710219951,-2.0504028978004882
40346,8.0,54.94959710219951,46.94959710219951
40361,28.0,54.94959710219951,26.94959710219951
40380,56.0,54.94959710219951,-1.0504028978004882
40418,19.0,54.94959710219951,35.94959710219951
40423,60.0,54.94959710219951,-5.050402897800488
40459,55.0,54.94959710219951,-0.05040289780048823
40544,29.0,54.94959710219951,25.94959710219951
40588,54.0,54.94959710219951,0.9495971021995118
40619,13.0,54.94959710219951,41.94959710219951
40625,65.0,54.94959710219951,-10.050402897800488
40668,27.0,33.315439062121,6.315439062121001
40749,40.0,54.94959710219951,14.949597102199512
40819,3.0,54.94959710219951,51.94959710219951
40826,48.0,54.94959710219951,6.949597102199512
40843,56.0,54.94959710219951,-1.0504028978004882
40880,1.0,54.94959710219951,53.94959710219951
40913,5.0,54.94959710219951,49.94959710219951
40929,32.0,54.94959710219951,22.94959710219951
40935,128.0,54.94959710219951,-73.0504028978005
41202,3.0,54.94959710219951,51.94959710219951
41339,46.0,54.94959710219951,8.949597102199512
41348,26.0,33.315439062121,7.315439062121001
41555,26.0,33.315439062121,7.315439062121001
41593,74.0,33.315439062121,-40.684560937879
41751,54.0,54.94959710219951,0.9495971021995118
41764,5.0,54.94959710219951,49.94959710219951
42134,61.0,54.94959710219951,-6.050402897800488
42162,28.0,54.94959710219951,26.94959710219951
42243,36.0,54.94959710219951,18.94959710219951
42277,6.0,54.94959710219951,48.94959710219951
42335,55.0,54.94959710219951,-0.05040289780048823
42397,6.0,54.94959710219951,48.94959710219951
42429,28.0,54.94959710219951,26.94959710219951
42458,31.0,54.94959710219951,23.94959710219951
42555,29.0,54.94959710219951,25.94959710219951
42600,91.0,54.94959710219951,-36.05040289780049
42642,24.0,33.315439062121,9.315439062121001
42711,41.0,54.94959710219951,13.949597102199512
42751,40.0,54.94959710219951,14.949597102199512
42781,55.0,54.94959710219951,-0.05040289780048823
42820,8.0,54.94959710219951,46.94959710219951
42822,5.0,54.94959710219951,49.94959710219951
42862,5.0,54.94959710219951,49.94959710219951
42865,59.0,54.94959710219951,-4.050402897800488
42874,40.0,54.94959710219951,14.949597102199512
42915,27.0,33.315439062121,6.315439062121001
42993,27.0,33.315439062121,6.315439062121001
42994,24.0,33.315439062121,9.315439062121001
43036,4.0,54.94959710219951,50.94959710219951
43061,25.0,33.315439062121,8.315439062121001
43071,40.0,54.94959710219951,14.949597102199512
43160,61.0,54.94959710219951,-6.050402897800488
43229,43.0,54.94959710219951,11.949597102199512
43289,60.0,54.94959710219951,-5.050402897800488
43334,34.0,54.94959710219951,20.94959710219951
43358,25.0,32.71514350105437,7.715143501054371
43417,28.0,54.94959710219951,26.94959710219951
43420,31.0,54.94959710219951,23.94959710219951
43421,56.0,54.94959710219951,-1.0504028978004882
43443,54.0,54.94959710219951,0.9495971021995118
43654,4.0,32.71514350105437,28.71514350105437
43688,36.0,32.71514350105437,-3.2848564989456293
43722,62.0,54.94959710219951,-7.050402897800488
43782,2.0,54.94959710219951,52.94959710219951
43840,52.0,54.94959710219951,2.9495971021995118
43873,34.0,54.94959710219951,20.94959710219951
43949,22.0,33.315439062121,11.315439062121001
43973,20.0,54.94959710219951,34.94959710219951
44116,28.0,54.94959710219951,26.94959710219951
44658,33.0,54.94959710219951,21.94959710219951
44678,54.0,54.94959710219951,0.9495971021995118
44733,30.0,54.94959710219951,24.94959710219951
44826,51.0,54.94959710219951,3.9495971021995118
45069,47.0,54.94959710219951,7.949597102199512
45087,62.0,54.94959710219951,-7.050402897800488
45090,49.0,54.94959710219951,5.949597102199512
45095,26.0,33.315439062121,7.315439062121001
45178,28.0,33.315439062121,5.315439062121001
45216,3.0,54.94959710219951,51.94959710219951
45257,5.0,54.94959710219951,49.94959710219951
45275,59.0,54.94959710219951,-4.050402897800488
45387,34.0,54.94959710219951,20.94959710219951
45410,19.0,54.94959710219951,35.94959710219951
45460,27.0,54.94959710219951,27.94959710219951
45507,48.0,54.94959710219951,6.949597102199512
45520,38.0,54.94959710219951,16.94959710219951
45578,3.0,54.94959710219951,51.94959710219951
45584,2.0,54.94959710219951,52.94959710219951
45610,27.0,54.94959710219951,27.94959710219951
45663,2.0,54.94959710219951,52.94959710219951
45747,9.0,54.94959710219951,45.94959710219951
45886,46.0,54.94959710219951,8.949597102199512
45927,3.0,54.94959710219951,51.94959710219951
45978,11.0,54.94959710219951,43.94959710219951
45990,47.0,54.94959710219951,7.949597102199512
46001,53.0,54.94959710219951,1.9495971021995118
46037,5.0,54.94959710219951,49.94959710219951
46057,51.0,54.94959710219951,3.9495971021995118
46083,39.0,54.94959710219951,15.949597102199512
46098,52.0,54.94959710219951,2.9495971021995118
46130,13.0,32.71514350105437,19.71514350105437
46173,18.0,54.94959710219951,36.94959710219951
46464,49.0,54.94959710219951,5.949597102199512
46566,5.0,54.94959710219951,49.94959710219951
46577,11.0,54.94959710219951,43.94959710219951
46642,12.0,54.94959710219951,42.94959710219951
46671,29.0,54.94959710219951,25.94959710219951
46687,19.0,33.315439062121,14.315439062121001
46791,99.0,54.94959710219951,-44.05040289780049
46802,47.0,54.94959710219951,7.949597102199512
46818,12.0,54.94959710219951,42.94959710219951
46888,24.0,33.315439062121,9.315439062121001
46899,36.0,54.94959710219951,18.94959710219951
46970,26.0,54.94959710219951,28.94959710219951
47294,0.0,54.94959710219951,54.94959710219951
47437,41.0,54.94959710219951,13.949597102199512
47439,50.0,33.315439062121,-16.684560937879
47450,6.0,33.315439062121,27.315439062121
47455,47.0,54.94959710219951,7.949597102199512
47496,55.0,54.94959710219951,-0.05040289780048823
47570,44.0,54.94959710219951,10.949597102199512
47642,62.0,54.94959710219951,-7.050402897800488
47736,40.0,54.94959710219951,14.949597102199512
47743,1.0,54.94959710219951,53.94959710219951
47805,23.0,33.315439062121,10.315439062121001
47890,48.0,54.94959710219951,6.949597102199512
47893,47.0,54.94959710219951,7.949597102199512
47987,43.0,54.94959710219951,11.949597102199512
48038,49.0,54.94959710219951,5.949597102199512
48051,5.0,54.94959710219951,49.94959710219951
48085,12.0,54.94959710219951,42.94959710219951
48091,13.0,54.94959710219951,41.94959710219951
48344,47.0,54.94959710219951,7.949597102199512
48398,59.0,54.94959710219951,-4.050402897800488
48469,5.0,54.94959710219951,49.94959710219951
48557,40.0,54.94959710219951,14.949597102199512
48580,52.0,54.94959710219951,2.9495971021995118
48816,51.0,54.94959710219951,3.9495971021995118
48840,6.0,54.94959710219951,48.94959710219951
48871,21.0,54.94959710219951,33.94959710219951
48927,6.0,54.94959710219951,48.94959710219951
48973,69.0,54.94959710219951,-14.050402897800488
49066,41.0,54.94959710219951,13.949597102199512
49248,28.0,54.94959710219951,26.94959710219951
49286,44.0,54.94959710219951,10.949597102199512
49675,38.0,54.94959710219951,16.94959710219951
49688,27.0,33.315439062121,6.315439062121001
49689,59.0,54.94959710219951,-4.050402897800488
49795,58.0,54.94959710219951,-3.0504028978004882
49918,26.0,33.315439062121,7.315439062121001
50104,40.0,54.94959710219951,14.949597102199512
50109,28.0,54.94959710219951,26.94959710219951
50150,61.0,54.94959710219951,-6.050402897800488
50151,52.0,54.94959710219951,2.9495971021995118
50426,2.0,54.94959710219951,52.94959710219951
50454,19.0,54.94959710219951,35.94959710219951
50697,27.0,54.94959710219951,27.94959710219951
50754,53.0,54.94959710219951,1.9495971021995118
50818,61.0,54.94959710219951,-6.050402897800488
50986,56.0,54.94959710219951,-1.0504028978004882
51386,59.0,54.94959710219951,-4.050402897800488
51538,20.0,54.94959710219951,34.94959710219951
51582,0.0,32.71514350105437,32.71514350105437
51588,34.0,54.94959710219951,20.94959710219951
51592,26.0,54.94959710219951,28.94959710219951
51896,23.0,33.315439062121,10.315439062121001
51972,33.0,54.94959710219951,21.94959710219951
51977,41.0,54.94959710219951,13.949597102199512
52314,40.0,54.94959710219951,14.949597102199512
52337,2.0,54.94959710219951,52.94959710219951
52379,4.0,32.71514350105437,28.71514350105437
52402,110.0,54.94959710219951,-55.05040289780049
52414,33.0,54.94959710219951,21.94959710219951
52733,60.0,54.94959710219951,-5.050402897800488
52773,26.0,54.94959710219951,28.94959710219951
52881,61.0,54.94959710219951,-6.050402897800488
52945,33.0,54.94959710219951,21.94959710219951
52964,45.0,54.94959710219951,9.949597102199512
53086,33.0,54.94959710219951,21.94959710219951
53100,5.0,54.94959710219951,49.94959710219951
53143,19.0,54.94959710219951,35.94959710219951
53227,5.0,32.71514350105437,27.71514350105437
53240,24.0,54.94959710219951,30.94959710219951
53304,5.0,54.94959710219951,49.94959710219951
53329,6.0,54.94959710219951,48.94959710219951
53389,39.0,33.315439062121,-5.684560937878999
53406,1.0,32.71514350105437,31.71514350105437
53421,1.0,54.94959710219951,53.94959710219951
53545,25.0,33.315439062121,8.315439062121001
53550,12.0,54.94959710219951,42.94959710219951
53557,61.0,54.94959710219951,-6.050402897800488
53578,26.0,33.315439062121,7.315439062121001
53616,54.0,54.94959710219951,0.9495971021995118
53664,40.0,54.94959710219951,14.949597102199512
53771,2.0,54.94959710219951,52.94959710219951
53772,12.0,54.94959710219951,42.94959710219951
53794,6.0,54.94959710219951,48.94959710219951
54002,13.0,54.94959710219951,41.94959710219951
54021,27.0,33.315439062121,6.315439062121001
54227,4.0,54.94959710219951,50.94959710219951
54295,27.0,54.94959710219951,27.94959710219951
54361,60.0,54.94959710219951,-5.050402897800488
54373,50.0,54.94959710219951,4.949597102199512
54455,33.0,54.94959710219951,21.94959710219951
54483,38.0,54.94959710219951,16.94959710219951
54516,46.0,54.94959710219951,8.949597102199512
54690,13.0,32.71514350105437,19.71514350105437
54694,26.0,33.315439062121,7.315439062121001
54727,26.0,33.315439062121,7.315439062121001
54750,23.0,54.94959710219951,31.94959710219951
54883,40.0,54.94959710219951,14.949597102199512
54925,43.0,54.94959710219951,11.949597102199512
54928,33.0,54.94959710219951,21.94959710219951
54968,41.0,54.94959710219951,13.949597102199512
55070,9.0,54.94959710219951,45.94959710219951
55104,47.0,54.94959710219951,7.949597102199512
55125,20.0,54.94959710219951,34.94959710219951
55155,59.0,54.94959710219951,-4.050402897800488
55158,27.0,33.315439062121,6.315439062121001
55461,3.0,54.94959710219951,51.94959710219951
55537,57.0,33.315439062121,-23.684560937879
55603,41.0,54.94959710219951,13.949597102199512
55604,48.0,54.94959710219951,6.949597102199512
55610,27.0,33.315439062121,6.315439062121001
55697,59.0,54.94959710219951,-4.050402897800488
55786,51.0,54.94959710219951,3.9495971021995118
55867,11.0,54.94959710219951,43.94959710219951
55875,59.0,54.94959710219951,-4.050402897800488
55893,48.0,54.94959710219951,6.949597102199512
55927,61.0,54.94959710219951,-6.050402897800488
56032,42.0,54.94959710219951,12.949597102199512
56044,5.0,54.94959710219951,49.94959710219951
56045,12.0,54.94959710219951,42.94959710219951
56169,50.0,54.94959710219951,4.949597102199512
56195,58.0,54.94959710219951,-3.0504028978004882
56358,33.0,54.94959710219951,21.94959710219951
56374,43.0,54.94959710219951,11.949597102199512
56384,48.0,54.94959710219951,6.949597102199512
56527,41.0,33.315439062121,-7.684560937878999
56545,2.0,54.94959710219951,52.94959710219951
56558,47.0,54.94959710219951,7.949597102199512
56564,34.0,54.94959710219951,20.94959710219951
56607,55.0,54.94959710219951,-0.05040289780048823
56617,44.0,33.315439062121,-10.684560937878999
56680,40.0,54.94959710219951,14.949597102199512
56799,34.0,54.94959710219951,20.94959710219951
56862,42.0,33.315439062121,-8.684560937878999
56976,30.0,54.94959710219951,24.94959710219951
56978,60.0,54.94959710219951,-5.050402897800488
56988,40.0,54.94959710219951,14.949597102199512
57018,41.0,54.94959710219951,13.949597102199512
57078,58.0,54.94959710219951,-3.0504028978004882
57080,26.0,54.94959710219951,28.94959710219951
57124,47.0,54.94959710219951,7.949597102199512
57200,49.0,54.94959710219951,5.949597102199512
57288,3.0,54.94959710219951,51.94959710219951
57344,43.0,54.94959710219951,11.949597102199512
57348,12.0,32.71514350105437,20.71514350105437
57371,40.0,54.94959710219951,14.949597102199512
57607,69.0,54.94959710219951,-14.050402897800488
57661,6.0,54.94959710219951,48.94959710219951
57735,56.0,54.94959710219951,-1.0504028978004882
57763,3.0,54.94959710219951,51.94959710219951
57769,57.0,54.94959710219951,-2.0504028978004882
57839,40.0,54.94959710219951,14.949597102199512
57848,20.0,54.94959710219951,34.94959710219951
57900,62.0,54.94959710219951,-7.050402897800488
57987,33.0,54.94959710219951,21.94959710219951
57995,5.0,32.71514350105437,27.71514350105437
58004,40.0,54.94959710219951,14.949597102199512
58044,57.0,54.94959710219951,-2.0504028978004882
58054,43.0,54.94959710219951,11.949597102199512
58169,40.0,54.94959710219951,14.949597102199512
58267,26.0,54.94959710219951,28.94959710219951
58268,40.0,54.94959710219951,14.949597102199512
58301,5.0,54.94959710219951,49.94959710219951
58340,58.0,54.94959710219951,-3.0504028978004882
58382,34.0,54.94959710219951,20.94959710219951
58454,83.0,54.94959710219951,-28.05040289780049
58623,40.0,54.94959710219951,14.949597102199512
58807,26.0,54.94959710219951,28.94959710219951
58823,57.0,54.94959710219951,-2.0504028978004882
58974,99.0,54.94959710219951,-44.05040289780049
59290,33.0,54.94959710219951,21.94959710219951
59319,54.0,54.94959710219951,0.9495971021995118
59360,41.0,54.94959710219951,13.949597102199512
59505,4.0,54.94959710219951,50.94959710219951
59567,5.0,54.94959710219951,49.94959710219951
59624,59.0,54.94959710219951,-4.050402897800488
59691,7.0,54.94959710219951,47.94959710219951
59915,23.0,33.315439062121,10.315439062121001
59962,88.0,54.94959710219951,-33.05040289780049
60074,46.0,54.94959710219951,8.949597102199512
60228,5.0,54.94959710219951,49.94959710219951
60331,16.0,33.315439062121,17.315439062121
60354,54.0,54.94959710219951,0.9495971021995118
60382,26.0,33.315439062121,7.315439062121001
60386,5.0,54.94959710219951,49.94959710219951
60462,44.0,54.94959710219951,10.949597102199512
60484,59.0,54.94959710219951,-4.050402897800488
60552,58.0,54.94959710219951,-3.0504028978004882
60588,47.0,54.94959710219951,7.949597102199512
60827,54.0,54.94959710219951,0.9495971021995118
60912,13.0,54.94959710219951,41.94959710219951
60932,82.0,54.94959710219951,-27.05040289780049
60955,60.0,54.94959710219951,-5.050402897800488
61037,88.0,54.94959710219951,-33.05040289780049
61099,26.0,54.94959710219951,28.94959710219951
61192,25.0,33.315439062121,8.315439062121001
61256,26.0,33.315439062121,7.315439062121001
61341,62.0,54.94959710219951,-7.050402897800488
61425,26.0,33.315439062121,7.315439062121001
61552,8.0,54.94959710219951,46.94959710219951
61680,40.0,54.94959710219951,14.949597102199512
61700,59.0,54.94959710219951,-4.050402897800488
61789,27.0,33.315439062121,6.315439062121001
61912,40.0,54.94959710219951,14.949597102199512
61934,6.0,54.94959710219951,48.94959710219951
61978,5.0,54.94959710219951,49.94959710219951
62140,49.0,54.94959710219951,5.949597102199512
62182,5.0,32.71514350105437,27.71514350105437
62200,47.0,54.94959710219951,7.949597102199512
62249,1.0,54.94959710219951,53.94959710219951
62435,31.0,54.94959710219951,23.94959710219951
62584,4.0,54.94959710219951,50.94959710219951
62656,26.0,33.315439062121,7.315439062121001
62753,22.0,32.71514350105437,10.71514350105437
62763,7.0,32.71514350105437,25.71514350105437
62778,32.0,54.94959710219951,22.94959710219951
62926,5.0,54.94959710219951,49.94959710219951
62993,4.0,54.94959710219951,50.94959710219951
63002,32.0,54.94959710219951,22.94959710219951
63013,24.0,33.315439062121,9.315439062121001
63079,43.0,54.94959710219951,11.949597102199512
63155,41.0,54.94959710219951,13.949597102199512
63224,36.0,54.94959710219951,18.94959710219951
63402,12.0,32.71514350105437,20.71514350105437
63440,65.0,54.94959710219951,-10.050402897800488
63515,21.0,54.94959710219951,33.94959710219951
63571,7.0,54.94959710219951,47.94959710219951
63641,61.0,54.94959710219951,-6.050402897800488
63916,24.0,33.315439062121,9.315439062121001
63987,4.0,54.94959710219951,50.94959710219951
64316,34.0,54.94959710219951,20.94959710219951
64354,2.0,32.71514350105437,30.71514350105437
64510,43.0,54.94959710219951,11.949597102199512
64564,47.0,54.94959710219951,7.949597102199512
64587,4.0,54.94959710219951,50.94959710219951
64630,58.0,54.94959710219951,-3.0504028978004882
64643,54.0,54.94959710219951,0.9495971021995118
64674,54.0,54.94959710219951,0.9495971021995118
64725,26.0,54.94959710219951,28.94959710219951
64736,48.0,54.94959710219951,6.949597102199512
64751,26.0,54.94959710219951,28.94959710219951
64763,26.0,33.315439062121,7.315439062121001
64764,28.0,54.94959710219951,26.94959710219951
64769,27.0,54.94959710219951,27.94959710219951
64803,5.0,32.71514350105437,27.71514350105437
64856,40.0,33.315439062121,-6.684560937878999
64863,12.0,32.71514350105437,20.71514350105437
65013,40.0,33.315439062121,-6.684560937878999
65021,47.0,54.94959710219951,7.949597102199512
65092,54.0,54.94959710219951,0.9495971021995118
65101,48.0,54.94959710219951,6.949597102199512
65113,44.0,54.94959710219951,10.949597102199512
65134,46.0,54.94959710219951,8.949597102199512
65228,5.0,54.94959710219951,49.94959710219951
65235,47.0,54.94959710219951,7.949597102199512
65302,59.0,54.94959710219951,-4.050402897800488
65307,56.0,54.94959710219951,-1.0504028978004882
65339,47.0,54.94959710219951,7.949597102199512
65464,26.0,54.94959710219951,28.94959710219951
65585,59.0,54.94959710219951,-4.050402897800488
65773,112.0,54.94959710219951,-57.05040289780049
65791,28.0,54.94959710219951,26.94959710219951
65806,52.0,54.94959710219951,2.9495971021995118
65821,5.0,54.94959710219951,49.94959710219951
65835,22.0,54.94959710219951,32.94959710219951
65996,26.0,54.94959710219951,28.94959710219951
66013,40.0,54.94959710219951,14.949597102199512
66041,26.0,33.315439062121,7.315439062121001
66084,98.0,54.94959710219951,-43.05040289780049
66095,46.0,54.94959710219951,8.949597102199512
66121,40.0,54.94959710219951,14.949597102199512
66234,0.0,54.94959710219951,54.94959710219951
66277,18.0,54.94959710219951,36.94959710219951
66422,65.0,54.94959710219951,-10.050402897800488
66449,59.0,54.94959710219951,-4.050402897800488
66472,28.0,54.94959710219951,26.94959710219951
66499,23.0,54.94959710219951,31.94959710219951
66540,54.0,54.94959710219951,0.9495971021995118
66642,5.0,54.94959710219951,49.94959710219951
66651,29.0,54.94959710219951,25.94959710219951
66683,33.0,54.94959710219951,21.94959710219951
66754,1.0,54.94959710219951,53.94959710219951
66814,60.0,54.94959710219951,-5.050402897800488
66836,48.0,54.94959710219951,6.949597102199512
66890,27.0,33.315439062121,6.315439062121001
66930,0.0,54.94959710219951,54.94959710219951
66942,4.0,54.94959710219951,50.94959710219951
67035,3.0,54.94959710219951,51.94959710219951
67062,26.0,33.315439062121,7.315439062121001
67239,5.0,54.94959710219951,49.94959710219951
67322,26.0,33.315439062121,7.315439062121001
67490,59.0,54.94959710219951,-4.050402897800488
67520,24.0,33.315439062121,9.315439062121001
67562,28.0,54.94959710219951,26.94959710219951
67671,25.0,54.94959710219951,29.94959710219951
67766,41.0,54.94959710219951,13.949597102199512
67887,60.0,54.94959710219951,-5.050402897800488
67892,16.0,54.94959710219951,38.94959710219951
67906,61.0,54.94959710219951,-6.050402897800488
67918,2.0,54.94959710219951,52.94959710219951
67985,47.0,33.315439062121,-13.684560937878999
68005,74.0,54.94959710219951,-19.05040289780049
68017,29.0,54.94959710219951,25.94959710219951
68045,45.0,54.94959710219951,9.949597102199512
68090,57.0,54.94959710219951,-2.0504028978004882
68127,29.0,54.94959710219951,25.94959710219951
68129,57.0,54.94959710219951,-2.0504028978004882
68174,58.0,54.94959710219951,-3.0504028978004882
68344,48.0,54.94959710219951,6.949597102199512
68395,60.0,54.94959710219951,-5.050402897800488
68416,19.0,54.94959710219951,35.94959710219951
68421,1.0,54.94959710219951,53.94959710219951
68433,53.0,54.94959710219951,1.9495971021995118
68478,40.0,54.94959710219951,14.949597102199512
68479,44.0,54.94959710219951,10.949597102199512
68501,5.0,32.71514350105437,27.71514350105437
68609,5.0,54.94959710219951,49.94959710219951
68710,43.0,54.94959710219951,11.949597102199512
68795,0.0,54.94959710219951,54.94959710219951
68834,8.0,54.94959710219951,46.94959710219951
68986,20.0,33.315439062121,13.315439062121001
69048,58.0,54.94959710219951,-3.0504028978004882
69127,47.0,54.94959710219951,7.949597102199512
69140,27.0,54.94959710219951,27.94959710219951
69186,27.0,33.315439062121,6.315439062121001
69208,6.0,54.94959710219951,48.94959710219951
69442,2.0,54.94959710219951,52.94959710219951
69464,46.0,54.94959710219951,8.949597102199512
69500,12.0,32.71514350105437,20.71514350105437
69516,54.0,54.94959710219951,0.9495971021995118
69521,6.0,54.94959710219951,48.94959710219951
69552,24.0,33.315439062121,9.315439062121001
69559,6.0,54.94959710219951,48.94959710219951
69584,33.0,54.94959710219951,21.94959710219951
69628,29.0,33.315439062121,4.315439062121001
69664,5.0,54.94959710219951,49.94959710219951
69771,31.0,54.94959710219951,23.94959710219951
69832,65.0,54.94959710219951,-10.050402897800488
69844,29.0,54.94959710219951,25.94959710219951
69865,40.0,54.94959710219951,14.949597102199512
69936,4.0,32.71514350105437,28.71514350105437
70012,5.0,54.94959710219951,49.94959710219951
70050,38.0,54.94959710219951,16.94959710219951
70215,38.0,54.94959710219951,16.94959710219951
70336,60.0,54.94959710219951,-5.050402897800488
70484,144.0,54.94959710219951,-89.0504028978005
70523,25.0,54.94959710219951,29.94959710219951
70665,53.0,54.94959710219951,1.9495971021995118
70739,40.0,54.94959710219951,14.949597102199512
70790,4.0,32.71514350105437,28.71514350105437
71056,0.0,54.94959710219951,54.94959710219951
71219,47.0,54.94959710219951,7.949597102199512
71232,40.0,54.94959710219951,14.949597102199512
71327,58.0,54.94959710219951,-3.0504028978004882
71359,11.0,54.94959710219951,43.94959710219951
71455,26.0,33.315439062121,7.315439062121001
71493,26.0,54.94959710219951,28.94959710219951
71633,57.0,54.94959710219951,-2.0504028978004882
71738,18.0,54.94959710219951,36.94959710219951
71918,26.0,54.94959710219951,28.94959710219951
71930,41.0,54.94959710219951,13.949597102199512
71958,17.0,54.94959710219951,37.94959710219951
72290,29.0,33.315439062121,4.315439062121001
72337,56.0,54.94959710219951,-1.0504028978004882
72467,5.0,54.94959710219951,49.94959710219951
72586,61.0,54.94959710219951,-6.050402897800488
72777,31.0,54.94959710219951,23.94959710219951
72824,61.0,54.94959710219951,-6.050402897800488
72902,33.0,54.94959710219951,21.94959710219951
73036,58.0,54.94959710219951,-3.0504028978004882
73050,28.0,54.94959710219951,26.94959710219951
73143,40.0,54.94959710219951,14.949597102199512
73158,26.0,54.94959710219951,28.94959710219951
73172,41.0,54.94959710219951,13.949597102199512
73213,5.0,54.94959710219951,49.94959710219951
73241,28.0,33.315439062121,5.315439062121001
73336,5.0,54.94959710219951,49.94959710219951
73401,56.0,54.94959710219951,-1.0504028978004882
73462,26.0,54.94959710219951,28.94959710219951
73509,37.0,32.71514350105437,-4.284856498945629
73673,60.0,54.94959710219951,-5.050402897800488
73692,12.0,32.71514350105437,20.71514350105437
73700,46.0,54.94959710219951,8.949597102199512
73718,29.0,33.315439062121,4.315439062121001
73724,61.0,54.94959710219951,-6.050402897800488
73726,18.0,54.94959710219951,36.94959710219951
73757,42.0,54.94959710219951,12.949597102199512
73791,26.0,54.94959710219951,28.94959710219951
73815,13.0,54.94959710219951,41.94959710219951
73932,44.0,54.94959710219951,10.949597102199512
74362,30.0,54.94959710219951,24.94959710219951
74363,5.0,54.94959710219951,49.94959710219951
74364,84.0,54.94959710219951,-29.05040289780049
74601,33.0,33.315439062121,0.31543906212100126
74747,29.0,33.315439062121,4.315439062121001
74836,43.0,54.94959710219951,11.949597102199512
74921,84.0,54.94959710219951,-29.05040289780049
75004,55.0,54.94959710219951,-0.05040289780048823
75040,0.0,54.94959710219951,54.94959710219951
75052,59.0,54.94959710219951,-4.050402897800488
75133,47.0,54.94959710219951,7.949597102199512
75177,19.0,54.94959710219951,35.94959710219951
75274,40.0,54.94959710219951,14.949597102199512
75345,30.0,33.315439062121,3.3154390621210013
75396,35.0,54.94959710219951,19.94959710219951
75565,42.0,54.94959710219951,12.949597102199512
75638,40.0,54.94959710219951,14.949597102199512
75664,19.0,54.94959710219951,35.94959710219951
75790,44.0,54.94959710219951,10.949597102199512
75951,6.0,54.94959710219951,48.94959710219951
75979,23.0,54.94959710219951,31.94959710219951
76061,30.0,54.94959710219951,24.94959710219951
76068,26.0,54.94959710219951,28.94959710219951
76078,40.0,54.94959710219951,14.949597102199512
76124,86.0,54.94959710219951,-31.05040289780049
76145,59.0,54.94959710219951,-4.050402897800488
76190,6.0,54.94959710219951,48.94959710219951
76256,54.0,54.94959710219951,0.9495971021995118
76388,10.0,54.94959710219951,44.94959710219951
76536,23.0,33.315439062121,10.315439062121001
76581,5.0,54.94959710219951,49.94959710219951
76598,24.0,33.315439062121,9.315439062121001
76612,3.0,54.94959710219951,51.94959710219951
76632,33.0,54.94959710219951,21.94959710219951
76823,24.0,33.315439062121,9.315439062121001
76855,29.0,33.315439062121,4.315439062121001
76924,47.0,54.94959710219951,7.949597102199512
76932,27.0,54.94959710219951,27.94959710219951
77059,47.0,54.94959710219951,7.949597102199512
77077,49.0,54.94959710219951,5.949597102199512
77175,47.0,33.315439062121,-13.684560937878999
77259,26.0,54.94959710219951,28.94959710219951
77326,5.0,54.94959710219951,49.94959710219951
77351,49.0,33.315439062121,-15.684560937878999
77370,24.0,33.315439062121,9.315439062121001
77401,35.0,54.94959710219951,19.94959710219951
77416,42.0,54.94959710219951,12.949597102199512
77457,48.0,54.94959710219951,6.949597102199512
77464,5.0,54.94959710219951,49.94959710219951
77613,6.0,54.94959710219951,48.94959710219951
77617,58.0,54.94959710219951,-3.0504028978004882
77737,28.0,54.94959710219951,26.94959710219951
77752,36.0,54.94959710219951,18.94959710219951
77817,60.0,54.94959710219951,-5.050402897800488
77939,59.0,54.94959710219951,-4.050402897800488
78014,59.0,54.94959710219951,-4.050402897800488
78210,27.0,33.315439062121,6.315439062121001
78265,38.0,54.94959710219951,16.94959710219951
78351,1.0,54.94959710219951,53.94959710219951
78397,31.0,54.94959710219951,23.94959710219951
78413,62.0,54.94959710219951,-7.050402897800488
78481,12.0,54.94959710219951,42.94959710219951
78501,18.0,54.94959710219951,36.94959710219951
78605,54.0,54.94959710219951,0.9495971021995118
78668,48.0,54.94959710219951,6.949597102199512
78806,67.0,54.94959710219951,-12.050402897800488
78834,40.0,54.94959710219951,14.949597102199512
78871,4.0,54.94959710219951,50.94959710219951
79008,12.0,54.94959710219951,42.94959710219951
79050,47.0,54.94959710219951,7.949597102199512
79169,59.0,54.94959710219951,-4.050402897800488
79234,40.0,54.94959710219951,14.949597102199512
79306,15.0,54.94959710219951,39.94959710219951
79327,9.0,54.94959710219951,45.94959710219951
79440,6.0,54.94959710219951,48.94959710219951
79537,38.0,32.71514350105437,-5.284856498945629
79741,30.0,54.94959710219951,24.94959710219951
79814,5.0,54.94959710219951,49.94959710219951
79881,26.0,54.94959710219951,28.94959710219951
79889,24.0,33.315439062121,9.315439062121001
79903,60.0,54.94959710219951,-5.050402897800488
79910,45.0,54.94959710219951,9.949597102199512
79942,56.0,54.94959710219951,-1.0504028978004882
79988,28.0,54.94959710219951,26.94959710219951
80087,40.0,54.94959710219951,14.949597102199512
80182,25.0,54.94959710219951,29.94959710219951
80197,39.0,54.94959710219951,15.949597102199512
80293,28.0,54.94959710219951,26.94959710219951
80340,69.0,54.94959710219951,-14.050402897800488
80409,3.0,54.94959710219951,51.94959710219951
80544,2.0,54.94959710219951,52.94959710219951
80612,25.0,54.94959710219951,29.94959710219951
80737,47.0,33.315439062121,-13.684560937878999
80741,47.0,54.94959710219951,7.949597102199512
80775,46.0,54.94959710219951,8.949597102199512
80818,1.0,54.94959710219951,53.94959710219951
81022,82.0,54.94959710219951,-27.05040289780049
81050,40.0,54.94959710219951,14.949597102199512
81145,55.0,54.94959710219951,-0.05040289780048823
81198,58.0,54.94959710219951,-3.0504028978004882
81325,10.0,54.94959710219951,44.94959710219951
81476,29.0,54.94959710219951,25.94959710219951
81518,54.0,54.94959710219951,0.9495971021995118
81522,58.0,54.94959710219951,-3.0504028978004882
81616,17.0,32.71514350105437,15.71514350105437
81634,2.0,54.94959710219951,52.94959710219951
81645,40.0,33.315439062121,-6.684560937878999
81689,54.0,54.94959710219951,0.9495971021995118
81694,12.0,32.71514350105437,20.71514350105437
81731,26.0,54.94959710219951,28.94959710219951
81795,5.0,54.94959710219951,49.94959710219951
81796,31.0,54.94959710219951,23.94959710219951
81820,6.0,54.94959710219951,48.94959710219951
81886,4.0,54.94959710219951,50.94959710219951
81901,34.0,54.94959710219951,20.94959710219951
81928,8.0,32.71514350105437,24.71514350105437
81956,49.0,54.94959710219951,5.949597102199512
81969,5.0,54.94959710219951,49.94959710219951
82098,18.0,32.71514350105437,14.71514350105437
82230,58.0,54.94959710219951,-3.0504028978004882
82314,12.0,54.94959710219951,42.94959710219951
82422,58.0,54.94959710219951,-3.0504028978004882
82482,51.0,54.94959710219951,3.9495971021995118
82582,19.0,32.71514350105437,13.71514350105437
82678,40.0,54.94959710219951,14.949597102199512
82684,10.0,54.94959710219951,44.94959710219951
82757,53.0,54.94959710219951,1.9495971021995118
82888,65.0,54.94959710219951,-10.050402897800488
82910,45.0,54.94959710219951,9.949597102199512
83073,47.0,54.94959710219951,7.949597102199512
83083,56.0,54.94959710219951,-1.0504028978004882
83183,4.0,54.94959710219951,50.94959710219951
83286,50.0,54.94959710219951,4.949597102199512
83366,55.0,54.94959710219951,-0.05040289780048823
83407,31.0,54.94959710219951,23.94959710219951
83452,54.0,54.94959710219951,0.9495971021995118
83584,1.0,54.94959710219951,53.94959710219951
83660,24.0,33.315439062121,9.315439062121001
83684,60.0,54.94959710219951,-5.050402897800488
83721,57.0,54.94959710219951,-2.0504028978004882
83823,28.0,54.94959710219951,26.94959710219951
83992,43.0,54.94959710219951,11.949597102199512
84008,39.0,54.94959710219951,15.949597102199512
84106,39.0,33.315439062121,-5.684560937878999
84166,50.0,54.94959710219951,4.949597102199512
84233,1.0,54.94959710219951,53.94959710219951
84240,35.0,54.94959710219951,19.94959710219951
84306,26.0,54.94959710219951,28.94959710219951
84320,27.0,54.94959710219951,27.94959710219951
84330,5.0,54.94959710219951,49.94959710219951
84347,5.0,54.94959710219951,49.94959710219951
84384,57.0,54.94959710219951,-2.0504028978004882
84420,8.0,54.94959710219951,46.94959710219951
84502,39.0,54.94959710219951,15.949597102199512
84540,5.0,32.71514350105437,27.71514350105437
84607,48.0,54.94959710219951,6.949597102199512
84617,33.0,54.94959710219951,21.94959710219951
84637,29.0,54.94959710219951,25.94959710219951
84665,12.0,54.94959710219951,42.94959710219951
84736,59.0,54.94959710219951,-4.050402897800488
84747,41.0,54.94959710219951,13.949597102199512
84871,54.0,54.94959710219951,0.9495971021995118
84991,52.0,54.94959710219951,2.9495971021995118
85015,0.0,54.94959710219951,54.94959710219951
85050,54.0,54.94959710219951,0.9495971021995118
85091,5.0,54.94959710219951,49.94959710219951
85135,19.0,32.71514350105437,13.71514350105437
85143,48.0,54.94959710219951,6.949597102199512
85217,41.0,54.94959710219951,13.949597102199512
85311,34.0,54.94959710219951,20.94959710219951
85338,62.0,54.94959710219951,-7.050402897800488
85360,47.0,54.94959710219951,7.949597102199512
85384,61.0,54.94959710219951,-6.050402897800488
85475,2.0,54.94959710219951,52.94959710219951
85516,58.0,54.94959710219951,-3.0504028978004882
85526,8.0,54.94959710219951,46.94959710219951
85571,27.0,33.315439062121,6.315439062121001
85586,58.0,54.94959710219951,-3.0504028978004882
85606,57.0,54.94959710219951,-2.0504028978004882
85648,59.0,54.94959710219951,-4.050402897800488
85758,26.0,54.94959710219951,28.94959710219951
85759,29.0,54.94959710219951,25.94959710219951
85767,8.0,32.71514350105437,24.71514350105437
85773,40.0,54.94959710219951,14.949597102199512
85877,28.0,33.315439062121,5.315439062121001
85937,28.0,54.94959710219951,26.94959710219951
86093,29.0,54.94959710219951,25.94959710219951
86322,54.0,54.94959710219951,0.9495971021995118
86464,27.0,33.315439062121,6.315439062121001
86492,44.0,54.94959710219951,10.949597102199512
86524,48.0,54.94959710219951,6.949597102199512
86586,28.0,54.94959710219951,26.94959710219951
86725,33.0,54.94959710219951,21.94959710219951
86874,44.0,54.94959710219951,10.949597102199512
86967,43.0,54.94959710219951,11.949597102199512
87080,27.0,33.315439062121,6.315439062121001
87088,5.0,54.94959710219951,49.94959710219951
87100,30.0,54.94959710219951,24.94959710219951
87104,60.0,54.94959710219951,-5.050402897800488
87129,61.0,54.94959710219951,-6.050402897800488
87149,3.0,32.71514350105437,29.71514350105437
87179,11.0,54.94959710219951,43.94959710219951
87213,5.0,54.94959710219951,49.94959710219951
87220,47.0,54.94959710219951,7.949597102199512
87226,5.0,54.94959710219951,49.94959710219951
87309,26.0,33.315439062121,7.315439062121001
87328,54.0,54.94959710219951,0.9495971021995118
87416,25.0,33.315439062121,8.315439062121001
87431,52.0,54.94959710219951,2.9495971021995118
87451,58.0,54.94959710219951,-3.0504028978004882
87480,11.0,54.94959710219951,43.94959710219951
87489,6.0,54.94959710219951,48.94959710219951
87552,53.0,54.94959710219951,1.9495971021995118
87594,53.0,54.94959710219951,1.9495971021995118
87694,19.0,54.94959710219951,35.94959710219951
87719,58.0,54.94959710219951,-3.0504028978004882
87784,5.0,54.94959710219951,49.94959710219951
87892,58.0,54.94959710219951,-3.0504028978004882
87897,12.0,54.94959710219951,42.94959710219951
87941,42.0,54.94959710219951,12.949597102199512
87967,47.0,54.94959710219951,7.949597102199512
87976,5.0,54.94959710219951,49.94959710219951
87980,39.0,54.94959710219951,15.949597102199512
88008,9.0,32.71514350105437,23.71514350105437
88104,4.0,32.71514350105437,28.71514350105437
88180,28.0,54.94959710219951,26.94959710219951
88185,58.0,54.94959710219951,-3.0504028978004882
88211,47.0,54.94959710219951,7.949597102199512
88240,27.0,54.94959710219951,27.94959710219951
88270,17.0,32.71514350105437,15.71514350105437
88273,47.0,54.94959710219951,7.949597102199512
88453,6.0,54.94959710219951,48.94959710219951
88493,43.0,54.94959710219951,11.949597102199512
88640,39.0,54.94959710219951,15.949597102199512
88673,33.0,54.94959710219951,21.94959710219951
88748,21.0,54.94959710219951,33.94959710219951
88830,30.0,54.94959710219951,24.94959710219951
88844,29.0,54.94959710219951,25.94959710219951
89042,40.0,54.94959710219951,14.949597102199512
89067,31.0,54.94959710219951,23.94959710219951
89263,12.0,54.94959710219951,42.94959710219951
89387,57.0,54.94959710219951,-2.0504028978004882
89388,28.0,33.315439062121,5.315439062121001
89400,5.0,54.94959710219951,49.94959710219951
89402,19.0,54.94959710219951,35.94959710219951
89453,55.0,54.94959710219951,-0.05040289780048823
89481,10.0,54.94959710219951,44.94959710219951
89561,59.0,54.94959710219951,-4.050402897800488
89677,31.0,54.94959710219951,23.94959710219951
89698,71.0,54.94959710219951,-16.05040289780049
89772,32.0,54.94959710219951,22.94959710219951
89797,19.0,32.71514350105437,13.71514350105437
89801,27.0,54.94959710219951,27.94959710219951
89818,56.0,54.94959710219951,-1.0504028978004882
89833,6.0,54.94959710219951,48.94959710219951
89849,21.0,54.94959710219951,33.94959710219951
89977,82.0,54.94959710219951,-27.05040289780049
90007,27.0,33.315439062121,6.315439062121001
90089,31.0,54.94959710219951,23.94959710219951
90142,27.0,54.94959710219951,27.94959710219951
90222,2.0,54.94959710219951,52.94959710219951
90223,40.0,54.94959710219951,14.949597102199512
90563,29.0,54.94959710219951,25.94959710219951
90584,41.0,54.94959710219951,13.949597102199512
90654,48.0,54.94959710219951,6.949597102199512
90663,60.0,54.94959710219951,-5.050402897800488
90924,37.0,54.94959710219951,17.94959710219951
90952,19.0,54.94959710219951,35.94959710219951
91062,53.0,54.94959710219951,1.9495971021995118
91131,62.0,54.94959710219951,-7.050402897800488
91215,60.0,54.94959710219951,-5.050402897800488
91242,47.0,54.94959710219951,7.949597102199512
91292,53.0,54.94959710219951,1.9495971021995118
91311,48.0,54.94959710219951,6.949597102199512
91351,26.0,32.71514350105437,6.715143501054371
91407,59.0,54.94959710219951,-4.050402897800488
91433,59.0,54.94959710219951,-4.050402897800488
91445,58.0,54.94959710219951,-3.0504028978004882
91458,19.0,54.94959710219951,35.94959710219951
91569,2.0,54.94959710219951,52.94959710219951
91615,35.0,54.94959710219951,19.94959710219951
91705,26.0,33.315439062121,7.315439062121001
91718,59.0,54.94959710219951,-4.050402897800488
91774,61.0,54.94959710219951,-6.050402897800488
91862,26.0,33.315439062121,7.315439062121001
91908,59.0,54.94959710219951,-4.050402897800488
91960,33.0,54.94959710219951,21.94959710219951
92203,40.0,54.94959710219951,14.949597102199512
92205,24.0,33.315439062121,9.315439062121001
92215,4.0,54.94959710219951,50.94959710219951
92503,58.0,54.94959710219951,-3.0504028978004882
92574,13.0,54.94959710219951,41.94959710219951
92716,3.0,54.94959710219951,51.94959710219951
92745,84.0,54.94959710219951,-29.05040289780049
92791,5.0,54.94959710219951,49.94959710219951
92816,47.0,54.94959710219951,7.949597102199512
92837,44.0,54.94959710219951,10.949597102199512
92905,56.0,54.94959710219951,-1.0504028978004882
93068,27.0,33.315439062121,6.315439062121001
93183,4.0,54.94959710219951,50.94959710219951
93193,5.0,54.94959710219951,49.94959710219951
93204,40.0,54.94959710219951,14.949597102199512
93286,12.0,32.71514350105437,20.71514350105437
93321,60.0,54.94959710219951,-5.050402897800488
93360,34.0,54.94959710219951,20.94959710219951
93364,5.0,54.94959710219951,49.94959710219951
93365,40.0,54.94959710219951,14.949597102199512
93412,5.0,54.94959710219951,49.94959710219951
93453,59.0,54.94959710219951,-4.050402897800488
93486,3.0,54.94959710219951,51.94959710219951
93565,36.0,54.94959710219951,18.94959710219951
93654,47.0,54.94959710219951,7.949597102199512
93660,12.0,54.94959710219951,42.94959710219951
93697,6.0,54.94959710219951,48.94959710219951
93800,29.0,54.94959710219951,25.94959710219951
93824,20.0,54.94959710219951,34.94959710219951
93973,26.0,33.315439062121,7.315439062121001
94035,28.0,54.94959710219951,26.94959710219951
94079,40.0,54.94959710219951,14.949597102199512
94265,23.0,54.94959710219951,31.94959710219951
94272,12.0,54.94959710219951,42.94959710219951
94292,26.0,54.94959710219951,28.94959710219951
94349,34.0,54.94959710219951,20.94959710219951
94391,28.0,33.315439062121,5.315439062121001
94442,40.0,54.94959710219951,14.949597102199512
94540,3.0,54.94959710219951,51.94959710219951
94772,60.0,54.94959710219951,-5.050402897800488
94784,47.0,54.94959710219951,7.949597102199512
94849,28.0,54.94959710219951,26.94959710219951
94905,44.0,54.94959710219951,10.949597102199512
94917,33.0,54.94959710219951,21.94959710219951
94924,5.0,54.94959710219951,49.94959710219951
94946,33.0,54.94959710219951,21.94959710219951
95045,40.0,54.94959710219951,14.949597102199512
95116,26.0,32.71514350105437,6.715143501054371
95120,60.0,54.94959710219951,-5.050402897800488
95294,5.0,54.94959710219951,49.94959710219951
95358,3.0,54.94959710219951,51.94959710219951
95412,43.0,54.94959710219951,11.949597102199512
95470,31.0,54.94959710219951,23.94959710219951
95473,12.0,54.94959710219951,42.94959710219951
95488,10.0,54.94959710219951,44.94959710219951
95679,24.0,54.94959710219951,30.94959710219951
95757,60.0,54.94959710219951,-5.050402897800488
95768,23.0,33.315439062121,10.315439062121001
95785,23.0,33.315439062121,10.315439062121001
95788,30.0,54.94959710219951,24.94959710219951
95825,29.0,54.94959710219951,25.94959710219951
96089,56.0,54.94959710219951,-1.0504028978004882
96116,26.0,33.315439062121,7.315439062121001
96163,40.0,54.94959710219951,14.949597102199512
96239,43.0,33.315439062121,-9.684560937878999
96301,30.0,54.94959710219951,24.94959710219951
96371,46.0,54.94959710219951,8.949597102199512
96391,48.0,54.94959710219951,6.949597102199512
96417,29.0,54.94959710219951,25.94959710219951
96447,32.0,54.94959710219951,22.94959710219951
96488,3.0,54.94959710219951,51.94959710219951
96495,40.0,54.94959710219951,14.949597102199512
96794,5.0,54.94959710219951,49.94959710219951
96838,49.0,54.94959710219951,5.949597102199512
96886,34.0,33.315439062121,-0.6845609378789987
96927,56.0,54.94959710219951,-1.0504028978004882
97143,2.0,54.94959710219951,52.94959710219951
97155,52.0,54.94959710219951,2.9495971021995118
97232,28.0,54.94959710219951,26.94959710219951
97333,5.0,54.94959710219951,49.94959710219951
97344,2.0,54.94959710219951,52.94959710219951
97507,5.0,33.315439062121,28.315439062121
97669,56.0,54.94959710219951,-1.0504028978004882
97771,40.0,33.315439062121,-6.684560937878999
97819,14.0,33.315439062121,19.315439062121
97863,5.0,54.94959710219951,49.94959710219951
97986,12.0,32.71514350105437,20.71514350105437
98039,27.0,33.315439062121,6.315439062121001
98170,2.0,54.94959710219951,52.94959710219951
98176,48.0,33.315439062121,-14.684560937878999
98359,5.0,54.94959710219951,49.94959710219951
98365,29.0,54.94959710219951,25.94959710219951
98429,6.0,54.94959710219951,48.94959710219951
98455,60.0,54.94959710219951,-5.050402897800488
98501,13.0,54.94959710219951,41.94959710219951
98567,60.0,54.94959710219951,-5.050402897800488
98773,43.0,54.94959710219951,11.949597102199512
98850,46.0,54.94959710219951,8.949597102199512
99117,25.0,54.94959710219951,29.94959710219951
99137,60.0,54.94959710219951,-5.050402897800488
99280,29.0,33.315439062121,4.315439062121001
99322,5.0,54.94959710219951,49.94959710219951
99413,32.0,54.94959710219951,22.94959710219951
99430,35.0,54.94959710219951,19.94959710219951
99696,38.0,54.94959710219951,16.94959710219951
99778,46.0,54.94959710219951,8.949597102199512
99822,55.0,54.94959710219951,-0.05040289780048823
99878,83.0,54.94959710219951,-28.05040289780049
99882,28.0,54.94959710219951,26.94959710219951
99965,19.0,54.94959710219951,35.94959710219951
100254,48.0,54.94959710219951,6.949597102199512
100292,5.0,54.94959710219951,49.94959710219951
100329,26.0,33.315439062121,7.315439062121001
100542,28.0,54.94959710219951,26.94959710219951
100620,5.0,54.94959710219951,49.94959710219951
100647,5.0,54.94959710219951,49.94959710219951
100657,2.0,54.94959710219951,52.94959710219951
100664,34.0,54.94959710219951,20.94959710219951
100759,51.0,54.94959710219951,3.9495971021995118
100774,59.0,54.94959710219951,-4.050402897800488
100800,39.0,54.94959710219951,15.949597102199512
100843,40.0,54.94959710219951,14.949597102199512
100974,23.0,54.94959710219951,31.94959710219951
100978,26.0,54.94959710219951,28.94959710219951
101060,22.0,33.315439062121,11.315439062121001
101093,46.0,54.94959710219951,8.949597102199512
101216,56.0,54.94959710219951,-1.0504028978004882
101217,23.0,54.94959710219951,31.94959710219951
101236,19.0,54.94959710219951,35.94959710219951
101273,60.0,54.94959710219951,-5.050402897800488
101282,48.0,54.94959710219951,6.949597102199512
101346,44.0,54.94959710219951,10.949597102199512
101380,58.0,54.94959710219951,-3.0504028978004882
101453,20.0,54.94959710219951,34.94959710219951
101495,37.0,54.94959710219951,17.94959710219951
101533,53.0,54.94959710219951,1.9495971021995118
101625,27.0,33.315439062121,6.315439062121001
101648,20.0,54.94959710219951,34.94959710219951
101736,58.0,54.94959710219951,-3.0504028978004882
101759,27.0,33.315439062121,6.315439062121001
101802,20.0,54.94959710219951,34.94959710219951
101811,37.0,54.94959710219951,17.94959710219951
101935,60.0,54.94959710219951,-5.050402897800488
101961,5.0,54.94959710219951,49.94959710219951
102059,26.0,33.315439062121,7.315439062121001
102068,58.0,54.94959710219951,-3.0504028978004882
102099,64.0,54.94959710219951,-9.050402897800488
102225,33.0,54.94959710219951,21.94959710219951
102299,7.0,54.94959710219951,47.94959710219951
102301,26.0,33.315439062121,7.315439062121001
102378,40.0,54.94959710219951,14.949597102199512
102381,5.0,54.94959710219951,49.94959710219951
102451,56.0,54.94959710219951,-1.0504028978004882
102460,44.0,54.94959710219951,10.949597102199512
102560,27.0,33.315439062121,6.315439062121001
102572,40.0,54.94959710219951,14.949597102199512
102601,64.0,54.94959710219951,-9.050402897800488
102736,40.0,54.94959710219951,14.949597102199512
102775,12.0,54.94959710219951,42.94959710219951
102800,33.0,33.315439062121,0.31543906212100126
102879,54.0,54.94959710219951,0.9495971021995118
102982,53.0,54.94959710219951,1.9495971021995118
103006,32.0,54.94959710219951,22.94959710219951
103150,58.0,54.94959710219951,-3.0504028978004882
103269,3.0,54.94959710219951,51.94959710219951
103298,28.0,33.315439062121,5.315439062121001
103310,6.0,54.94959710219951,48.94959710219951
103334,55.0,54.94959710219951,-0.05040289780048823
103383,21.0,33.315439062121,12.315439062121001
103420,48.0,54.94959710219951,6.949597102199512
103535,3.0,54.94959710219951,51.94959710219951
103560,47.0,54.94959710219951,7.949597102199512
103576,26.0,54.94959710219951,28.94959710219951
103610,11.0,54.94959710219951,43.94959710219951
103614,39.0,54.94959710219951,15.949597102199512
103661,5.0,54.94959710219951,49.94959710219951
103666,23.0,33.315439062121,10.315439062121001
103736,54.0,54.94959710219951,0.9495971021995118
103788,11.0,54.94959710219951,43.94959710219951
103796,4.0,54.94959710219951,50.94959710219951
103797,56.0,54.94959710219951,-1.0504028978004882
103835,20.0,33.315439062121,13.315439062121001
103840,27.0,54.94959710219951,27.94959710219951
103887,19.0,54.94959710219951,35.94959710219951
104006,44.0,54.94959710219951,10.949597102199512
104009,11.0,32.71514350105437,21.71514350105437
104036,44.0,54.94959710219951,10.949597102199512
104186,55.0,54.94959710219951,-0.05040289780048823
104264,42.0,54.94959710219951,12.949597102199512
104301,60.0,54.94959710219951,-5.050402897800488
104323,31.0,54.94959710219951,23.94959710219951
104324,56.0,54.94959710219951,-1.0504028978004882
104421,0.0,54.94959710219951,54.94959710219951
104465,26.0,33.315439062121,7.315439062121001
104514,5.0,54.94959710219951,49.94959710219951
104548,27.0,54.94959710219951,27.94959710219951
104551,22.0,33.315439062121,11.315439062121001
104580,58.0,32.71514350105437,-25.28485649894563
104598,26.0,54.94959710219951,28.94959710219951
104608,44.0,33.315439062121,-10.684560937878999
104681,41.0,54.94959710219951,13.949597102199512
104835,47.0,54.94959710219951,7.949597102199512
104953,25.0,33.315439062121,8.315439062121001
105012,4.0,54.94959710219951,50.94959710219951
105045,43.0,54.94959710219951,11.949597102199512
105071,62.0,54.94959710219951,-7.050402897800488
105134,26.0,54.94959710219951,28.94959710219951
105148,23.0,33.315439062121,10.315439062121001
105153,56.0,54.94959710219951,-1.0504028978004882
105203,19.0,54.94959710219951,35.94959710219951
105214,40.0,54.94959710219951,14.949597102199512
105365,57.0,54.94959710219951,-2.0504028978004882
105449,0.0,54.94959710219951,54.94959710219951
105625,58.0,54.94959710219951,-3.0504028978004882
105665,21.0,54.94959710219951,33.94959710219951
105685,28.0,54.94959710219951,26.94959710219951
105720,40.0,54.94959710219951,14.949597102199512
105752,35.0,54.94959710219951,19.94959710219951
105789,26.0,33.315439062121,7.315439062121001
105940,5.0,54.94959710219951,49.94959710219951
105970,26.0,54.94959710219951,28.94959710219951
105994,3.0,54.94959710219951,51.94959710219951
106027,4.0,54.94959710219951,50.94959710219951
106122,29.0,54.94959710219951,25.94959710219951
106172,5.0,54.94959710219951,49.94959710219951
106222,26.0,33.315439062121,7.315439062121001
106250,43.0,54.94959710219951,11.949597102199512
106256,54.0,54.94959710219951,0.9495971021995118
106282,5.0,54.94959710219951,49.94959710219951
106283,43.0,54.94959710219951,11.949597102199512
106476,43.0,54.94959710219951,11.949597102199512
106520,48.0,54.94959710219951,6.949597102199512
106533,48.0,54.94959710219951,6.949597102199512
106535,40.0,54.94959710219951,14.949597102199512
106540,54.0,54.94959710219951,0.9495971021995118
106835,56.0,54.94959710219951,-1.0504028978004882
106917,58.0,54.94959710219951,-3.0504028978004882
106976,27.0,33.315439062121,6.315439062121001
106979,5.0,54.94959710219951,49.94959710219951
107314,40.0,54.94959710219951,14.949597102199512
107357,61.0,54.94959710219951,-6.050402897800488
107380,39.0,54.94959710219951,15.949597102199512
107548,5.0,54.94959710219951,49.94959710219951
107594,37.0,33.315439062121,-3.6845609378789987
107637,33.0,54.94959710219951,21.94959710219951
107692,50.0,54.94959710219951,4.949597102199512
107700,34.0,54.94959710219951,20.94959710219951
107727,12.0,32.71514350105437,20.71514350105437
107765,73.0,54.94959710219951,-18.05040289780049
107795,46.0,54.94959710219951,8.949597102199512
107808,28.0,54.94959710219951,26.94959710219951
108013,4.0,54.94959710219951,50.94959710219951
108215,4.0,54.94959710219951,50.94959710219951
108230,27.0,54.94959710219951,27.94959710219951
108328,5.0,54.94959710219951,49.94959710219951
108376,47.0,54.94959710219951,7.949597102199512
108448,47.0,54.94959710219951,7.949597102199512
108647,59.0,54.94959710219951,-4.050402897800488
108768,26.0,33.315439062121,7.315439062121001
108813,3.0,54.94959710219951,51.94959710219951
108883,45.0,54.94959710219951,9.949597102199512
109019,58.0,54.94959710219951,-3.0504028978004882
109033,35.0,54.94959710219951,19.94959710219951
109067,5.0,54.94959710219951,49.94959710219951
109080,4.0,54.94959710219951,50.94959710219951
109093,13.0,54.94959710219951,41.94959710219951
109155,27.0,54.94959710219951,27.94959710219951
109200,26.0,33.315439062121,7.315439062121001
109262,30.0,54.94959710219951,24.94959710219951
109391,4.0,54.94959710219951,50.94959710219951
109671,120.0,54.94959710219951,-65.0504028978005
109708,30.0,54.94959710219951,24.94959710219951
109713,25.0,33.315439062121,8.315439062121001
109761,26.0,33.315439062121,7.315439062121001
109833,26.0,54.94959710219951,28.94959710219951
109850,12.0,32.71514350105437,20.71514350105437
109900,18.0,54.94959710219951,36.94959710219951
109930,5.0,54.94959710219951,49.94959710219951
110108,26.0,32.71514350105437,6.715143501054371
110178,5.0,54.94959710219951,49.94959710219951
110196,84.0,54.94959710219951,-29.05040289780049
110324,12.0,54.94959710219951,42.94959710219951
110369,6.0,54.94959710219951,48.94959710219951
110386,57.0,54.94959710219951,-2.0504028978004882
110473,36.0,33.315439062121,-2.6845609378789987
110517,18.0,54.94959710219951,36.94959710219951
110519,59.0,54.94959710219951,-4.050402897800488
110524,56.0,54.94959710219951,-1.0504028978004882
110581,39.0,33.315439062121,-5.684560937878999
110629,54.0,54.94959710219951,0.9495971021995118
110741,5.0,54.94959710219951,49.94959710219951
110853,29.0,54.94959710219951,25.94959710219951
111012,39.0,54.94959710219951,15.949597102199512
111015,4.0,33.315439062121,29.315439062121
111164,8.0,54.94959710219951,46.94959710219951
111165,5.0,54.94959710219951,49.94959710219951
111411,58.0,54.94959710219951,-3.0504028978004882
111417,35.0,54.94959710219951,19.94959710219951
111438,40.0,54.94959710219951,14.949597102199512
111558,12.0,54.94959710219951,42.94959710219951
111643,28.0,33.315439062121,5.315439062121001
111673,58.0,54.94959710219951,-3.0504028978004882
111742,25.0,32.71514350105437,7.715143501054371
111793,54.0,54.94959710219951,0.9495971021995118
111980,21.0,54.94959710219951,33.94959710219951
112000,29.0,33.315439062121,4.315439062121001
112032,5.0,54.94959710219951,49.94959710219951
112055,56.0,54.94959710219951,-1.0504028978004882
112100,43.0,54.94959710219951,11.949597102199512
112326,12.0,54.94959710219951,42.94959710219951
112361,60.0,54.94959710219951,-5.050402897800488
112455,60.0,54.94959710219951,-5.050402897800488
112483,50.0,54.94959710219951,4.949597102199512
112485,1.0,54.94959710219951,53.94959710219951
112557,27.0,33.315439062121,6.315439062121001
112586,58.0,54.94959710219951,-3.0504028978004882
112705,6.0,54.94959710219951,48.94959710219951
112753,56.0,54.94959710219951,-1.0504028978004882
112909,24.0,33.315439062121,9.315439062121001
112935,48.0,54.94959710219951,6.949597102199512
112996,54.0,54.94959710219951,0.9495971021995118
113001,16.0,54.94959710219951,38.94959710219951
113026,5.0,54.94959710219951,49.94959710219951
113253,17.0,32.71514350105437,15.71514350105437
113346,0.0,54.94959710219951,54.94959710219951
113358,6.0,54.94959710219951,48.94959710219951
113413,58.0,54.94959710219951,-3.0504028978004882
113457,56.0,54.94959710219951,-1.0504028978004882
113528,61.0,54.94959710219951,-6.050402897800488
113566,42.0,54.94959710219951,12.949597102199512
113576,2.0,54.94959710219951,52.94959710219951
113586,26.0,54.94959710219951,28.94959710219951
113592,12.0,54.94959710219951,42.94959710219951
113604,2.0,54.94959710219951,52.94959710219951
113643,26.0,33.315439062121,7.315439062121001
113647,32.0,54.94959710219951,22.94959710219951
113655,26.0,33.315439062121,7.315439062121001
113719,4.0,54.94959710219951,50.94959710219951
113748,54.0,54.94959710219951,0.9495971021995118
113944,10.0,54.94959710219951,44.94959710219951
113956,12.0,54.94959710219951,42.94959710219951
113961,47.0,54.94959710219951,7.949597102199512
113992,66.0,54.94959710219951,-11.050402897800488
114053,39.0,54.94959710219951,15.949597102199512
114152,26.0,54.94959710219951,28.94959710219951
114166,40.0,54.94959710219951,14.949597102199512
114214,39.0,54.94959710219951,15.949597102199512
114222,26.0,54.94959710219951,28.94959710219951
114409,4.0,54.94959710219951,50.94959710219951
114417,61.0,54.94959710219951,-6.050402897800488
114427,64.0,54.94959710219951,-9.050402897800488
114580,57.0,54.94959710219951,-2.0504028978004882
114582,50.0,54.94959710219951,4.949597102199512
114640,12.0,32.71514350105437,20.71514350105437
114647,4.0,32.71514350105437,28.71514350105437
114796,59.0,54.94959710219951,-4.050402897800488
114857,5.0,54.94959710219951,49.94959710219951
114867,23.0,33.315439062121,10.315439062121001
114944,48.0,33.315439062121,-14.684560937878999
114981,3.0,54.94959710219951,51.94959710219951
114987,40.0,54.94959710219951,14.949597102199512
115059,54.0,54.94959710219951,0.9495971021995118
115097,12.0,54.94959710219951,42.94959710219951
115147,1.0,54.94959710219951,53.94959710219951
115215,5.0,32.71514350105437,27.71514350105437
115378,61.0,54.94959710219951,-6.050402897800488
115476,54.0,54.94959710219951,0.9495971021995118
115486,26.0,54.94959710219951,28.94959710219951
115507,25.0,33.315439062121,8.315439062121001
115604,30.0,54.94959710219951,24.94959710219951
115613,51.0,54.94959710219951,3.9495971021995118
115760,40.0,54.94959710219951,14.949597102199512
115794,5.0,54.94959710219951,49.94959710219951
115834,27.0,54.94959710219951,27.94959710219951
115859,20.0,54.94959710219951,34.94959710219951
115894,47.0,54.94959710219951,7.949597102199512
115898,41.0,54.94959710219951,13.949597102199512
115906,48.0,54.94959710219951,6.949597102199512
115911,5.0,54.94959710219951,49.94959710219951
115979,36.0,54.94959710219951,18.94959710219951
116038,48.0,54.94959710219951,6.949597102199512
116089,5.0,54.94959710219951,49.94959710219951
116105,26.0,54.94959710219951,28.94959710219951
116286,33.0,54.94959710219951,21.94959710219951
116333,12.0,54.94959710219951,42.94959710219951
116383,4.0,54.94959710219951,50.94959710219951
116409,29.0,33.315439062121,4.315439062121001
116428,47.0,54.94959710219951,7.949597102199512
116523,25.0,54.94959710219951,29.94959710219951
116546,3.0,54.94959710219951,51.94959710219951
116606,0.0,54.94959710219951,54.94959710219951
116607,49.0,54.94959710219951,5.949597102199512
116635,4.0,54.94959710219951,50.94959710219951
116681,62.0,54.94959710219951,-7.050402897800488
116766,26.0,54.94959710219951,28.94959710219951
116821,28.0,32.71514350105437,4.715143501054371
116831,43.0,54.94959710219951,11.949597102199512
116834,5.0,54.94959710219951,49.94959710219951
116978,28.0,33.315439062121,5.315439062121001
116992,5.0,54.94959710219951,49.94959710219951
117077,60.0,54.94959710219951,-5.050402897800488
117131,25.0,54.94959710219951,29.94959710219951
117200,47.0,54.94959710219951,7.949597102199512
117275,34.0,54.94959710219951,20.94959710219951
117471,0.0,54.94959710219951,54.94959710219951
117536,34.0,54.94959710219951,20.94959710219951
117631,34.0,54.94959710219951,20.94959710219951
117689,42.0,54.94959710219951,12.949597102199512
117711,55.0,54.94959710219951,-0.05040289780048823
117829,60.0,54.94959710219951,-5.050402897800488
117922,92.0,54.94959710219951,-37.05040289780049
117924,40.0,54.94959710219951,14.949597102199512
117948,41.0,54.94959710219951,13.949597102199512
118065,53.0,54.94959710219951,1.9495971021995118
118169,5.0,54.94959710219951,49.94959710219951
118206,21.0,54.94959710219951,33.94959710219951
118252,5.0,54.94959710219951,49.94959710219951
118331,26.0,33.315439062121,7.315439062121001
118446,47.0,54.94959710219951,7.949597102199512
118479,58.0,54.94959710219951,-3.0504028978004882
118538,58.0,54.94959710219951,-3.0504028978004882
118714,25.0,33.315439062121,8.315439062121001
118749,33.0,54.94959710219951,21.94959710219951
118767,5.0,54.94959710219951,49.94959710219951
118846,17.0,33.315439062121,16.315439062121
119133,41.0,54.94959710219951,13.949597102199512
119167,6.0,54.94959710219951,48.94959710219951
119204,42.0,54.94959710219951,12.949597102199512
119338,19.0,54.94959710219951,35.94959710219951
119343,45.0,54.94959710219951,9.949597102199512
119368,58.0,54.94959710219951,-3.0504028978004882
119467,40.0,54.94959710219951,14.949597102199512
119534,24.0,33.315439062121,9.315439062121001
119687,26.0,54.94959710219951,28.94959710219951
119696,5.0,54.94959710219951,49.94959710219951
119804,30.0,54.94959710219951,24.94959710219951
119809,28.0,54.94959710219951,26.94959710219951
119857,5.0,54.94959710219951,49.94959710219951
119926,40.0,54.94959710219951,14.949597102199512
119928,1.0,54.94959710219951,53.94959710219951
119961,19.0,54.94959710219951,35.94959710219951
120012,31.0,54.94959710219951,23.94959710219951
120124,64.0,54.94959710219951,-9.050402897800488
120172,54.0,54.94959710219951,0.9495971021995118
120187,23.0,33.315439062121,10.315439062121001
120271,59.0,54.94959710219951,-4.050402897800488
120308,45.0,54.94959710219951,9.949597102199512
120482,61.0,54.94959710219951,-6.050402897800488
120539,2.0,54.94959710219951,52.94959710219951
120613,5.0,32.71514350105437,27.71514350105437
120693,6.0,54.94959710219951,48.94959710219951
120754,48.0,54.94959710219951,6.949597102199512
120835,59.0,54.94959710219951,-4.050402897800488
120854,21.0,54.94959710219951,33.94959710219951
120966,38.0,54.94959710219951,16.94959710219951
121274,0.0,54.94959710219951,54.94959710219951
121322,25.0,33.315439062121,8.315439062121001
121482,32.0,54.94959710219951,22.94959710219951
121484,49.0,33.315439062121,-15.684560937878999
121570,20.0,54.94959710219951,34.94959710219951
121578,33.0,54.94959710219951,21.94959710219951
121612,23.0,54.94959710219951,31.94959710219951
121634,5.0,54.94959710219951,49.94959710219951
121682,34.0,33.315439062121,-0.6845609378789987
121688,20.0,54.94959710219951,34.94959710219951
121769,28.0,54.94959710219951,26.94959710219951
121844,49.0,54.94959710219951,5.949597102199512
121848,26.0,33.315439062121,7.315439062121001
121921,5.0,32.71514350105437,27.71514350105437
121976,32.0,54.94959710219951,22.94959710219951
122074,22.0,33.315439062121,11.315439062121001
122109,28.0,54.94959710219951,26.94959710219951
122157,15.0,32.71514350105437,17.71514350105437
122215,38.0,54.94959710219951,16.94959710219951
122269,27.0,54.94959710219951,27.94959710219951
122279,44.0,54.94959710219951,10.949597102199512
122396,31.0,54.94959710219951,23.94959710219951
122423,25.0,33.315439062121,8.315439062121001
122494,40.0,54.94959710219951,14.949597102199512
122717,4.0,54.94959710219951,50.94959710219951
122773,5.0,32.71514350105437,27.71514350105437
122885,33.0,33.315439062121,0.31543906212100126
122898,7.0,54.94959710219951,47.94959710219951
122932,19.0,33.315439062121,14.315439062121001
122984,6.0,54.94959710219951,48.94959710219951
123088,55.0,54.94959710219951,-0.05040289780048823
123149,29.0,54.94959710219951,25.94959710219951
123322,25.0,33.315439062121,8.315439062121001
123350,58.0,54.94959710219951,-3.0504028978004882
123378,40.0,54.94959710219951,14.949597102199512
123428,4.0,54.94959710219951,50.94959710219951
123436,8.0,33.315439062121,25.315439062121
123544,58.0,54.94959710219951,-3.0504028978004882
123565,26.0,54.94959710219951,28.94959710219951
123571,46.0,54.94959710219951,8.949597102199512
123613,60.0,54.94959710219951,-5.050402897800488
123653,2.0,54.94959710219951,52.94959710219951
123664,65.0,54.94959710219951,-10.050402897800488
123684,5.0,54.94959710219951,49.94959710219951
123690,13.0,54.94959710219951,41.94959710219951
123826,1.0,54.94959710219951,53.94959710219951
123900,33.0,54.94959710219951,21.94959710219951
124065,24.0,33.315439062121,9.315439062121001
124163,26.0,54.94959710219951,28.94959710219951
124246,24.0,33.315439062121,9.315439062121001
124250,11.0,54.94959710219951,43.94959710219951
124322,12.0,54.94959710219951,42.94959710219951
124360,43.0,54.94959710219951,11.949597102199512
124438,51.0,54.94959710219951,3.9495971021995118
124476,40.0,54.94959710219951,14.949597102199512
124511,58.0,54.94959710219951,-3.0504028978004882
124539,43.0,54.94959710219951,11.949597102199512
124606,7.0,54.94959710219951,47.94959710219951
124765,27.0,54.94959710219951,27.94959710219951
124794,68.0,54.94959710219951,-13.050402897800488
124882,54.0,54.94959710219951,0.9495971021995118
124911,55.0,54.94959710219951,-0.05040289780048823
124917,11.0,54.94959710219951,43.94959710219951
124935,49.0,33.315439062121,-15.684560937878999
124957,37.0,54.94959710219951,17.94959710219951
124969,61.0,54.94959710219951,-6.050402897800488
124972,12.0,54.94959710219951,42.94959710219951
125139,58.0,54.94959710219951,-3.0504028978004882
125196,60.0,54.94959710219951,-5.050402897800488
125245,47.0,54.94959710219951,7.949597102199512
125331,18.0,54.94959710219951,36.94959710219951
125466,5.0,54.94959710219951,49.94959710219951
125495,50.0,33.315439062121,-16.684560937879
125591,26.0,33.315439062121,7.315439062121001
125595,29.0,54.94959710219951,25.94959710219951
125633,26.0,33.315439062121,7.315439062121001
125664,29.0,54.94959710219951,25.94959710219951
125734,34.0,33.315439062121,-0.6845609378789987
125799,31.0,32.71514350105437,1.7151435010543707
125818,54.0,54.94959710219951,0.9495971021995118
125822,9.0,32.71514350105437,23.71514350105437
125831,31.0,54.94959710219951,23.94959710219951
125879,53.0,54.94959710219951,1.9495971021995118
125961,47.0,54.94959710219951,7.949597102199512
125997,5.0,54.94959710219951,49.94959710219951
126003,32.0,54.94959710219951,22.94959710219951
126036,4.0,54.94959710219951,50.94959710219951
126075,49.0,33.315439062121,-15.684560937878999
126116,56.0,54.94959710219951,-1.0504028978004882
126186,13.0,54.94959710219951,41.94959710219951
126365,53.0,54.94959710219951,1.9495971021995118
126416,39.0,54.94959710219951,15.949597102199512
126423,60.0,54.94959710219951,-5.050402897800488
126435,40.0,54.94959710219951,14.949597102199512
126465,26.0,33.315439062121,7.315439062121001
126491,55.0,54.94959710219951,-0.05040289780048823
126559,40.0,54.94959710219951,14.949597102199512
126569,37.0,54.94959710219951,17.94959710219951
126588,6.0,54.94959710219951,48.94959710219951
126612,59.0,54.94959710219951,-4.050402897800488
126630,47.0,54.94959710219951,7.949597102199512
126913,4.0,32.71514350105437,28.71514350105437
127001,29.0,54.94959710219951,25.94959710219951
127351,29.0,54.94959710219951,25.94959710219951
127352,15.0,32.71514350105437,17.71514350105437
127392,28.0,54.94959710219951,26.94959710219951
127445,54.0,54.94959710219951,0.9495971021995118
127452,60.0,54.94959710219951,-5.050402897800488
127455,11.0,54.94959710219951,43.94959710219951
127632,59.0,54.94959710219951,-4.050402897800488
127633,54.0,54.94959710219951,0.9495971021995118
127709,27.0,33.315439062121,6.315439062121001
127880,44.0,54.94959710219951,10.949597102199512
127945,56.0,54.94959710219951,-1.0504028978004882
128023,46.0,54.94959710219951,8.949597102199512
128025,2.0,54.94959710219951,52.94959710219951
128058,4.0,32.71514350105437,28.71514350105437
128145,26.0,33.315439062121,7.315439062121001
128256,19.0,32.71514350105437,13.71514350105437
128303,5.0,54.94959710219951,49.94959710219951
128368,10.0,54.94959710219951,44.94959710219951
128483,5.0,54.94959710219951,49.94959710219951
128484,38.0,54.94959710219951,16.94959710219951
128738,60.0,54.94959710219951,-5.050402897800488
128754,11.0,54.94959710219951,43.94959710219951
128765,19.0,54.94959710219951,35.94959710219951
128822,42.0,54.94959710219951,12.949597102199512
129081,5.0,54.94959710219951,49.94959710219951
129085,26.0,54.94959710219951,28.94959710219951
129097,46.0,54.94959710219951,8.949597102199512
129117,45.0,33.315439062121,-11.684560937878999
129198,5.0,32.71514350105437,27.71514350105437
129207,1.0,54.94959710219951,53.94959710219951
129317,40.0,54.94959710219951,14.949597102199512
129331,26.0,54.94959710219951,28.94959710219951
129674,47.0,54.94959710219951,7.949597102199512
129697,27.0,54.94959710219951,27.94959710219951
129788,18.0,54.94959710219951,36.94959710219951
129794,56.0,54.94959710219951,-1.0504028978004882
129819,26.0,54.94959710219951,28.94959710219951
129823,60.0,54.94959710219951,-5.050402897800488
129829,5.0,54.94959710219951,49.94959710219951
129862,38.0,54.94959710219951,16.94959710219951
129907,27.0,33.315439062121,6.315439062121001
129923,54.0,54.94959710219951,0.9495971021995118
130007,81.0,54.94959710219951,-26.05040289780049
130069,10.0,32.71514350105437,22.71514350105437
130098,6.0,54.94959710219951,48.94959710219951
130140,27.0,33.315439062121,6.315439062121001
130141,11.0,54.94959710219951,43.94959710219951
130142,27.0,54.94959710219951,27.94959710219951
130198,2.0,54.94959710219951,52.94959710219951
130214,40.0,54.94959710219951,14.949597102199512
130230,42.0,54.94959710219951,12.949597102199512
130267,55.0,54.94959710219951,-0.05040289780048823
130307,19.0,32.71514350105437,13.71514350105437
130342,30.0,54.94959710219951,24.94959710219951
130359,5.0,54.94959710219951,49.94959710219951
130479,24.0,33.315439062121,9.315439062121001
130487,5.0,54.94959710219951,49.94959710219951
130536,46.0,54.94959710219951,8.949597102199512
130597,24.0,33.315439062121,9.315439062121001
130671,62.0,54.94959710219951,-7.050402897800488
130779,32.0,54.94959710219951,22.94959710219951
130956,45.0,54.94959710219951,9.949597102199512
130972,58.0,54.94959710219951,-3.0504028978004882
131041,60.0,54.94959710219951,-5.050402897800488
131097,54.0,54.94959710219951,0.9495971021995118
131098,26.0,33.315439062121,7.315439062121001
131128,27.0,33.315439062121,6.315439062121001
131207,5.0,32.71514350105437,27.71514350105437
131310,5.0,33.315439062121,28.315439062121
131726,19.0,54.94959710219951,35.94959710219951
131885,0.0,54.94959710219951,54.94959710219951
131998,59.0,54.94959710219951,-4.050402897800488
132008,59.0,54.94959710219951,-4.050402897800488
132116,2.0,54.94959710219951,52.94959710219951
132159,5.0,54.94959710219951,49.94959710219951
132190,47.0,54.94959710219951,7.949597102199512
132216,12.0,54.94959710219951,42.94959710219951
132334,4.0,54.94959710219951,50.94959710219951
132355,43.0,54.94959710219951,11.949597102199512
132369,34.0,54.94959710219951,20.94959710219951
132446,40.0,54.94959710219951,14.949597102199512
132480,5.0,54.94959710219951,49.94959710219951
132539,34.0,54.94959710219951,20.94959710219951
132566,13.0,54.94959710219951,41.94959710219951
132718,27.0,54.94959710219951,27.94959710219951
132805,65.0,54.94959710219951,-10.050402897800488
132817,5.0,54.94959710219951,49.94959710219951
132951,6.0,54.94959710219951,48.94959710219951
132978,37.0,54.94959710219951,17.94959710219951
132997,40.0,54.94959710219951,14.949597102199512
133231,1.0,54.94959710219951,53.94959710219951
133371,60.0,54.94959710219951,-5.050402897800488
133550,2.0,54.94959710219951,52.94959710219951
133636,6.0,32.71514350105437,26.71514350105437
133652,39.0,54.94959710219951,15.949597102199512
133720,0.0,54.94959710219951,54.94959710219951
133739,31.0,54.94959710219951,23.94959710219951
133873,21.0,54.94959710219951,33.94959710219951
133919,26.0,54.94959710219951,28.94959710219951
134022,5.0,54.94959710219951,49.94959710219951
134110,11.0,32.71514350105437,21.71514350105437
134222,47.0,33.315439062121,-13.684560937878999
134240,6.0,54.94959710219951,48.94959710219951
134272,34.0,33.315439062121,-0.6845609378789987
134321,16.0,54.94959710219951,38.94959710219951
134339,27.0,54.94959710219951,27.94959710219951
134358,9.0,54.94959710219951,45.94959710219951
134461,28.0,54.94959710219951,26.94959710219951
134491,53.0,54.94959710219951,1.9495971021995118
134495,54.0,54.94959710219951,0.9495971021995118
134511,47.0,54.94959710219951,7.949597102199512
134631,54.0,54.94959710219951,0.9495971021995118
134661,48.0,54.94959710219951,6.949597102199512
134694,4.0,54.94959710219951,50.94959710219951
134706,12.0,54.94959710219951,42.94959710219951
134722,9.0,54.94959710219951,45.94959710219951
134742,5.0,54.94959710219951,49.94959710219951
134754,19.0,32.71514350105437,13.71514350105437
134848,58.0,54.94959710219951,-3.0504028978004882
134983,5.0,54.94959710219951,49.94959710219951
135010,33.0,54.94959710219951,21.94959710219951
135063,23.0,54.94959710219951,31.94959710219951
135175,36.0,54.94959710219951,18.94959710219951
135238,7.0,54.94959710219951,47.94959710219951
135302,54.0,54.94959710219951,0.9495971021995118
135377,5.0,54.94959710219951,49.94959710219951
135400,12.0,32.71514350105437,20.71514350105437
135429,72.0,54.94959710219951,-17.05040289780049
135519,0.0,54.94959710219951,54.94959710219951
135584,56.0,54.94959710219951,-1.0504028978004882
135726,57.0,54.94959710219951,-2.0504028978004882
135746,59.0,32.71514350105437,-26.28485649894563
135859,5.0,54.94959710219951,49.94959710219951
135926,56.0,54.94959710219951,-1.0504028978004882
136123,28.0,33.315439062121,5.315439062121001
136151,56.0,54.94959710219951,-1.0504028978004882
136154,82.0,54.94959710219951,-27.05040289780049
136164,37.0,54.94959710219951,17.94959710219951
136229,39.0,54.94959710219951,15.949597102199512
136291,54.0,54.94959710219951,0.9495971021995118
136369,43.0,54.94959710219951,11.949597102199512
136414,54.0,54.94959710219951,0.9495971021995118
136437,24.0,33.315439062121,9.315439062121001
136464,42.0,54.94959710219951,12.949597102199512
136491,40.0,54.94959710219951,14.949597102199512
136531,5.0,54.94959710219951,49.94959710219951
136617,12.0,54.94959710219951,42.94959710219951
136618,6.0,54.94959710219951,48.94959710219951
136644,17.0,54.94959710219951,37.94959710219951
136646,27.0,33.315439062121,6.315439062121001
136678,40.0,54.94959710219951,14.949597102199512
136817,58.0,54.94959710219951,-3.0504028978004882
136867,60.0,54.94959710219951,-5.050402897800488
136870,18.0,54.94959710219951,36.94959710219951
136881,44.0,54.94959710219951,10.949597102199512
136883,54.0,54.94959710219951,0.9495971021995118
136949,12.0,54.94959710219951,42.94959710219951
137014,42.0,54.94959710219951,12.949597102199512
137093,5.0,54.94959710219951,49.94959710219951
137100,24.0,33.315439062121,9.315439062121001
137119,39.0,54.94959710219951,15.949597102199512
137188,58.0,54.94959710219951,-3.0504028978004882
137239,9.0,54.94959710219951,45.94959710219951
137255,23.0,33.315439062121,10.315439062121001
137277,33.0,54.94959710219951,21.94959710219951
137286,25.0,33.315439062121,8.315439062121001
137357,32.0,54.94959710219951,22.94959710219951
137406,12.0,32.71514350105437,20.71514350105437
137422,58.0,54.94959710219951,-3.0504028978004882
137440,54.0,54.94959710219951,0.9495971021995118
137452,44.0,54.94959710219951,10.949597102199512
137518,54.0,54.94959710219951,0.9495971021995118
137532,59.0,54.94959710219951,-4.050402897800488
137542,46.0,54.94959710219951,8.949597102199512
137630,3.0,54.94959710219951,51.94959710219951
137798,26.0,33.315439062121,7.315439062121001
137840,61.0,54.94959710219951,-6.050402897800488
137843,10.0,54.94959710219951,44.94959710219951
137886,41.0,54.94959710219951,13.949597102199512
138003,44.0,54.94959710219951,10.949597102199512
138194,40.0,54.94959710219951,14.949597102199512
138269,46.0,54.94959710219951,8.949597102199512
138329,46.0,54.94959710219951,8.949597102199512
138366,26.0,54.94959710219951,28.94959710219951
138370,59.0,54.94959710219951,-4.050402897800488
138393,33.0,54.94959710219951,21.94959710219951
138395,1.0,54.94959710219951,53.94959710219951
138432,43.0,54.94959710219951,11.949597102199512
138507,47.0,54.94959710219951,7.949597102199512
138536,0.0,54.94959710219951,54.94959710219951
138619,18.0,54.94959710219951,36.94959710219951
138691,59.0,54.94959710219951,-4.050402897800488
138709,58.0,54.94959710219951,-3.0504028978004882
138962,50.0,54.94959710219951,4.949597102199512
139014,61.0,54.94959710219951,-6.050402897800488
139027,41.0,54.94959710219951,13.949597102199512
139031,59.0,54.94959710219951,-4.050402897800488
139088,40.0,54.94959710219951,14.949597102199512
139098,61.0,54.94959710219951,-6.050402897800488
139185,43.0,54.94959710219951,11.949597102199512
139328,47.0,54.94959710219951,7.949597102199512
139336,40.0,54.94959710219951,14.949597102199512
139448,2.0,54.94959710219951,52.94959710219951
139544,65.0,54.94959710219951,-10.050402897800488
139596,27.0,33.315439062121,6.315439062121001
139800,26.0,54.94959710219951,28.94959710219951
139865,58.0,54.94959710219951,-3.0504028978004882
139910,11.0,54.94959710219951,43.94959710219951
139993,48.0,54.94959710219951,6.949597102199512
140049,26.0,54.94959710219951,28.94959710219951
140065,60.0,54.94959710219951,-5.050402897800488
140224,34.0,54.94959710219951,20.94959710219951
140438,32.0,54.94959710219951,22.94959710219951
140439,59.0,54.94959710219951,-4.050402897800488
140450,15.0,54.94959710219951,39.94959710219951
140489,30.0,54.94959710219951,24.94959710219951
140529,4.0,54.94959710219951,50.94959710219951
140701,57.0,54.94959710219951,-2.0504028978004882
140847,7.0,54.94959710219951,47.94959710219951
140854,60.0,54.94959710219951,-5.050402897800488
140863,3.0,54.94959710219951,51.94959710219951
140885,38.0,54.94959710219951,16.94959710219951
140902,33.0,54.94959710219951,21.94959710219951
140904,5.0,54.94959710219951,49.94959710219951
140931,61.0,54.94959710219951,-6.050402897800488
140943,41.0,54.94959710219951,13.949597102199512
140958,19.0,54.94959710219951,35.94959710219951
141100,61.0,54.94959710219951,-6.050402897800488
141156,58.0,54.94959710219951,-3.0504028978004882
141215,1.0,54.94959710219951,53.94959710219951
141251,41.0,54.94959710219951,13.949597102199512
141296,41.0,54.94959710219951,13.949597102199512
141300,40.0,54.94959710219951,14.949597102199512
141344,55.0,54.94959710219951,-0.05040289780048823
141401,23.0,33.315439062121,10.315439062121001
141540,38.0,54.94959710219951,16.94959710219951
141607,2.0,54.94959710219951,52.94959710219951
141640,3.0,54.94959710219951,51.94959710219951
141732,28.0,33.315439062121,5.315439062121001
141736,21.0,54.94959710219951,33.94959710219951
141773,27.0,33.315439062121,6.315439062121001
141825,48.0,54.94959710219951,6.949597102199512
141859,2.0,54.94959710219951,52.94959710219951
141874,59.0,54.94959710219951,-4.050402897800488
141909,27.0,33.315439062121,6.315439062121001
141948,33.0,54.94959710219951,21.94959710219951
141949,10.0,54.94959710219951,44.94959710219951
142006,62.0,54.94959710219951,-7.050402897800488
142145,33.0,54.94959710219951,21.94959710219951
142233,56.0,54.94959710219951,-1.0504028978004882
142315,40.0,54.94959710219951,14.949597102199512
142336,61.0,54.94959710219951,-6.050402897800488
142403,0.0,54.94959710219951,54.94959710219951
142413,5.0,54.94959710219951,49.94959710219951
142419,41.0,54.94959710219951,13.949597102199512
142448,59.0,54.94959710219951,-4.050402897800488
142450,49.0,54.94959710219951,5.949597102199512
142665,26.0,33.315439062121,7.315439062121001
142762,52.0,54.94959710219951,2.9495971021995118
142776,46.0,54.94959710219951,8.949597102199512
142832,61.0,54.94959710219951,-6.050402897800488
143019,140.0,54.94959710219951,-85.0504028978005
143027,1.0,54.94959710219951,53.94959710219951
143031,5.0,54.94959710219951,49.94959710219951
143169,27.0,54.94959710219951,27.94959710219951
143246,47.0,54.94959710219951,7.949597102199512
143259,5.0,54.94959710219951,49.94959710219951
143263,46.0,54.94959710219951,8.949597102199512
143334,84.0,54.94959710219951,-29.05040289780049
143357,38.0,54.94959710219951,16.94959710219951
143402,2.0,54.94959710219951,52.94959710219951
143462,25.0,33.315439062121,8.315439062121001
143718,12.0,32.71514350105437,20.71514350105437
143762,20.0,54.94959710219951,34.94959710219951
143887,37.0,54.94959710219951,17.94959710219951
143888,1.0,54.94959710219951,53.94959710219951
143972,63.0,54.94959710219951,-8.050402897800488
144011,37.0,54.94959710219951,17.94959710219951
144182,12.0,54.94959710219951,42.94959710219951
144348,56.0,54.94959710219951,-1.0504028978004882
144506,61.0,54.94959710219951,-6.050402897800488
144524,56.0,54.94959710219951,-1.0504028978004882
144526,24.0,33.315439062121,9.315439062121001
144539,42.0,54.94959710219951,12.949597102199512
144563,4.0,54.94959710219951,50.94959710219951
144592,32.0,54.94959710219951,22.94959710219951
144624,0.0,54.94959710219951,54.94959710219951
144711,2.0,54.94959710219951,52.94959710219951
144755,46.0,54.94959710219951,8.949597102199512
144942,40.0,54.94959710219951,14.949597102199512
144954,12.0,54.94959710219951,42.94959710219951
145063,41.0,54.94959710219951,13.949597102199512
145086,25.0,54.94959710219951,29.94959710219951
145121,27.0,33.315439062121,6.315439062121001
145167,60.0,54.94959710219951,-5.050402897800488
145192,30.0,54.94959710219951,24.94959710219951
145200,34.0,33.315439062121,-0.6845609378789987
145207,56.0,54.94959710219951,-1.0504028978004882
145208,4.0,54.94959710219951,50.94959710219951
145358,40.0,54.94959710219951,14.949597102199512
145363,26.0,33.315439062121,7.315439062121001
145400,59.0,54.94959710219951,-4.050402897800488
145402,4.0,54.94959710219951,50.94959710219951
145575,32.0,54.94959710219951,22.94959710219951
145584,59.0,54.94959710219951,-4.050402897800488
145735,45.0,54.94959710219951,9.949597102199512
145777,7.0,54.94959710219951,47.94959710219951
145836,46.0,54.94959710219951,8.949597102199512
145875,57.0,54.94959710219951,-2.0504028978004882
145918,31.0,54.94959710219951,23.94959710219951
145983,54.0,54.94959710219951,0.9495971021995118
146045,44.0,54.94959710219951,10.949597102199512
146076,42.0,54.94959710219951,12.949597102199512
146089,28.0,54.94959710219951,26.94959710219951
146318,44.0,54.94959710219951,10.949597102199512
146329,13.0,54.94959710219951,41.94959710219951
146369,5.0,32.71514350105437,27.71514350105437
146461,30.0,54.94959710219951,24.94959710219951
146530,51.0,54.94959710219951,3.9495971021995118
146612,34.0,54.94959710219951,20.94959710219951
146687,5.0,54.94959710219951,49.94959710219951
147056,19.0,32.71514350105437,13.71514350105437
147093,58.0,54.94959710219951,-3.0504028978004882
147173,26.0,54.94959710219951,28.94959710219951
147221,27.0,54.94959710219951,27.94959710219951
147223,60.0,32.71514350105437,-27.28485649894563
147297,82.0,54.94959710219951,-27.05040289780049
147307,26.0,33.315439062121,7.315439062121001
147352,34.0,54.94959710219951,20.94959710219951
147409,25.0,33.315439062121,8.315439062121001
147480,26.0,54.94959710219951,28.94959710219951
147720,13.0,54.94959710219951,41.94959710219951
147743,33.0,54.94959710219951,21.94959710219951
147818,40.0,54.94959710219951,14.949597102199512
147821,20.0,54.94959710219951,34.94959710219951
147839,58.0,54.94959710219951,-3.0504028978004882
147842,13.0,54.94959710219951,41.94959710219951
147912,43.0,54.94959710219951,11.949597102199512
147986,59.0,54.94959710219951,-4.050402897800488
148017,5.0,54.94959710219951,49.94959710219951
148147,34.0,54.94959710219951,20.94959710219951
148206,1.0,54.94959710219951,53.94959710219951
148277,5.0,54.94959710219951,49.94959710219951
148320,5.0,54.94959710219951,49.94959710219951
148426,29.0,54.94959710219951,25.94959710219951
148451,54.0,54.94959710219951,0.9495971021995118
148535,40.0,54.94959710219951,14.949597102199512
148580,18.0,32.71514350105437,14.71514350105437
148587,4.0,32.71514350105437,28.71514350105437
148594,17.0,54.94959710219951,37.94959710219951
148655,25.0,33.315439062121,8.315439062121001
148663,30.0,54.94959710219951,24.94959710219951
148689,8.0,33.315439062121,25.315439062121
148937,55.0,54.94959710219951,-0.05040289780048823
149176,41.0,33.315439062121,-7.684560937878999
149265,27.0,33.315439062121,6.315439062121001
149347,40.0,54.94959710219951,14.949597102199512
149371,112.0,54.94959710219951,-57.05040289780049
149516,13.0,32.71514350105437,19.71514350105437
149563,40.0,54.94959710219951,14.949597102199512
149571,24.0,33.315439062121,9.315439062121001
149627,43.0,54.94959710219951,11.949597102199512
149744,9.0,54.94959710219951,45.94959710219951
149875,54.0,54.94959710219951,0.9495971021995118
149933,1.0,54.94959710219951,53.94959710219951
150124,25.0,33.315439062121,8.315439062121001
150190,31.0,54.94959710219951,23.94959710219951
150269,62.0,54.94959710219951,-7.050402897800488
150326,64.0,54.94959710219951,-9.050402897800488
150370,61.0,54.94959710219951,-6.050402897800488
150406,148.0,54.94959710219951,-93.0504028978005
150457,55.0,54.94959710219951,-0.05040289780048823
150638,8.0,54.94959710219951,46.94959710219951
150721,1.0,54.94959710219951,53.94959710219951
150927,7.0,54.94959710219951,47.94959710219951
150983,27.0,33.315439062121,6.315439062121001
151036,42.0,33.315439062121,-8.684560937878999
151048,41.0,54.94959710219951,13.949597102199512
151167,41.0,54.94959710219951,13.949597102199512
151181,46.0,54.94959710219951,8.949597102199512
151502,62.0,54.94959710219951,-7.050402897800488
151673,40.0,54.94959710219951,14.949597102199512
151744,12.0,32.71514350105437,20.71514350105437
151799,20.0,32.71514350105437,12.71514350105437
151817,1.0,54.94959710219951,53.94959710219951
151828,26.0,54.94959710219951,28.94959710219951
151933,58.0,54.94959710219951,-3.0504028978004882
151942,74.0,54.94959710219951,-19.05040289780049
151959,4.0,54.94959710219951,50.94959710219951
152048,0.0,54.94959710219951,54.94959710219951
152065,54.0,54.94959710219951,0.9495971021995118
152150,37.0,54.94959710219951,17.94959710219951
152445,42.0,54.94959710219951,12.949597102199512
152536,6.0,54.94959710219951,48.94959710219951
152694,46.0,54.94959710219951,8.949597102199512
152700,43.0,54.94959710219951,11.949597102199512
152713,54.0,54.94959710219951,0.9495971021995118
152729,13.0,54.94959710219951,41.94959710219951
152750,2.0,54.94959710219951,52.94959710219951
152830,42.0,54.94959710219951,12.949597102199512
152972,27.0,54.94959710219951,27.94959710219951
153000,54.0,54.94959710219951,0.9495971021995118
153026,40.0,54.94959710219951,14.949597102199512
153040,54.0,54.94959710219951,0.9495971021995118
153058,27.0,33.315439062121,6.315439062121001
153094,47.0,54.94959710219951,7.949597102199512
153100,11.0,54.94959710219951,43.94959710219951
153186,5.0,54.94959710219951,49.94959710219951
153279,53.0,54.94959710219951,1.9495971021995118
153286,1.0,54.94959710219951,53.94959710219951
153338,38.0,54.94959710219951,16.94959710219951
153527,19.0,54.94959710219951,35.94959710219951
153588,39.0,54.94959710219951,15.949597102199512
153815,19.0,32.71514350105437,13.71514350105437
153971,42.0,54.94959710219951,12.949597102199512
154030,29.0,33.315439062121,4.315439062121001
154066,5.0,54.94959710219951,49.94959710219951
154067,59.0,54.94959710219951,-4.050402897800488
154127,0.0,54.94959710219951,54.94959710219951
154195,1.0,54.94959710219951,53.94959710219951
154275,30.0,54.94959710219951,24.94959710219951
154319,40.0,54.94959710219951,14.949597102199512
154437,4.0,54.94959710219951,50.94959710219951
154463,16.0,54.94959710219951,38.94959710219951
154477,5.0,54.94959710219951,49.94959710219951
154514,52.0,54.94959710219951,2.9495971021995118
154569,62.0,54.94959710219951,-7.050402897800488
154639,23.0,33.315439062121,10.315439062121001
154661,31.0,54.94959710219951,23.94959710219951
154695,29.0,33.315439062121,4.315439062121001
154813,5.0,54.94959710219951,49.94959710219951
154922,58.0,54.94959710219951,-3.0504028978004882
154973,5.0,54.94959710219951,49.94959710219951
155056,26.0,33.315439062121,7.315439062121001
155106,40.0,54.94959710219951,14.949597102199512
155172,39.0,54.94959710219951,15.949597102199512
155232,60.0,54.94959710219951,-5.050402897800488
155253,42.0,54.94959710219951,12.949597102199512
155546,46.0,54.94959710219951,8.949597102199512
155553,28.0,54.94959710219951,26.94959710219951
155578,19.0,54.94959710219951,35.94959710219951
155593,58.0,54.94959710219951,-3.0504028978004882
155632,54.0,54.94959710219951,0.9495971021995118
155658,12.0,54.94959710219951,42.94959710219951
155751,49.0,54.94959710219951,5.949597102199512
155802,44.0,54.94959710219951,10.949597102199512
155837,19.0,54.94959710219951,35.94959710219951
155910,61.0,54.94959710219951,-6.050402897800488
155953,58.0,54.94959710219951,-3.0504028978004882
155999,61.0,54.94959710219951,-6.050402897800488
156033,59.0,54.94959710219951,-4.050402897800488
156050,54.0,54.94959710219951,0.9495971021995118
156171,22.0,54.94959710219951,32.94959710219951
156186,64.0,54.94959710219951,-9.050402897800488
156231,58.0,54.94959710219951,-3.0504028978004882
156273,60.0,54.94959710219951,-5.050402897800488
156630,59.0,54.94959710219951,-4.050402897800488
156713,34.0,33.315439062121,-0.6845609378789987
156723,69.0,54.94959710219951,-14.050402897800488
156727,40.0,54.94959710219951,14.949597102199512
156822,61.0,54.94959710219951,-6.050402897800488
156845,56.0,54.94959710219951,-1.0504028978004882
157075,1.0,54.94959710219951,53.94959710219951
157092,44.0,54.94959710219951,10.949597102199512
157099,24.0,33.315439062121,9.315439062121001
157144,57.0,54.94959710219951,-2.0504028978004882
157206,32.0,33.315439062121,1.3154390621210013
157234,11.0,54.94959710219951,43.94959710219951
157329,5.0,54.94959710219951,49.94959710219951
157340,27.0,33.315439062121,6.315439062121001
157467,40.0,54.94959710219951,14.949597102199512
157617,56.0,54.94959710219951,-1.0504028978004882
157680,15.0,33.315439062121,18.315439062121
157927,1.0,54.94959710219951,53.94959710219951
158101,26.0,33.315439062121,7.315439062121001
158212,4.0,32.71514350105437,28.71514350105437
158252,30.0,54.94959710219951,24.94959710219951
158253,1.0,54.94959710219951,53.94959710219951
158297,23.0,54.94959710219951,31.94959710219951
158335,26.0,54.94959710219951,28.94959710219951
158379,60.0,54.94959710219951,-5.050402897800488
158482,6.0,54.94959710219951,48.94959710219951
158499,20.0,54.94959710219951,34.94959710219951
158517,5.0,54.94959710219951,49.94959710219951
158535,40.0,54.94959710219951,14.949597102199512
158586,23.0,33.315439062121,10.315439062121001
158706,2.0,54.94959710219951,52.94959710219951
158833,43.0,54.94959710219951,11.949597102199512
158888,11.0,54.94959710219951,43.94959710219951
158949,34.0,54.94959710219951,20.94959710219951
159015,7.0,54.94959710219951,47.94959710219951
159042,35.0,54.94959710219951,19.94959710219951
159046,94.0,54.94959710219951,-39.05040289780049
159197,47.0,54.94959710219951,7.949597102199512
159228,59.0,54.94959710219951,-4.050402897800488
159243,5.0,54.94959710219951,49.94959710219951
159314,52.0,54.94959710219951,2.9495971021995118
159321,58.0,54.94959710219951,-3.0504028978004882
159337,24.0,54.94959710219951,30.94959710219951
159431,54.0,54.94959710219951,0.9495971021995118
159580,44.0,54.94959710219951,10.949597102199512
159584,8.0,54.94959710219951,46.94959710219951
159625,27.0,33.315439062121,6.315439062121001
159633,64.0,54.94959710219951,-9.050402897800488
159841,62.0,54.94959710219951,-7.050402897800488
159913,61.0,54.94959710219951,-6.050402897800488
159998,8.0,54.94959710219951,46.94959710219951
160014,28.0,33.315439062121,5.315439062121001
160023,28.0,54.94959710219951,26.94959710219951
160152,5.0,54.94959710219951,49.94959710219951
160243,9.0,54.94959710219951,45.94959710219951
160264,24.0,33.315439062121,9.315439062121001
160386,40.0,54.94959710219951,14.949597102199512
160429,54.0,54.94959710219951,0.9495971021995118
160487,60.0,54.94959710219951,-5.050402897800488
160535,82.0,54.94959710219951,-27.05040289780049
160544,26.0,54.94959710219951,28.94959710219951
160571,61.0,54.94959710219951,-6.050402897800488
160594,33.0,54.94959710219951,21.94959710219951
160614,30.0,33.315439062121,3.3154390621210013
160714,58.0,54.94959710219951,-3.0504028978004882
160750,2.0,33.315439062121,31.315439062121
160854,60.0,54.94959710219951,-5.050402897800488
160876,5.0,32.71514350105437,27.71514350105437
160909,26.0,54.94959710219951,28.94959710219951
160914,4.0,54.94959710219951,50.94959710219951
160953,28.0,54.94959710219951,26.94959710219951
160995,50.0,54.94959710219951,4.949597102199512
161038,39.0,54.94959710219951,15.949597102199512
161120,5.0,54.94959710219951,49.94959710219951
161144,53.0,54.94959710219951,1.9495971021995118
161206,26.0,54.94959710219951,28.94959710219951
161220,88.0,54.94959710219951,-33.05040289780049
161305,36.0,54.94959710219951,18.94959710219951
161368,28.0,54.94959710219951,26.94959710219951
161438,61.0,54.94959710219951,-6.050402897800488
161529,33.0,54.94959710219951,21.94959710219951
161556,58.0,54.94959710219951,-3.0504028978004882
161608,4.0,54.94959710219951,50.94959710219951
161653,60.0,54.94959710219951,-5.050402897800488
161676,58.0,54.94959710219951,-3.0504028978004882
161687,35.0,54.94959710219951,19.94959710219951
161690,6.0,54.94959710219951,48.94959710219951
161738,7.0,54.94959710219951,47.94959710219951
161791,4.0,54.94959710219951,50.94959710219951
161861,40.0,54.94959710219951,14.949597102199512
161922,27.0,33.315439062121,6.315439062121001
161939,12.0,32.71514350105437,20.71514350105437
162237,1.0,54.94959710219951,53.94959710219951
162301,45.0,54.94959710219951,9.949597102199512
162367,60.0,54.94959710219951,-5.050402897800488
162371,1.0,54.94959710219951,53.94959710219951
162614,26.0,33.315439062121,7.315439062121001
162638,13.0,54.94959710219951,41.94959710219951
162652,6.0,54.94959710219951,48.94959710219951
162775,54.0,54.94959710219951,0.9495971021995118
162831,45.0,54.94959710219951,9.949597102199512
162998,4.0,32.71514350105437,28.71514350105437
163020,5.0,54.94959710219951,49.94959710219951
163134,36.0,54.94959710219951,18.94959710219951
163231,6.0,54.94959710219951,48.94959710219951
163276,45.0,54.94959710219951,9.949597102199512
163286,47.0,54.94959710219951,7.949597102199512
163458,37.0,33.315439062121,-3.6845609378789987
163638,47.0,54.94959710219951,7.949597102199512
163673,34.0,54.94959710219951,20.94959710219951
163798,33.0,54.94959710219951,21.94959710219951
163904,25.0,33.315439062121,8.315439062121001
164069,4.0,32.71514350105437,28.71514350105437
164089,36.0,54.94959710219951,18.94959710219951
164198,58.0,54.94959710219951,-3.0504028978004882
164229,4.0,54.94959710219951,50.94959710219951
164267,33.0,54.94959710219951,21.94959710219951
164286,5.0,32.71514350105437,27.71514350105437
164305,68.0,54.94959710219951,-13.050402897800488
164385,40.0,54.94959710219951,14.949597102199512
164460,12.0,54.94959710219951,42.94959710219951
164480,26.0,54.94959710219951,28.94959710219951
164505,28.0,32.71514350105437,4.715143501054371
164677,13.0,54.94959710219951,41.94959710219951
164712,30.0,33.315439062121,3.3154390621210013
164734,25.0,54.94959710219951,29.94959710219951
164741,64.0,54.94959710219951,-9.050402897800488
164782,15.0,54.94959710219951,39.94959710219951
164799,33.0,54.94959710219951,21.94959710219951
164942,5.0,54.94959710219951,49.94959710219951
164953,6.0,32.71514350105437,26.71514350105437
164967,48.0,54.94959710219951,6.949597102199512
165043,27.0,54.94959710219951,27.94959710219951
165143,40.0,54.94959710219951,14.949597102199512
165196,12.0,54.94959710219951,42.94959710219951
165494,26.0,54.94959710219951,28.94959710219951
165507,33.0,54.94959710219951,21.94959710219951
165538,38.0,54.94959710219951,16.94959710219951
165545,28.0,54.94959710219951,26.94959710219951
165587,29.0,54.94959710219951,25.94959710219951
165657,33.0,54.94959710219951,21.94959710219951
165701,60.0,54.94959710219951,-5.050402897800488
165720,44.0,54.94959710219951,10.949597102199512
165728,44.0,54.94959710219951,10.949597102199512
165733,6.0,54.94959710219951,48.94959710219951
165901,29.0,33.315439062121,4.315439062121001
166022,5.0,54.94959710219951,49.94959710219951
166024,3.0,33.315439062121,30.315439062121
166039,55.0,54.94959710219951,-0.05040289780048823
166042,60.0,54.94959710219951,-5.050402897800488
166047,30.0,54.94959710219951,24.94959710219951
166136,20.0,54.94959710219951,34.94959710219951
166185,59.0,54.94959710219951,-4.050402897800488
166217,47.0,54.94959710219951,7.949597102199512
166393,45.0,54.94959710219951,9.949597102199512
166433,19.0,54.94959710219951,35.94959710219951
166479,27.0,33.315439062121,6.315439062121001
166573,19.0,54.94959710219951,35.94959710219951
166622,60.0,54.94959710219951,-5.050402897800488
166652,6.0,54.94959710219951,48.94959710219951
166673,0.0,54.94959710219951,54.94959710219951
166678,27.0,54.94959710219951,27.94959710219951
166842,47.0,54.94959710219951,7.949597102199512
166893,26.0,32.71514350105437,6.715143501054371
166898,58.0,54.94959710219951,-3.0504028978004882
166916,31.0,33.315439062121,2.3154390621210013
167045,43.0,54.94959710219951,11.949597102199512
167137,11.0,54.94959710219951,43.94959710219951
167154,54.0,54.94959710219951,0.9495971021995118
167225,6.0,33.315439062121,27.315439062121
167236,26.0,54.94959710219951,28.94959710219951
167338,60.0,54.94959710219951,-5.050402897800488
167461,26.0,54.94959710219951,28.94959710219951
167484,60.0,54.94959710219951,-5.050402897800488
167533,40.0,54.94959710219951,14.949597102199512
167558,5.0,54.94959710219951,49.94959710219951
167593,25.0,33.315439062121,8.315439062121001
167628,27.0,33.315439062121,6.315439062121001
167656,56.0,33.315439062121,-22.684560937879
167712,36.0,54.94959710219951,18.94959710219951
167735,40.0,54.94959710219951,14.949597102199512
167956,48.0,33.315439062121,-14.684560937878999
168002,34.0,54.94959710219951,20.94959710219951
168030,43.0,54.94959710219951,11.949597102199512
168084,61.0,54.94959710219951,-6.050402897800488
168165,53.0,54.94959710219951,1.9495971021995118
168206,61.0,54.94959710219951,-6.050402897800488
168207,4.0,54.94959710219951,50.94959710219951
168244,5.0,54.94959710219951,49.94959710219951
168336,36.0,54.94959710219951,18.94959710219951
168424,54.0,54.94959710219951,0.9495971021995118
168622,11.0,54.94959710219951,43.94959710219951
168679,47.0,54.94959710219951,7.949597102199512
168686,63.0,54.94959710219951,-8.050402897800488
169012,6.0,54.94959710219951,48.94959710219951
169022,20.0,54.94959710219951,34.94959710219951
169269,82.0,54.94959710219951,-27.05040289780049
169294,27.0,33.315439062121,6.315439062121001
169317,39.0,54.94959710219951,15.949597102199512
169328,5.0,54.94959710219951,49.94959710219951
169370,13.0,54.94959710219951,41.94959710219951
169439,54.0,54.94959710219951,0.9495971021995118
169475,13.0,32.71514350105437,19.71514350105437
169480,48.0,54.94959710219951,6.949597102199512
169582,19.0,54.94959710219951,35.94959710219951
169593,45.0,54.94959710219951,9.949597102199512
169644,5.0,54.94959710219951,49.94959710219951
169670,24.0,33.315439062121,9.315439062121001
169672,58.0,54.94959710219951,-3.0504028978004882
169722,35.0,33.315439062121,-1.6845609378789987
169725,33.0,54.94959710219951,21.94959710219951
169737,13.0,54.94959710219951,41.94959710219951
169764,19.0,32.71514350105437,13.71514350105437
169768,5.0,54.94959710219951,49.94959710219951
169836,41.0,54.94959710219951,13.949597102199512
169947,53.0,54.94959710219951,1.9495971021995118
169968,10.0,54.94959710219951,44.94959710219951
169996,33.0,54.94959710219951,21.94959710219951
170018,28.0,33.315439062121,5.315439062121001
170027,28.0,54.94959710219951,26.94959710219951
170095,0.0,32.71514350105437,32.71514350105437
170115,33.0,54.94959710219951,21.94959710219951
170247,21.0,33.315439062121,12.315439062121001
170430,6.0,54.94959710219951,48.94959710219951
170446,40.0,54.94959710219951,14.949597102199512
170587,60.0,54.94959710219951,-5.050402897800488
170607,5.0,54.94959710219951,49.94959710219951
170613,31.0,54.94959710219951,23.94959710219951
170679,28.0,54.94959710219951,26.94959710219951
170683,29.0,33.315439062121,4.315439062121001
170701,28.0,54.94959710219951,26.94959710219951
170773,56.0,54.94959710219951,-1.0504028978004882
170786,43.0,54.94959710219951,11.949597102199512
171052,30.0,54.94959710219951,24.94959710219951
171137,61.0,54.94959710219951,-6.050402897800488
171175,44.0,54.94959710219951,10.949597102199512
171181,24.0,33.315439062121,9.315439062121001
171230,24.0,33.315439062121,9.315439062121001
171239,41.0,33.315439062121,-7.684560937878999
171241,8.0,54.94959710219951,46.94959710219951
171248,3.0,54.94959710219951,51.94959710219951
171414,24.0,33.315439062121,9.315439062121001
171418,60.0,54.94959710219951,-5.050402897800488
171462,65.0,54.94959710219951,-10.050402897800488
171537,59.0,54.94959710219951,-4.050402897800488
171563,61.0,54.94959710219951,-6.050402897800488
171579,22.0,33.315439062121,11.315439062121001
171658,50.0,54.94959710219951,4.949597102199512
171744,57.0,54.94959710219951,-2.0504028978004882
171754,12.0,54.94959710219951,42.94959710219951
171771,92.0,54.94959710219951,-37.05040289780049
171860,47.0,54.94959710219951,7.949597102199512
171863,11.0,54.94959710219951,43.94959710219951
171907,58.0,54.94959710219951,-3.0504028978004882
171932,11.0,32.71514350105437,21.71514350105437
171967,47.0,54.94959710219951,7.949597102199512
171995,48.0,54.94959710219951,6.949597102199512
172008,41.0,54.94959710219951,13.949597102199512
172103,62.0,54.94959710219951,-7.050402897800488
172118,4.0,54.94959710219951,50.94959710219951
172263,65.0,54.94959710219951,-10.050402897800488
172287,4.0,54.94959710219951,50.94959710219951
172309,40.0,54.94959710219951,14.949597102199512
172312,44.0,54.94959710219951,10.949597102199512
172399,40.0,54.94959710219951,14.949597102199512
172549,1.0,54.94959710219951,53.94959710219951
172558,5.0,54.94959710219951,49.94959710219951
172605,5.0,54.94959710219951,49.94959710219951
172673,40.0,54.94959710219951,14.949597102199512
172768,10.0,54.94959710219951,44.94959710219951
172775,42.0,54.94959710219951,12.949597102199512
172787,42.0,54.94959710219951,12.949597102199512
172847,16.0,33.315439062121,17.315439062121
172912,4.0,54.94959710219951,50.94959710219951
172968,1.0,54.94959710219951,53.94959710219951
173021,55.0,54.94959710219951,-0.05040289780048823
173099,27.0,33.315439062121,6.315439062121001
173100,43.0,54.94959710219951,11.949597102199512
173236,33.0,54.94959710219951,21.94959710219951
173422,22.0,54.94959710219951,32.94959710219951
173470,9.0,32.71514350105437,23.71514350105437
173597,49.0,54.94959710219951,5.949597102199512
173642,40.0,54.94959710219951,14.949597102199512
173947,28.0,54.94959710219951,26.94959710219951
174012,56.0,54.94959710219951,-1.0504028978004882
174122,40.0,54.94959710219951,14.949597102199512
174163,40.0,54.94959710219951,14.949597102199512
174301,60.0,54.94959710219951,-5.050402897800488
174564,33.0,54.94959710219951,21.94959710219951
174594,33.0,54.94959710219951,21.94959710219951
174615,21.0,33.315439062121,12.315439062121001
174644,12.0,32.71514350105437,20.71514350105437
174646,12.0,54.94959710219951,42.94959710219951
174658,28.0,54.94959710219951,26.94959710219951
174670,48.0,54.94959710219951,6.949597102199512
174759,60.0,54.94959710219951,-5.050402897800488
174781,12.0,54.94959710219951,42.94959710219951
174795,1.0,32.71514350105437,31.71514350105437
174807,58.0,54.94959710219951,-3.0504028978004882
174826,32.0,33.315439062121,1.3154390621210013
174838,38.0,33.315439062121,-4.684560937878999
174884,36.0,33.315439062121,-2.6845609378789987
175000,35.0,33.315439062121,-1.6845609378789987
175190,40.0,54.94959710219951,14.949597102199512
175205,12.0,54.94959710219951,42.94959710219951
175229,19.0,54.94959710219951,35.94959710219951
175396,48.0,54.94959710219951,6.949597102199512
175699,43.0,54.94959710219951,11.949597102199512
175715,33.0,54.94959710219951,21.94959710219951
176047,15.0,54.94959710219951,39.94959710219951
176139,3.0,54.94959710219951,51.94959710219951
176254,9.0,54.94959710219951,45.94959710219951
176270,54.0,54.94959710219951,0.9495971021995118
176277,35.0,54.94959710219951,19.94959710219951
176287,33.0,54.94959710219951,21.94959710219951
176322,27.0,54.94959710219951,27.94959710219951
176324,12.0,54.94959710219951,42.94959710219951
176346,40.0,54.94959710219951,14.949597102199512
176412,38.0,54.94959710219951,16.94959710219951
176569,28.0,33.315439062121,5.315439062121001
176584,12.0,54.94959710219951,42.94959710219951
176663,27.0,54.94959710219951,27.94959710219951
176813,54.0,54.94959710219951,0.9495971021995118
176863,25.0,54.94959710219951,29.94959710219951
176929,43.0,54.94959710219951,11.949597102199512
176931,41.0,54.94959710219951,13.949597102199512
176948,5.0,54.94959710219951,49.94959710219951
177176,26.0,33.315439062121,7.315439062121001
177215,2.0,54.94959710219951,52.94959710219951
177226,5.0,54.94959710219951,49.94959710219951
177245,40.0,54.94959710219951,14.949597102199512
177345,58.0,54.94959710219951,-3.0504028978004882
177446,48.0,33.315439062121,-14.684560937878999
177544,19.0,54.94959710219951,35.94959710219951
177610,28.0,54.94959710219951,26.94959710219951
177628,47.0,54.94959710219951,7.949597102199512
177639,55.0,54.94959710219951,-0.05040289780048823
177640,8.0,54.94959710219951,46.94959710219951
177647,40.0,54.94959710219951,14.949597102199512
177655,44.0,54.94959710219951,10.949597102199512
177681,7.0,54.94959710219951,47.94959710219951
177817,76.0,54.94959710219951,-21.05040289780049
177849,18.0,54.94959710219951,36.94959710219951
177867,70.0,54.94959710219951,-15.050402897800488
177922,47.0,54.94959710219951,7.949597102199512
177937,54.0,54.94959710219951,0.9495971021995118
177966,4.0,54.94959710219951,50.94959710219951
178053,50.0,54.94959710219951,4.949597102199512
178083,48.0,54.94959710219951,6.949597102199512
178154,43.0,54.94959710219951,11.949597102199512
178177,61.0,54.94959710219951,-6.050402897800488
178180,59.0,54.94959710219951,-4.050402897800488
178262,27.0,33.315439062121,6.315439062121001
178293,42.0,54.94959710219951,12.949597102199512
178306,58.0,54.94959710219951,-3.0504028978004882
178313,6.0,54.94959710219951,48.94959710219951
178467,13.0,54.94959710219951,41.94959710219951
178615,1.0,54.94959710219951,53.94959710219951
178694,62.0,54.94959710219951,-7.050402897800488
178723,58.0,54.94959710219951,-3.0504028978004882
178797,25.0,33.315439062121,8.315439062121001
178809,1.0,54.94959710219951,53.94959710219951
178839,33.0,54.94959710219951,21.94959710219951
178889,58.0,54.94959710219951,-3.0504028978004882
179073,44.0,54.94959710219951,10.949597102199512
179086,15.0,54.94959710219951,39.94959710219951
179131,26.0,33.315439062121,7.315439062121001
179285,33.0,54.94959710219951,21.94959710219951
179322,45.0,54.94959710219951,9.949597102199512
179381,60.0,54.94959710219951,-5.050402897800488
179406,20.0,54.94959710219951,34.94959710219951
179481,8.0,54.94959710219951,46.94959710219951
179484,31.0,33.315439062121,2.3154390621210013
179542,26.0,33.315439062121,7.315439062121001
179773,8.0,54.94959710219951,46.94959710219951
179817,0.0,54.94959710219951,54.94959710219951
179896,26.0,33.315439062121,7.315439062121001
179993,4.0,54.94959710219951,50.94959710219951
180112,26.0,33.315439062121,7.315439062121001
180114,88.0,54.94959710219951,-33.05040289780049
180169,59.0,54.94959710219951,-4.050402897800488
180202,54.0,54.94959710219951,0.9495971021995118
180296,57.0,54.94959710219951,-2.0504028978004882
180304,38.0,54.94959710219951,16.94959710219951
180348,12.0,54.94959710219951,42.94959710219951
180438,51.0,33.315439062121,-17.684560937879
180558,54.0,54.94959710219951,0.9495971021995118
180593,5.0,54.94959710219951,49.94959710219951
180653,41.0,54.94959710219951,13.949597102199512
180687,40.0,54.94959710219951,14.949597102199512
180699,40.0,54.94959710219951,14.949597102199512
180750,63.0,54.94959710219951,-8.050402897800488
180763,56.0,54.94959710219951,-1.0504028978004882
180813,43.0,54.94959710219951,11.949597102199512
180818,54.0,54.94959710219951,0.9495971021995118
181033,55.0,54.94959710219951,-0.05040289780048823
181142,43.0,54.94959710219951,11.949597102199512
181197,3.0,54.94959710219951,51.94959710219951
181310,6.0,54.94959710219951,48.94959710219951
181332,27.0,54.94959710219951,27.94959710219951
181357,51.0,54.94959710219951,3.9495971021995118
181653,54.0,54.94959710219951,0.9495971021995118
181663,40.0,54.94959710219951,14.949597102199512
181672,46.0,54.94959710219951,8.949597102199512
181738,26.0,54.94959710219951,28.94959710219951
181841,49.0,54.94959710219951,5.949597102199512
181842,56.0,54.94959710219951,-1.0504028978004882
181881,17.0,54.94959710219951,37.94959710219951
181899,68.0,54.94959710219951,-13.050402897800488
181943,3.0,54.94959710219951,51.94959710219951
181985,69.0,54.94959710219951,-14.050402897800488
182009,29.0,54.94959710219951,25.94959710219951
182111,89.0,33.315439062121,-55.684560937879
182159,60.0,54.94959710219951,-5.050402897800488
182267,58.0,54.94959710219951,-3.0504028978004882
182298,39.0,54.94959710219951,15.949597102199512
182342,48.0,54.94959710219951,6.949597102199512
182345,24.0,54.94959710219951,30.94959710219951
182404,60.0,54.94959710219951,-5.050402897800488
182470,40.0,54.94959710219951,14.949597102199512
182496,14.0,54.94959710219951,40.94959710219951
182502,60.0,54.94959710219951,-5.050402897800488
182589,47.0,54.94959710219951,7.949597102199512
182637,30.0,33.315439062121,3.3154390621210013
182640,28.0,33.315439062121,5.315439062121001
182675,44.0,54.94959710219951,10.949597102199512
182702,61.0,54.94959710219951,-6.050402897800488
182707,40.0,54.94959710219951,14.949597102199512
182728,60.0,54.94959710219951,-5.050402897800488
182867,6.0,54.94959710219951,48.94959710219951
182987,6.0,54.94959710219951,48.94959710219951
182988,39.0,54.94959710219951,15.949597102199512
183039,61.0,54.94959710219951,-6.050402897800488
183110,19.0,54.94959710219951,35.94959710219951
183245,60.0,54.94959710219951,-5.050402897800488
183361,42.0,54.94959710219951,12.949597102199512
183486,60.0,54.94959710219951,-5.050402897800488
183611,19.0,33.315439062121,14.315439062121001
183640,49.0,54.94959710219951,5.949597102199512
183688,26.0,54.94959710219951,28.94959710219951
183702,36.0,54.94959710219951,18.94959710219951
183867,48.0,54.94959710219951,6.949597102199512
184099,26.0,33.315439062121,7.315439062121001
184294,0.0,54.94959710219951,54.94959710219951
184497,12.0,54.94959710219951,42.94959710219951
184644,54.0,54.94959710219951,0.9495971021995118
184689,4.0,54.94959710219951,50.94959710219951
184708,58.0,54.94959710219951,-3.0504028978004882
184792,28.0,54.94959710219951,26.94959710219951
184923,58.0,54.94959710219951,-3.0504028978004882
184942,38.0,54.94959710219951,16.94959710219951
184957,0.0,54.94959710219951,54.94959710219951
184976,34.0,54.94959710219951,20.94959710219951
185253,61.0,54.94959710219951,-6.050402897800488
185255,40.0,54.94959710219951,14.949597102199512
185256,22.0,33.315439062121,11.315439062121001
185372,61.0,54.94959710219951,-6.050402897800488
185440,27.0,33.315439062121,6.315439062121001
185460,47.0,54.94959710219951,7.949597102199512
185534,4.0,54.94959710219951,50.94959710219951
185549,58.0,54.94959710219951,-3.0504028978004882
185573,5.0,54.94959710219951,49.94959710219951
185600,48.0,33.315439062121,-14.684560937878999
185615,49.0,33.315439062121,-15.684560937878999
185654,20.0,54.94959710219951,34.94959710219951
185807,38.0,33.315439062121,-4.684560937878999
185841,38.0,54.94959710219951,16.94959710219951
185885,59.0,54.94959710219951,-4.050402897800488
185901,5.0,54.94959710219951,49.94959710219951
186071,44.0,54.94959710219951,10.949597102199512
186095,40.0,54.94959710219951,14.949597102199512
186130,29.0,33.315439062121,4.315439062121001
186145,4.0,54.94959710219951,50.94959710219951
186146,5.0,54.94959710219951,49.94959710219951
186194,37.0,54.94959710219951,17.94959710219951
186411,44.0,54.94959710219951,10.949597102199512
186463,2.0,54.94959710219951,52.94959710219951
186496,5.0,54.94959710219951,49.94959710219951
186526,4.0,32.71514350105437,28.71514350105437
186626,2.0,54.94959710219951,52.94959710219951
186660,22.0,33.315439062121,11.315439062121001
186667,26.0,54.94959710219951,28.94959710219951
186710,51.0,54.94959710219951,3.9495971021995118
186774,61.0,54.94959710219951,-6.050402897800488
186842,4.0,54.94959710219951,50.94959710219951
186880,26.0,33.315439062121,7.315439062121001
186951,40.0,54.94959710219951,14.949597102199512
187069,26.0,54.94959710219951,28.94959710219951
187110,71.0,54.94959710219951,-16.05040289780049
187132,26.0,54.94959710219951,28.94959710219951
187240,54.0,54.94959710219951,0.9495971021995118
187247,0.0,54.94959710219951,54.94959710219951
187258,62.0,54.94959710219951,-7.050402897800488
187308,45.0,54.94959710219951,9.949597102199512
187373,66.0,54.94959710219951,-11.050402897800488
187440,34.0,54.94959710219951,20.94959710219951
187528,59.0,54.94959710219951,-4.050402897800488
187537,34.0,54.94959710219951,20.94959710219951
187627,5.0,54.94959710219951,49.94959710219951
187693,7.0,33.315439062121,26.315439062121
187728,6.0,54.94959710219951,48.94959710219951
187744,22.0,54.94959710219951,32.94959710219951
187765,38.0,54.94959710219951,16.94959710219951
187858,60.0,54.94959710219951,-5.050402897800488
187929,28.0,54.94959710219951,26.94959710219951
188006,33.0,54.94959710219951,21.94959710219951
188042,6.0,54.94959710219951,48.94959710219951
188053,29.0,33.315439062121,4.315439062121001
188155,40.0,54.94959710219951,14.949597102199512
188227,1.0,54.94959710219951,53.94959710219951
188241,1.0,54.94959710219951,53.94959710219951
188336,2.0,54.94959710219951,52.94959710219951
188380,48.0,54.94959710219951,6.949597102199512
188486,33.0,54.94959710219951,21.94959710219951
188491,20.0,32.71514350105437,12.71514350105437
188584,8.0,54.94959710219951,46.94959710219951
188636,26.0,54.94959710219951,28.94959710219951
188678,25.0,54.94959710219951,29.94959710219951
188700,49.0,54.94959710219951,5.949597102199512
188830,41.0,33.315439062121,-7.684560937878999
188838,10.0,54.94959710219951,44.94959710219951
188921,59.0,54.94959710219951,-4.050402897800488
188970,4.0,54.94959710219951,50.94959710219951
189134,5.0,54.94959710219951,49.94959710219951
189162,19.0,54.94959710219951,35.94959710219951
189318,29.0,54.94959710219951,25.94959710219951
189364,42.0,54.94959710219951,12.949597102199512
189398,55.0,54.94959710219951,-0.05040289780048823
189454,50.0,54.94959710219951,4.949597102199512
189469,58.0,54.94959710219951,-3.0504028978004882
189472,50.0,33.315439062121,-16.684560937879
189582,55.0,54.94959710219951,-0.05040289780048823
189725,9.0,54.94959710219951,45.94959710219951
189745,34.0,54.94959710219951,20.94959710219951
189824,39.0,54.94959710219951,15.949597102199512
189840,40.0,54.94959710219951,14.949597102199512
189974,10.0,54.94959710219951,44.94959710219951
190057,42.0,54.94959710219951,12.949597102199512
190153,54.0,54.94959710219951,0.9495971021995118
190275,59.0,54.94959710219951,-4.050402897800488
190362,9.0,54.94959710219951,45.94959710219951
190412,34.0,54.94959710219951,20.94959710219951
190415,6.0,54.94959710219951,48.94959710219951
190502,33.0,54.94959710219951,21.94959710219951
190533,57.0,54.94959710219951,-2.0504028978004882
190624,53.0,54.94959710219951,1.9495971021995118
190664,4.0,32.71514350105437,28.71514350105437
190749,24.0,54.94959710219951,30.94959710219951
190778,33.0,54.94959710219951,21.94959710219951
190783,60.0,54.94959710219951,-5.050402897800488
190900,61.0,54.94959710219951,-6.050402897800488
191038,25.0,54.94959710219951,29.94959710219951
191058,23.0,33.315439062121,10.315439062121001
191199,29.0,54.94959710219951,25.94959710219951
191203,86.0,54.94959710219951,-31.05040289780049
191241,5.0,54.94959710219951,49.94959710219951
191307,47.0,54.94959710219951,7.949597102199512
191329,59.0,54.94959710219951,-4.050402897800488
191353,59.0,54.94959710219951,-4.050402897800488
191450,19.0,32.71514350105437,13.71514350105437
191541,68.0,54.94959710219951,-13.050402897800488
191551,41.0,54.94959710219951,13.949597102199512
191608,49.0,54.94959710219951,5.949597102199512
191615,25.0,33.315439062121,8.315439062121001
191622,21.0,33.315439062121,12.315439062121001
191706,34.0,54.94959710219951,20.94959710219951
191746,32.0,33.315439062121,1.3154390621210013
192011,39.0,54.94959710219951,15.949597102199512
192035,28.0,54.94959710219951,26.94959710219951
192189,14.0,54.94959710219951,40.94959710219951
192239,28.0,33.315439062121,5.315439062121001
192325,1.0,54.94959710219951,53.94959710219951
192349,60.0,54.94959710219951,-5.050402897800488
192447,30.0,54.94959710219951,24.94959710219951
192499,5.0,54.94959710219951,49.94959710219951
192547,10.0,33.315439062121,23.315439062121
192553,30.0,54.94959710219951,24.94959710219951
192634,18.0,54.94959710219951,36.94959710219951
192670,54.0,54.94959710219951,0.9495971021995118
192737,30.0,54.94959710219951,24.94959710219951
192768,5.0,54.94959710219951,49.94959710219951
192797,61.0,54.94959710219951,-6.050402897800488
192835,20.0,54.94959710219951,34.94959710219951
192883,40.0,54.94959710219951,14.949597102199512
193203,54.0,54.94959710219951,0.9495971021995118
193234,25.0,33.315439062121,8.315439062121001
193236,59.0,54.94959710219951,-4.050402897800488
193258,48.0,54.94959710219951,6.949597102199512
193345,59.0,54.94959710219951,-4.050402897800488
193378,4.0,32.71514350105437,28.71514350105437
193521,31.0,33.315439062121,2.3154390621210013
193538,2.0,32.71514350105437,30.71514350105437
193546,49.0,54.94959710219951,5.949597102199512
193597,19.0,54.94959710219951,35.94959710219951
193599,26.0,33.315439062121,7.315439062121001
193695,56.0,54.94959710219951,-1.0504028978004882
193705,40.0,54.94959710219951,14.949597102199512
193713,40.0,54.94959710219951,14.949597102199512
193754,44.0,54.94959710219951,10.949597102199512
193938,5.0,54.94959710219951,49.94959710219951
193981,55.0,54.94959710219951,-0.05040289780048823
194054,40.0,54.94959710219951,14.949597102199512
194063,42.0,54.94959710219951,12.949597102199512
194065,61.0,54.94959710219951,-6.050402897800488
194083,59.0,54.94959710219951,-4.050402897800488
194108,82.0,54.94959710219951,-27.05040289780049
194110,19.0,32.71514350105437,13.71514350105437
194204,40.0,33.315439062121,-6.684560937878999
194281,1.0,54.94959710219951,53.94959710219951
194355,60.0,54.94959710219951,-5.050402897800488
194376,37.0,54.94959710219951,17.94959710219951
194536,33.0,54.94959710219951,21.94959710219951
194565,26.0,54.94959710219951,28.94959710219951
194580,41.0,54.94959710219951,13.949597102199512
194614,143.0,54.94959710219951,-88.0504028978005
194660,81.0,54.94959710219951,-26.05040289780049
194677,47.0,54.94959710219951,7.949597102199512
194679,97.0,54.94959710219951,-42.05040289780049
194697,5.0,54.94959710219951,49.94959710219951
194705,36.0,33.315439062121,-2.6845609378789987
194989,5.0,54.94959710219951,49.94959710219951
194993,22.0,33.315439062121,11.315439062121001
194997,48.0,54.94959710219951,6.949597102199512
195101,43.0,54.94959710219951,11.949597102199512
195106,58.0,54.94959710219951,-3.0504028978004882
195153,47.0,54.94959710219951,7.949597102199512
195168,29.0,33.315439062121,4.315439062121001
195371,40.0,54.94959710219951,14.949597102199512
195424,43.0,54.94959710219951,11.949597102199512
195447,35.0,33.315439062121,-1.6845609378789987
195469,2.0,54.94959710219951,52.94959710219951
195527,5.0,54.94959710219951,49.94959710219951
195607,22.0,54.94959710219951,32.94959710219951
195654,16.0,54.94959710219951,38.94959710219951
195658,40.0,54.94959710219951,14.949597102199512
195884,60.0,54.94959710219951,-5.050402897800488
195893,43.0,54.94959710219951,11.949597102199512
195953,5.0,32.71514350105437,27.71514350105437
195976,40.0,54.94959710219951,14.949597102199512
196010,29.0,33.315439062121,4.315439062121001
196012,12.0,32.71514350105437,20.71514350105437
196058,28.0,33.315439062121,5.315439062121001
196091,40.0,33.315439062121,-6.684560937878999
196095,44.0,54.94959710219951,10.949597102199512
196139,66.0,54.94959710219951,-11.050402897800488
196217,33.0,54.94959710219951,21.94959710219951
196416,18.0,32.71514350105437,14.71514350105437
196507,2.0,54.94959710219951,52.94959710219951
196552,45.0,54.94959710219951,9.949597102199512
196573,26.0,54.94959710219951,28.94959710219951
196593,60.0,54.94959710219951,-5.050402897800488
196646,34.0,54.94959710219951,20.94959710219951
196709,55.0,54.94959710219951,-0.05040289780048823
196735,61.0,54.94959710219951,-6.050402897800488
196873,5.0,54.94959710219951,49.94959710219951
196879,19.0,54.94959710219951,35.94959710219951
196884,0.0,54.94959710219951,54.94959710219951
197027,26.0,33.315439062121,7.315439062121001
197090,28.0,54.94959710219951,26.94959710219951
197161,47.0,54.94959710219951,7.949597102199512
197269,55.0,54.94959710219951,-0.05040289780048823
197272,23.0,32.71514350105437,9.71514350105437
197317,20.0,33.315439062121,13.315439062121001
197377,26.0,33.315439062121,7.315439062121001
197465,5.0,54.94959710219951,49.94959710219951
197467,29.0,33.315439062121,4.315439062121001
197476,61.0,54.94959710219951,-6.050402897800488
197580,40.0,54.94959710219951,14.949597102199512
197626,40.0,54.94959710219951,14.949597102199512
197647,54.0,54.94959710219951,0.9495971021995118
197664,37.0,54.94959710219951,17.94959710219951
197788,43.0,54.94959710219951,11.949597102199512
197834,3.0,54.94959710219951,51.94959710219951
197903,48.0,54.94959710219951,6.949597102199512
197917,41.0,54.94959710219951,13.949597102199512
197955,1.0,54.94959710219951,53.94959710219951
198091,32.0,54.94959710219951,22.94959710219951
198101,4.0,54.94959710219951,50.94959710219951
198135,3.0,54.94959710219951,51.94959710219951
198200,21.0,54.94959710219951,33.94959710219951
198214,17.0,32.71514350105437,15.71514350105437
198292,54.0,54.94959710219951,0.9495971021995118
198409,37.0,54.94959710219951,17.94959710219951
198422,41.0,54.94959710219951,13.949597102199512
198446,59.0,54.94959710219951,-4.050402897800488
198692,14.0,54.94959710219951,40.94959710219951
198728,55.0,54.94959710219951,-0.05040289780048823
198754,20.0,54.94959710219951,34.94959710219951
198823,33.0,54.94959710219951,21.94959710219951
198892,26.0,54.94959710219951,28.94959710219951
198931,5.0,54.94959710219951,49.94959710219951
198990,55.0,54.94959710219951,-0.05040289780048823
199195,18.0,54.94959710219951,36.94959710219951
199340,5.0,54.94959710219951,49.94959710219951
199365,24.0,54.94959710219951,30.94959710219951
199430,49.0,54.94959710219951,5.949597102199512
199622,13.0,54.94959710219951,41.94959710219951
199641,25.0,33.315439062121,8.315439062121001
199725,3.0,54.94959710219951,51.94959710219951
199848,5.0,54.94959710219951,49.94959710219951
199889,27.0,54.94959710219951,27.94959710219951
199890,30.0,33.315439062121,3.3154390621210013
199897,8.0,54.94959710219951,46.94959710219951
200186,18.0,33.315439062121,15.315439062121001
200356,5.0,54.94959710219951,49.94959710219951
200441,12.0,54.94959710219951,42.94959710219951
200447,3.0,33.315439062121,30.315439062121
200490,49.0,54.94959710219951,5.949597102199512
200545,60.0,54.94959710219951,-5.050402897800488
200599,62.0,54.94959710219951,-7.050402897800488
200625,24.0,54.94959710219951,30.94959710219951
200664,69.0,54.94959710219951,-14.050402897800488
200688,32.0,54.94959710219951,22.94959710219951
200753,40.0,54.94959710219951,14.949597102199512
200788,59.0,54.94959710219951,-4.050402897800488
200814,8.0,33.315439062121,25.315439062121
200860,26.0,54.94959710219951,28.94959710219951
200901,5.0,54.94959710219951,49.94959710219951
200991,28.0,54.94959710219951,26.94959710219951
201013,28.0,54.94959710219951,26.94959710219951
201146,41.0,54.94959710219951,13.949597102199512
201170,40.0,54.94959710219951,14.949597102199512
201192,5.0,54.94959710219951,49.94959710219951
201221,3.0,54.94959710219951,51.94959710219951
201238,44.0,54.94959710219951,10.949597102199512
201275,0.0,54.94959710219951,54.94959710219951
201377,60.0,54.94959710219951,-5.050402897800488
201404,27.0,54.94959710219951,27.94959710219951
201418,40.0,54.94959710219951,14.949597102199512
201621,14.0,54.94959710219951,40.94959710219951
201700,21.0,54.94959710219951,33.94959710219951
201714,5.0,54.94959710219951,49.94959710219951
201720,4.0,54.94959710219951,50.94959710219951
201769,26.0,33.315439062121,7.315439062121001
201852,58.0,54.94959710219951,-3.0504028978004882
201997,43.0,54.94959710219951,11.949597102199512
202107,26.0,54.94959710219951,28.94959710219951
202224,60.0,54.94959710219951,-5.050402897800488
202331,26.0,33.315439062121,7.315439062121001
202462,33.0,54.94959710219951,21.94959710219951
202484,50.0,54.94959710219951,4.949597102199512
202651,2.0,54.94959710219951,52.94959710219951
202779,34.0,54.94959710219951,20.94959710219951
202781,24.0,33.315439062121,9.315439062121001
202912,27.0,33.315439062121,6.315439062121001
203088,60.0,54.94959710219951,-5.050402897800488
203097,60.0,54.94959710219951,-5.050402897800488
203139,47.0,54.94959710219951,7.949597102199512
203169,58.0,54.94959710219951,-3.0504028978004882
203225,38.0,33.315439062121,-4.684560937878999
203228,56.0,54.94959710219951,-1.0504028978004882
203345,27.0,54.94959710219951,27.94959710219951
203394,12.0,54.94959710219951,42.94959710219951
203409,28.0,54.94959710219951,26.94959710219951
203421,0.0,54.94959710219951,54.94959710219951
203487,58.0,54.94959710219951,-3.0504028978004882
203545,12.0,32.71514350105437,20.71514350105437
203664,11.0,54.94959710219951,43.94959710219951
203685,55.0,54.94959710219951,-0.05040289780048823
203724,57.0,54.94959710219951,-2.0504028978004882
203829,26.0,54.94959710219951,28.94959710219951
203843,47.0,54.94959710219951,7.949597102199512
203867,2.0,54.94959710219951,52.94959710219951
203892,8.0,54.94959710219951,46.94959710219951
203955,40.0,54.94959710219951,14.949597102199512
204010,37.0,54.94959710219951,17.94959710219951
204112,52.0,54.94959710219951,2.9495971021995118
204184,5.0,54.94959710219951,49.94959710219951
204230,29.0,54.94959710219951,25.94959710219951
204323,23.0,33.315439062121,10.315439062121001
204472,60.0,54.94959710219951,-5.050402897800488
204527,3.0,54.94959710219951,51.94959710219951
204787,64.0,54.94959710219951,-9.050402897800488
204903,5.0,54.94959710219951,49.94959710219951
204918,28.0,54.94959710219951,26.94959710219951
204942,5.0,54.94959710219951,49.94959710219951
204950,52.0,54.94959710219951,2.9495971021995118
204963,37.0,54.94959710219951,17.94959710219951
205128,24.0,33.315439062121,9.315439062121001
205151,29.0,33.315439062121,4.315439062121001
205226,34.0,54.94959710219951,20.94959710219951
205260,26.0,54.94959710219951,28.94959710219951
205386,0.0,54.94959710219951,54.94959710219951
205429,58.0,54.94959710219951,-3.0504028978004882
205569,40.0,54.94959710219951,14.949597102199512
205570,24.0,33.315439062121,9.315439062121001
205619,3.0,54.94959710219951,51.94959710219951
205722,39.0,54.94959710219951,15.949597102199512
205799,24.0,33.315439062121,9.315439062121001
205814,45.0,54.94959710219951,9.949597102199512
205942,4.0,54.94959710219951,50.94959710219951
205968,40.0,54.94959710219951,14.949597102199512
206182,28.0,54.94959710219951,26.94959710219951
206187,58.0,54.94959710219951,-3.0504028978004882
206191,28.0,54.94959710219951,26.94959710219951
206317,52.0,33.315439062121,-18.684560937879
206374,40.0,54.94959710219951,14.949597102199512
206438,5.0,54.94959710219951,49.94959710219951
206632,26.0,33.315439062121,7.315439062121001
206700,31.0,54.94959710219951,23.94959710219951
206726,56.0,54.94959710219951,-1.0504028978004882
206821,5.0,54.94959710219951,49.94959710219951
206952,31.0,54.94959710219951,23.94959710219951
207061,60.0,54.94959710219951,-5.050402897800488
207151,58.0,54.94959710219951,-3.0504028978004882
207170,5.0,54.94959710219951,49.94959710219951
207287,58.0,54.94959710219951,-3.0504028978004882
207298,40.0,54.94959710219951,14.949597102199512
207400,5.0,54.94959710219951,49.94959710219951
207417,28.0,54.94959710219951,26.94959710219951
207475,29.0,33.315439062121,4.315439062121001
207490,4.0,32.71514350105437,28.71514350105437
207557,21.0,54.94959710219951,33.94959710219951
207607,58.0,54.94959710219951,-3.0504028978004882
207658,5.0,54.94959710219951,49.94959710219951
207742,3.0,54.94959710219951,51.94959710219951
207814,41.0,54.94959710219951,13.949597102199512
208083,4.0,54.94959710219951,50.94959710219951
208085,5.0,54.94959710219951,49.94959710219951
208178,40.0,54.94959710219951,14.949597102199512
208179,5.0,54.94959710219951,49.94959710219951
208324,12.0,54.94959710219951,42.94959710219951
208366,3.0,33.315439062121,30.315439062121
208393,48.0,54.94959710219951,6.949597102199512
208402,30.0,54.94959710219951,24.94959710219951
208482,5.0,32.71514350105437,27.71514350105437
208654,38.0,54.94959710219951,16.94959710219951
208679,12.0,54.94959710219951,42.94959710219951
208753,25.0,54.94959710219951,29.94959710219951
208754,26.0,33.315439062121,7.315439062121001
208769,5.0,54.94959710219951,49.94959710219951
208802,55.0,54.94959710219951,-0.05040289780048823
208878,18.0,54.94959710219951,36.94959710219951
208896,5.0,54.94959710219951,49.94959710219951
208940,84.0,54.94959710219951,-29.05040289780049
209023,46.0,54.94959710219951,8.949597102199512
209103,12.0,54.94959710219951,42.94959710219951
209133,80.0,54.94959710219951,-25.05040289780049
209149,40.0,54.94959710219951,14.949597102199512
209183,41.0,54.94959710219951,13.949597102199512
209243,5.0,54.94959710219951,49.94959710219951
209467,5.0,32.71514350105437,27.71514350105437
209475,2.0,54.94959710219951,52.94959710219951
209770,33.0,54.94959710219951,21.94959710219951
209772,24.0,33.315439062121,9.315439062121001
209852,42.0,54.94959710219951,12.949597102199512
209937,4.0,54.94959710219951,50.94959710219951
209947,59.0,54.94959710219951,-4.050402897800488
210174,19.0,32.71514350105437,13.71514350105437
210194,33.0,54.94959710219951,21.94959710219951
210238,43.0,54.94959710219951,11.949597102199512
210280,60.0,54.94959710219951,-5.050402897800488
210334,41.0,54.94959710219951,13.949597102199512
210509,39.0,54.94959710219951,15.949597102199512
210595,53.0,54.94959710219951,1.9495971021995118
210683,40.0,54.94959710219951,14.949597102199512
210706,26.0,33.315439062121,7.315439062121001
210721,45.0,54.94959710219951,9.949597102199512
210756,38.0,54.94959710219951,16.94959710219951
210792,5.0,54.94959710219951,49.94959710219951
210829,60.0,54.94959710219951,-5.050402897800488
210940,40.0,54.94959710219951,14.949597102199512
210971,40.0,54.94959710219951,14.949597102199512
211017,41.0,54.94959710219951,13.949597102199512
211060,28.0,54.94959710219951,26.94959710219951
211087,54.0,54.94959710219951,0.9495971021995118
211175,30.0,54.94959710219951,24.94959710219951
211246,54.0,54.94959710219951,0.9495971021995118
211304,58.0,54.94959710219951,-3.0504028978004882
211344,6.0,54.94959710219951,48.94959710219951
211482,49.0,33.315439062121,-15.684560937878999
211484,5.0,54.94959710219951,49.94959710219951
211531,14.0,54.94959710219951,40.94959710219951
211643,43.0,54.94959710219951,11.949597102199512
211844,41.0,54.94959710219951,13.949597102199512
211865,55.0,54.94959710219951,-0.05040289780048823
211866,35.0,54.94959710219951,19.94959710219951
211989,37.0,33.315439062121,-3.6845609378789987
212004,26.0,54.94959710219951,28.94959710219951
212056,62.0,54.94959710219951,-7.050402897800488
212127,40.0,54.94959710219951,14.949597102199512
212200,27.0,32.71514350105437,5.715143501054371
212240,38.0,32.71514350105437,-5.284856498945629
212281,54.0,54.94959710219951,0.9495971021995118
212293,34.0,54.94959710219951,20.94959710219951
212315,40.0,54.94959710219951,14.949597102199512
212332,56.0,54.94959710219951,-1.0504028978004882
212335,5.0,32.71514350105437,27.71514350105437
212372,23.0,54.94959710219951,31.94959710219951
212518,47.0,54.94959710219951,7.949597102199512
212533,32.0,54.94959710219951,22.94959710219951
212544,69.0,54.94959710219951,-14.050402897800488
212553,58.0,54.94959710219951,-3.0504028978004882
212583,4.0,54.94959710219951,50.94959710219951
212716,20.0,33.315439062121,13.315439062121001
212792,58.0,54.94959710219951,-3.0504028978004882
212830,41.0,33.315439062121,-7.684560937878999
212965,26.0,54.94959710219951,28.94959710219951
212970,40.0,54.94959710219951,14.949597102199512
213048,0.0,54.94959710219951,54.94959710219951
213095,32.0,33.315439062121,1.3154390621210013
213212,5.0,54.94959710219951,49.94959710219951
213311,59.0,54.94959710219951,-4.050402897800488
213331,21.0,33.315439062121,12.315439062121001
213337,43.0,54.94959710219951,11.949597102199512
213365,31.0,54.94959710219951,23.94959710219951
213367,27.0,33.315439062121,6.315439062121001
213387,20.0,54.94959710219951,34.94959710219951
213401,33.0,54.94959710219951,21.94959710219951
213491,52.0,54.94959710219951,2.9495971021995118
213511,59.0,54.94959710219951,-4.050402897800488
213577,57.0,54.94959710219951,-2.0504028978004882
213578,42.0,54.94959710219951,12.949597102199512
213601,61.0,54.94959710219951,-6.050402897800488
213709,44.0,54.94959710219951,10.949597102199512
213929,47.0,54.94959710219951,7.949597102199512
213978,29.0,54.94959710219951,25.94959710219951
214001,27.0,54.94959710219951,27.94959710219951
214094,5.0,54.94959710219951,49.94959710219951
214111,53.0,54.94959710219951,1.9495971021995118
214119,22.0,33.315439062121,11.315439062121001
214140,16.0,33.315439062121,17.315439062121
214248,4.0,54.94959710219951,50.94959710219951
214413,61.0,54.94959710219951,-6.050402897800488
214442,35.0,54.94959710219951,19.94959710219951
214445,26.0,33.315439062121,7.315439062121001
214479,33.0,54.94959710219951,21.94959710219951
214593,58.0,54.94959710219951,-3.0504028978004882
214657,3.0,54.94959710219951,51.94959710219951
214693,92.0,54.94959710219951,-37.05040289780049
214758,68.0,54.94959710219951,-13.050402897800488
214821,46.0,54.94959710219951,8.949597102199512
214887,5.0,54.94959710219951,49.94959710219951
214901,58.0,54.94959710219951,-3.0504028978004882
214933,21.0,54.94959710219951,33.94959710219951
214971,57.0,54.94959710219951,-2.0504028978004882
215097,43.0,54.94959710219951,11.949597102199512
215235,6.0,33.315439062121,27.315439062121
215495,54.0,54.94959710219951,0.9495971021995118
215565,53.0,54.94959710219951,1.9495971021995118
215589,5.0,54.94959710219951,49.94959710219951
215716,28.0,54.94959710219951,26.94959710219951
215799,54.0,54.94959710219951,0.9495971021995118
215802,19.0,32.71514350105437,13.71514350105437
215939,58.0,54.94959710219951,-3.0504028978004882
215944,6.0,54.94959710219951,48.94959710219951
216012,4.0,54.94959710219951,50.94959710219951
216038,48.0,54.94959710219951,6.949597102199512
216067,41.0,54.94959710219951,13.949597102199512
216087,58.0,54.94959710219951,-3.0504028978004882
216142,54.0,54.94959710219951,0.9495971021995118
216147,8.0,54.94959710219951,46.94959710219951
216182,58.0,54.94959710219951,-3.0504028978004882
216193,25.0,33.315439062121,8.315439062121001
216298,12.0,54.94959710219951,42.94959710219951
216305,58.0,54.94959710219951,-3.0504028978004882
216340,61.0,54.94959710219951,-6.050402897800488
216460,46.0,54.94959710219951,8.949597102199512
216487,40.0,33.315439062121,-6.684560937878999
216489,39.0,54.94959710219951,15.949597102199512
216501,37.0,54.94959710219951,17.94959710219951
216510,55.0,54.94959710219951,-0.05040289780048823
216640,27.0,33.315439062121,6.315439062121001
216731,49.0,54.94959710219951,5.949597102199512
216748,23.0,33.315439062121,10.315439062121001
216776,11.0,32.71514350105437,21.71514350105437
216805,40.0,54.94959710219951,14.949597102199512
216838,3.0,54.94959710219951,51.94959710219951
216991,19.0,32.71514350105437,13.71514350105437
217004,54.0,54.94959710219951,0.9495971021995118
217180,38.0,33.315439062121,-4.684560937878999
217250,51.0,54.94959710219951,3.9495971021995118
217291,30.0,54.94959710219951,24.94959710219951
217324,32.0,54.94959710219951,22.94959710219951
217345,8.0,54.94959710219951,46.94959710219951
217495,18.0,54.94959710219951,36.94959710219951
217521,40.0,54.94959710219951,14.949597102199512
217533,58.0,54.94959710219951,-3.0504028978004882
217864,52.0,54.94959710219951,2.9495971021995118
217913,26.0,54.94959710219951,28.94959710219951
218011,3.0,54.94959710219951,51.94959710219951
218014,39.0,54.94959710219951,15.949597102199512
218041,56.0,54.94959710219951,-1.0504028978004882
218051,59.0,54.94959710219951,-4.050402897800488
218086,62.0,54.94959710219951,-7.050402897800488
218123,62.0,54.94959710219951,-7.050402897800488
218130,54.0,54.94959710219951,0.9495971021995118
218232,46.0,54.94959710219951,8.949597102199512
218271,55.0,54.94959710219951,-0.05040289780048823
218441,28.0,54.94959710219951,26.94959710219951
218470,61.0,54.94959710219951,-6.050402897800488
218515,49.0,54.94959710219951,5.949597102199512
218552,5.0,54.94959710219951,49.94959710219951
218762,43.0,54.94959710219951,11.949597102199512
218821,42.0,54.94959710219951,12.949597102199512
218859,4.0,54.94959710219951,50.94959710219951
218880,46.0,54.94959710219951,8.949597102199512
218929,25.0,33.315439062121,8.315439062121001
219147,26.0,33.315439062121,7.315439062121001
219278,52.0,54.94959710219951,2.9495971021995118
219298,27.0,33.315439062121,6.315439062121001
219433,7.0,54.94959710219951,47.94959710219951
219452,68.0,54.94959710219951,-13.050402897800488
219534,28.0,54.94959710219951,26.94959710219951
219615,58.0,54.94959710219951,-3.0504028978004882
219620,21.0,33.315439062121,12.315439062121001
219664,26.0,33.315439062121,7.315439062121001
219873,0.0,54.94959710219951,54.94959710219951
219943,41.0,54.94959710219951,13.949597102199512
219955,32.0,54.94959710219951,22.94959710219951
220017,1.0,54.94959710219951,53.94959710219951
220018,48.0,54.94959710219951,6.949597102199512
220090,4.0,54.94959710219951,50.94959710219951
220117,28.0,54.94959710219951,26.94959710219951
220139,58.0,54.94959710219951,-3.0504028978004882
220222,40.0,54.94959710219951,14.949597102199512
220236,27.0,54.94959710219951,27.94959710219951
220261,52.0,54.94959710219951,2.9495971021995118
220277,28.0,54.94959710219951,26.94959710219951
220340,25.0,33.315439062121,8.315439062121001
220360,34.0,33.315439062121,-0.6845609378789987
220375,18.0,54.94959710219951,36.94959710219951
220409,54.0,54.94959710219951,0.9495971021995118
220461,4.0,54.94959710219951,50.94959710219951
220625,54.0,54.94959710219951,0.9495971021995118
220676,28.0,54.94959710219951,26.94959710219951
220785,2.0,54.94959710219951,52.94959710219951
220844,4.0,54.94959710219951,50.94959710219951
220942,33.0,33.315439062121,0.31543906212100126
221059,44.0,54.94959710219951,10.949597102199512
221280,48.0,54.94959710219951,6.949597102199512
221291,39.0,54.94959710219951,15.949597102199512
221330,10.0,54.94959710219951,44.94959710219951
221398,31.0,54.94959710219951,23.94959710219951
221638,28.0,54.94959710219951,26.94959710219951
221642,6.0,54.94959710219951,48.94959710219951
221852,25.0,33.315439062121,8.315439062121001
221919,40.0,54.94959710219951,14.949597102199512
221969,47.0,54.94959710219951,7.949597102199512
221974,40.0,54.94959710219951,14.949597102199512
222039,48.0,33.315439062121,-14.684560937878999
222052,31.0,54.94959710219951,23.94959710219951
222140,47.0,54.94959710219951,7.949597102199512
222190,61.0,54.94959710219951,-6.050402897800488
222277,73.0,54.94959710219951,-18.05040289780049
222357,6.0,54.94959710219951,48.94959710219951
222546,4.0,32.71514350105437,28.71514350105437
222637,12.0,54.94959710219951,42.94959710219951
222774,55.0,54.94959710219951,-0.05040289780048823
222892,26.0,33.315439062121,7.315439062121001
223521,5.0,32.71514350105437,27.71514350105437
223534,32.0,54.94959710219951,22.94959710219951
223557,6.0,54.94959710219951,48.94959710219951
223755,23.0,54.94959710219951,31.94959710219951
223824,0.0,54.94959710219951,54.94959710219951
223848,54.0,54.94959710219951,0.9495971021995118
224065,35.0,33.315439062121,-1.6845609378789987
224082,49.0,54.94959710219951,5.949597102199512
224093,56.0,54.94959710219951,-1.0504028978004882
224209,3.0,32.71514350105437,29.71514350105437
224234,25.0,54.94959710219951,29.94959710219951
224278,29.0,54.94959710219951,25.94959710219951
224298,2.0,54.94959710219951,52.94959710219951
224351,45.0,54.94959710219951,9.949597102199512
224582,27.0,54.94959710219951,27.94959710219951
224712,6.0,54.94959710219951,48.94959710219951
224822,60.0,54.94959710219951,-5.050402897800488
224963,0.0,54.94959710219951,54.94959710219951
225010,24.0,33.315439062121,9.315439062121001
225120,41.0,54.94959710219951,13.949597102199512
225237,28.0,32.71514350105437,4.715143501054371
225254,58.0,54.94959710219951,-3.0504028978004882
225556,59.0,54.94959710219951,-4.050402897800488
225572,58.0,54.94959710219951,-3.0504028978004882
225630,19.0,54.94959710219951,35.94959710219951
225776,40.0,54.94959710219951,14.949597102199512
225837,59.0,54.94959710219951,-4.050402897800488
226070,59.0,54.94959710219951,-4.050402897800488
226101,40.0,54.94959710219951,14.949597102199512
226162,41.0,54.94959710219951,13.949597102199512
226191,5.0,54.94959710219951,49.94959710219951
226230,58.0,54.94959710219951,-3.0504028978004882
226296,6.0,54.94959710219951,48.94959710219951
226316,0.0,54.94959710219951,54.94959710219951
226480,55.0,54.94959710219951,-0.05040289780048823
226547,4.0,54.94959710219951,50.94959710219951
226636,39.0,54.94959710219951,15.949597102199512
226651,41.0,54.94959710219951,13.949597102199512
226692,58.0,54.94959710219951,-3.0504028978004882
226803,40.0,54.94959710219951,14.949597102199512
226808,19.0,32.71514350105437,13.71514350105437
226871,40.0,54.94959710219951,14.949597102199512
226906,12.0,54.94959710219951,42.94959710219951
226954,48.0,54.94959710219951,6.949597102199512
226994,56.0,54.94959710219951,-1.0504028978004882
227017,12.0,54.94959710219951,42.94959710219951
227018,42.0,54.94959710219951,12.949597102199512
227153,33.0,54.94959710219951,21.94959710219951
227242,27.0,54.94959710219951,27.94959710219951
227296,5.0,32.71514350105437,27.71514350105437
227300,58.0,54.94959710219951,-3.0504028978004882
227442,25.0,54.94959710219951,29.94959710219951
227468,5.0,54.94959710219951,49.94959710219951
227484,5.0,54.94959710219951,49.94959710219951
227551,47.0,54.94959710219951,7.949597102199512
227557,60.0,54.94959710219951,-5.050402897800488
227595,47.0,54.94959710219951,7.949597102199512
227688,26.0,54.94959710219951,28.94959710219951
227715,56.0,54.94959710219951,-1.0504028978004882
227868,3.0,54.94959710219951,51.94959710219951
227903,33.0,54.94959710219951,21.94959710219951
227908,51.0,54.94959710219951,3.9495971021995118
227978,82.0,54.94959710219951,-27.05040289780049
228094,51.0,54.94959710219951,3.9495971021995118
228103,46.0,54.94959710219951,8.949597102199512
228289,26.0,54.94959710219951,28.94959710219951
228417,22.0,33.315439062121,11.315439062121001
228429,19.0,54.94959710219951,35.94959710219951
228535,20.0,33.315439062121,13.315439062121001
228651,12.0,54.94959710219951,42.94959710219951
228717,61.0,54.94959710219951,-6.050402897800488
228768,30.0,54.94959710219951,24.94959710219951
228821,59.0,54.94959710219951,-4.050402897800488
228939,44.0,54.94959710219951,10.949597102199512
229007,59.0,54.94959710219951,-4.050402897800488
229149,33.0,54.94959710219951,21.94959710219951
229215,6.0,54.94959710219951,48.94959710219951
229297,148.0,54.94959710219951,-93.0504028978005
229369,43.0,54.94959710219951,11.949597102199512
229496,26.0,33.315439062121,7.315439062121001
229510,25.0,33.315439062121,8.315439062121001
229517,2.0,54.94959710219951,52.94959710219951
229518,64.0,54.94959710219951,-9.050402897800488
229528,60.0,54.94959710219951,-5.050402897800488
229699,43.0,54.94959710219951,11.949597102199512
229738,60.0,54.94959710219951,-5.050402897800488
229795,58.0,54.94959710219951,-3.0504028978004882
229933,47.0,33.315439062121,-13.684560937878999
230043,24.0,33.315439062121,9.315439062121001
230093,29.0,33.315439062121,4.315439062121001
230216,47.0,54.94959710219951,7.949597102199512
230229,26.0,33.315439062121,7.315439062121001
230267,5.0,54.94959710219951,49.94959710219951
230418,45.0,54.94959710219951,9.949597102199512
230490,5.0,54.94959710219951,49.94959710219951
230554,2.0,54.94959710219951,52.94959710219951
230559,29.0,54.94959710219951,25.94959710219951
230570,5.0,32.71514350105437,27.71514350105437
230593,27.0,33.315439062121,6.315439062121001
230643,42.0,33.315439062121,-8.684560937878999
230662,46.0,33.315439062121,-12.684560937878999
230770,57.0,54.94959710219951,-2.0504028978004882
230899,29.0,54.94959710219951,25.94959710219951
230945,43.0,54.94959710219951,11.949597102199512
230966,2.0,54.94959710219951,52.94959710219951
231002,28.0,54.94959710219951,26.94959710219951
231075,26.0,33.315439062121,7.315439062121001
231494,40.0,54.94959710219951,14.949597102199512
231548,3.0,54.94959710219951,51.94959710219951
231610,38.0,54.94959710219951,16.94959710219951
231617,66.0,54.94959710219951,-11.050402897800488
231693,43.0,54.94959710219951,11.949597102199512
231868,43.0,54.94959710219951,11.949597102199512
231914,51.0,54.94959710219951,3.9495971021995118
232022,5.0,54.94959710219951,49.94959710219951
232072,69.0,54.94959710219951,-14.050402897800488
232338,21.0,33.315439062121,12.315439062121001
232372,17.0,33.315439062121,16.315439062121
232375,6.0,32.71514350105437,26.71514350105437
232455,10.0,54.94959710219951,44.94959710219951
232492,43.0,54.94959710219951,11.949597102199512
232577,25.0,33.315439062121,8.315439062121001
232582,27.0,54.94959710219951,27.94959710219951
232595,27.0,54.94959710219951,27.94959710219951
232624,5.0,54.94959710219951,49.94959710219951
232661,26.0,54.94959710219951,28.94959710219951
232712,4.0,54.94959710219951,50.94959710219951
232768,45.0,54.94959710219951,9.949597102199512
232927,39.0,54.94959710219951,15.949597102199512
232965,58.0,54.94959710219951,-3.0504028978004882
233027,62.0,54.94959710219951,-7.050402897800488
233045,13.0,54.94959710219951,41.94959710219951
233106,60.0,54.94959710219951,-5.050402897800488
233244,59.0,54.94959710219951,-4.050402897800488
233287,68.0,54.94959710219951,-13.050402897800488
233327,39.0,54.94959710219951,15.949597102199512
233426,28.0,54.94959710219951,26.94959710219951
233480,5.0,54.94959710219951,49.94959710219951
233558,5.0,54.94959710219951,49.94959710219951
233577,15.0,54.94959710219951,39.94959710219951
233580,53.0,54.94959710219951,1.9495971021995118
233613,55.0,32.71514350105437,-22.28485649894563
233637,8.0,54.94959710219951,46.94959710219951
233707,28.0,54.94959710219951,26.94959710219951
233741,42.0,54.94959710219951,12.949597102199512
233778,17.0,54.94959710219951,37.94959710219951
233819,40.0,54.94959710219951,14.949597102199512
233876,53.0,54.94959710219951,1.9495971021995118
234040,5.0,54.94959710219951,49.94959710219951
234080,34.0,54.94959710219951,20.94959710219951
234085,33.0,54.94959710219951,21.94959710219951
234113,56.0,54.94959710219951,-1.0504028978004882
234199,4.0,54.94959710219951,50.94959710219951
234304,26.0,54.94959710219951,28.94959710219951
234351,54.0,54.94959710219951,0.9495971021995118
234353,42.0,54.94959710219951,12.949597102199512
234363,69.0,54.94959710219951,-14.050402897800488
234539,47.0,54.94959710219951,7.949597102199512
234542,64.0,54.94959710219951,-9.050402897800488
234557,4.0,54.94959710219951,50.94959710219951
234767,14.0,54.94959710219951,40.94959710219951
234874,61.0,54.94959710219951,-6.050402897800488
234934,28.0,54.94959710219951,26.94959710219951
234966,27.0,54.94959710219951,27.94959710219951
235075,58.0,54.94959710219951,-3.0504028978004882
235096,41.0,33.315439062121,-7.684560937878999
235132,61.0,54.94959710219951,-6.050402897800488
235148,5.0,54.94959710219951,49.94959710219951
235155,33.0,54.94959710219951,21.94959710219951
235260,26.0,54.94959710219951,28.94959710219951
235366,36.0,54.94959710219951,18.94959710219951
235369,61.0,54.94959710219951,-6.050402897800488
235443,88.0,54.94959710219951,-33.05040289780049
235506,5.0,54.94959710219951,49.94959710219951
235510,5.0,54.94959710219951,49.94959710219951
235520,4.0,54.94959710219951,50.94959710219951
235546,56.0,54.94959710219951,-1.0504028978004882
235551,54.0,54.94959710219951,0.9495971021995118
235568,26.0,54.94959710219951,28.94959710219951
235678,40.0,54.94959710219951,14.949597102199512
235975,26.0,54.94959710219951,28.94959710219951
236053,44.0,54.94959710219951,10.949597102199512
236152,12.0,54.94959710219951,42.94959710219951
236154,25.0,33.315439062121,8.315439062121001
236156,48.0,54.94959710219951,6.949597102199512
236158,5.0,54.94959710219951,49.94959710219951
236285,33.0,33.315439062121,0.31543906212100126
236290,47.0,54.94959710219951,7.949597102199512
236306,58.0,54.94959710219951,-3.0504028978004882
236447,39.0,54.94959710219951,15.949597102199512
236557,4.0,54.94959710219951,50.94959710219951
236763,28.0,33.315439062121,5.315439062121001
236877,31.0,54.94959710219951,23.94959710219951
236880,33.0,54.94959710219951,21.94959710219951
236910,4.0,54.94959710219951,50.94959710219951
236997,27.0,54.94959710219951,27.94959710219951
237047,0.0,54.94959710219951,54.94959710219951
237166,14.0,54.94959710219951,40.94959710219951
237210,43.0,54.94959710219951,11.949597102199512
237452,33.0,54.94959710219951,21.94959710219951
237474,25.0,54.94959710219951,29.94959710219951
237505,2.0,54.94959710219951,52.94959710219951
237607,16.0,54.94959710219951,38.94959710219951
237657,47.0,54.94959710219951,7.949597102199512
237772,31.0,54.94959710219951,23.94959710219951
237918,4.0,54.94959710219951,50.94959710219951
238041,28.0,54.94959710219951,26.94959710219951
238306,33.0,54.94959710219951,21.94959710219951
238343,61.0,54.94959710219951,-6.050402897800488
238568,4.0,32.71514350105437,28.71514350105437
238576,61.0,54.94959710219951,-6.050402897800488
238642,54.0,54.94959710219951,0.9495971021995118
238661,43.0,54.94959710219951,11.949597102199512
238887,64.0,54.94959710219951,-9.050402897800488
238994,1.0,54.94959710219951,53.94959710219951
239071,61.0,54.94959710219951,-6.050402897800488
239187,47.0,54.94959710219951,7.949597102199512
239212,5.0,54.94959710219951,49.94959710219951
239264,40.0,54.94959710219951,14.949597102199512
239365,60.0,54.94959710219951,-5.050402897800488
239427,67.0,54.94959710219951,-12.050402897800488
239449,4.0,54.94959710219951,50.94959710219951
239493,39.0,54.94959710219951,15.949597102199512
239554,6.0,54.94959710219951,48.94959710219951
239692,42.0,33.315439062121,-8.684560937878999
239828,38.0,54.94959710219951,16.94959710219951
239847,32.0,54.94959710219951,22.94959710219951
239918,32.0,54.94959710219951,22.94959710219951
240002,55.0,54.94959710219951,-0.05040289780048823
240003,21.0,54.94959710219951,33.94959710219951
240010,54.0,54.94959710219951,0.9495971021995118
240046,8.0,54.94959710219951,46.94959710219951
240054,34.0,54.94959710219951,20.94959710219951
240243,29.0,54.94959710219951,25.94959710219951
240291,12.0,54.94959710219951,42.94959710219951
240376,6.0,54.94959710219951,48.94959710219951
240454,55.0,33.315439062121,-21.684560937879
240471,28.0,54.94959710219951,26.94959710219951
240519,27.0,33.315439062121,6.315439062121001
240707,46.0,54.94959710219951,8.949597102199512
240860,5.0,54.94959710219951,49.94959710219951
240872,61.0,54.94959710219951,-6.050402897800488
240895,39.0,54.94959710219951,15.949597102199512
240913,49.0,54.94959710219951,5.949597102199512
240937,49.0,33.315439062121,-15.684560937878999
240989,40.0,54.94959710219951,14.949597102199512
241071,93.0,54.94959710219951,-38.05040289780049
241197,57.0,54.94959710219951,-2.0504028978004882
241291,58.0,54.94959710219951,-3.0504028978004882
241376,58.0,54.94959710219951,-3.0504028978004882
241574,29.0,54.94959710219951,25.94959710219951
241627,59.0,54.94959710219951,-4.050402897800488
241683,27.0,33.315439062121,6.315439062121001
241760,33.0,54.94959710219951,21.94959710219951
241847,26.0,33.315439062121,7.315439062121001
242043,34.0,54.94959710219951,20.94959710219951
242061,5.0,54.94959710219951,49.94959710219951
242271,27.0,33.315439062121,6.315439062121001
242290,16.0,54.94959710219951,38.94959710219951
242337,38.0,54.94959710219951,16.94959710219951
242395,63.0,54.94959710219951,-8.050402897800488
242531,5.0,54.94959710219951,49.94959710219951
242538,32.0,33.315439062121,1.3154390621210013
242763,33.0,54.94959710219951,21.94959710219951
242764,59.0,54.94959710219951,-4.050402897800488
242776,31.0,54.94959710219951,23.94959710219951
242800,8.0,32.71514350105437,24.71514350105437
242927,54.0,54.94959710219951,0.9495971021995118
243080,5.0,54.94959710219951,49.94959710219951
243195,44.0,54.94959710219951,10.949597102199512
243226,27.0,33.315439062121,6.315439062121001
243300,60.0,54.94959710219951,-5.050402897800488
243360,54.0,54.94959710219951,0.9495971021995118
243477,58.0,54.94959710219951,-3.0504028978004882
243484,38.0,33.315439062121,-4.684560937878999
243492,23.0,33.315439062121,10.315439062121001
243535,5.0,54.94959710219951,49.94959710219951
243745,20.0,54.94959710219951,34.94959710219951
243920,8.0,32.71514350105437,24.71514350105437
243992,60.0,54.94959710219951,-5.050402897800488
244030,26.0,33.315439062121,7.315439062121001
244140,51.0,54.94959710219951,3.9495971021995118
244252,54.0,54.94959710219951,0.9495971021995118
244426,19.0,32.71514350105437,13.71514350105437
244427,10.0,54.94959710219951,44.94959710219951
244433,27.0,54.94959710219951,27.94959710219951
244455,59.0,54.94959710219951,-4.050402897800488
244493,44.0,54.94959710219951,10.949597102199512
244654,5.0,32.71514350105437,27.71514350105437
244694,24.0,33.315439062121,9.315439062121001
244700,4.0,54.94959710219951,50.94959710219951
244800,14.0,54.94959710219951,40.94959710219951
244945,5.0,54.94959710219951,49.94959710219951
244977,50.0,54.94959710219951,4.949597102199512
245012,4.0,54.94959710219951,50.94959710219951
245114,5.0,54.94959710219951,49.94959710219951
245284,23.0,54.94959710219951,31.94959710219951
245447,22.0,54.94959710219951,32.94959710219951
245449,1.0,54.94959710219951,53.94959710219951
245521,26.0,54.94959710219951,28.94959710219951
245539,26.0,33.315439062121,7.315439062121001
245654,60.0,54.94959710219951,-5.050402897800488
245681,55.0,54.94959710219951,-0.05040289780048823
245704,48.0,54.94959710219951,6.949597102199512
245706,25.0,33.315439062121,8.315439062121001
245739,56.0,54.94959710219951,-1.0504028978004882
245928,2.0,54.94959710219951,52.94959710219951
246431,50.0,54.94959710219951,4.949597102199512
246443,30.0,33.315439062121,3.3154390621210013
246493,47.0,54.94959710219951,7.949597102199512
246515,5.0,32.71514350105437,27.71514350105437
246536,27.0,54.94959710219951,27.94959710219951
246540,12.0,54.94959710219951,42.94959710219951
246580,56.0,54.94959710219951,-1.0504028978004882
246589,23.0,54.94959710219951,31.94959710219951
246638,50.0,33.315439062121,-16.684560937879
246639,5.0,54.94959710219951,49.94959710219951
246864,84.0,54.94959710219951,-29.05040289780049
246883,41.0,33.315439062121,-7.684560937878999
246930,5.0,54.94959710219951,49.94959710219951
247079,23.0,33.315439062121,10.315439062121001
247102,60.0,54.94959710219951,-5.050402897800488
247129,27.0,54.94959710219951,27.94959710219951
247171,43.0,54.94959710219951,11.949597102199512
247343,49.0,54.94959710219951,5.949597102199512
247555,61.0,54.94959710219951,-6.050402897800488
247680,21.0,32.71514350105437,11.71514350105437
247720,47.0,33.315439062121,-13.684560937878999
247768,5.0,54.94959710219951,49.94959710219951
247782,6.0,54.94959710219951,48.94959710219951
247811,60.0,54.94959710219951,-5.050402897800488
247873,44.0,54.94959710219951,10.949597102199512
247935,42.0,54.94959710219951,12.949597102199512
247983,8.0,54.94959710219951,46.94959710219951
248109,34.0,54.94959710219951,20.94959710219951
248185,19.0,54.94959710219951,35.94959710219951
248250,44.0,54.94959710219951,10.949597102199512
248296,40.0,54.94959710219951,14.949597102199512
248311,32.0,54.94959710219951,22.94959710219951
248344,58.0,54.94959710219951,-3.0504028978004882
248411,41.0,54.94959710219951,13.949597102199512
248493,22.0,54.94959710219951,32.94959710219951
248500,48.0,54.94959710219951,6.949597102199512
248518,41.0,54.94959710219951,13.949597102199512
248685,45.0,54.94959710219951,9.949597102199512
248727,39.0,54.94959710219951,15.949597102199512
248730,25.0,54.94959710219951,29.94959710219951
248797,26.0,54.94959710219951,28.94959710219951
248909,44.0,54.94959710219951,10.949597102199512
248961,50.0,33.315439062121,-16.684560937879
249043,44.0,54.94959710219951,10.949597102199512
249270,58.0,54.94959710219951,-3.0504028978004882
249400,43.0,54.94959710219951,11.949597102199512
249509,13.0,54.94959710219951,41.94959710219951
249514,30.0,54.94959710219951,24.94959710219951
249610,39.0,54.94959710219951,15.949597102199512
249660,1.0,54.94959710219951,53.94959710219951
249872,32.0,54.94959710219951,22.94959710219951
249917,40.0,54.94959710219951,14.949597102199512
249940,57.0,54.94959710219951,-2.0504028978004882
249952,4.0,54.94959710219951,50.94959710219951
249953,61.0,54.94959710219951,-6.050402897800488
250027,7.0,32.71514350105437,25.71514350105437
250055,25.0,33.315439062121,8.315439062121001
250138,27.0,54.94959710219951,27.94959710219951
250226,5.0,54.94959710219951,49.94959710219951
250355,29.0,54.94959710219951,25.94959710219951
250628,39.0,54.94959710219951,15.949597102199512
250658,11.0,54.94959710219951,43.94959710219951
250796,58.0,54.94959710219951,-3.0504028978004882
250826,28.0,54.94959710219951,26.94959710219951
250845,27.0,33.315439062121,6.315439062121001
250953,58.0,54.94959710219951,-3.0504028978004882
251037,55.0,54.94959710219951,-0.05040289780048823
251168,40.0,54.94959710219951,14.949597102199512
251401,46.0,54.94959710219951,8.949597102199512
251421,4.0,54.94959710219951,50.94959710219951
251432,4.0,33.315439062121,29.315439062121
251515,59.0,54.94959710219951,-4.050402897800488
251578,42.0,54.94959710219951,12.949597102199512
251877,3.0,54.94959710219951,51.94959710219951
252001,5.0,54.94959710219951,49.94959710219951
252027,41.0,54.94959710219951,13.949597102199512
252159,12.0,54.94959710219951,42.94959710219951
252286,48.0,54.94959710219951,6.949597102199512
252322,42.0,54.94959710219951,12.949597102199512
252355,40.0,54.94959710219951,14.949597102199512
252472,14.0,54.94959710219951,40.94959710219951
252540,4.0,54.94959710219951,50.94959710219951
252611,0.0,54.94959710219951,54.94959710219951
252696,29.0,54.94959710219951,25.94959710219951
252719,59.0,54.94959710219951,-4.050402897800488
252759,48.0,54.94959710219951,6.949597102199512
252889,68.0,54.94959710219951,-13.050402897800488
252998,98.0,54.94959710219951,-43.05040289780049
253025,23.0,32.71514350105437,9.71514350105437
253041,38.0,54.94959710219951,16.94959710219951
253080,48.0,54.94959710219951,6.949597102199512
253091,52.0,54.94959710219951,2.9495971021995118
253092,33.0,54.94959710219951,21.94959710219951
253102,48.0,54.94959710219951,6.949597102199512
253192,6.0,54.94959710219951,48.94959710219951
253243,44.0,54.94959710219951,10.949597102199512
253266,33.0,54.94959710219951,21.94959710219951
253288,5.0,54.94959710219951,49.94959710219951
253357,42.0,54.94959710219951,12.949597102199512
253446,12.0,54.94959710219951,42.94959710219951
253593,55.0,54.94959710219951,-0.05040289780048823
253725,23.0,33.315439062121,10.315439062121001
253908,40.0,54.94959710219951,14.949597102199512
253913,12.0,54.94959710219951,42.94959710219951
253927,35.0,54.94959710219951,19.94959710219951
254009,59.0,54.94959710219951,-4.050402897800488
254039,45.0,54.94959710219951,9.949597102199512
254611,38.0,54.94959710219951,16.94959710219951
254614,33.0,54.94959710219951,21.94959710219951
254657,38.0,54.94959710219951,16.94959710219951
254781,6.0,54.94959710219951,48.94959710219951
254797,41.0,54.94959710219951,13.949597102199512
254834,5.0,54.94959710219951,49.94959710219951
254995,28.0,32.71514350105437,4.715143501054371
255107,3.0,54.94959710219951,51.94959710219951
255137,4.0,54.94959710219951,50.94959710219951
255371,54.0,54.94959710219951,0.9495971021995118
255472,49.0,54.94959710219951,5.949597102199512
255547,46.0,54.94959710219951,8.949597102199512
255607,59.0,54.94959710219951,-4.050402897800488
255739,39.0,54.94959710219951,15.949597102199512
255785,43.0,54.94959710219951,11.949597102199512
255801,61.0,54.94959710219951,-6.050402897800488
255805,32.0,33.315439062121,1.3154390621210013
255857,29.0,54.94959710219951,25.94959710219951
255918,52.0,54.94959710219951,2.9495971021995118
255937,28.0,33.315439062121,5.315439062121001
255957,24.0,33.315439062121,9.315439062121001
256026,55.0,54.94959710219951,-0.05040289780048823
256103,47.0,54.94959710219951,7.949597102199512
256123,55.0,54.94959710219951,-0.05040289780048823
256129,5.0,54.94959710219951,49.94959710219951
256188,21.0,54.94959710219951,33.94959710219951
256193,29.0,33.315439062121,4.315439062121001
256322,4.0,32.71514350105437,28.71514350105437
256404,27.0,54.94959710219951,27.94959710219951
256434,7.0,33.315439062121,26.315439062121
256620,29.0,54.94959710219951,25.94959710219951
256670,48.0,54.94959710219951,6.949597102199512
256671,26.0,54.94959710219951,28.94959710219951
256694,40.0,54.94959710219951,14.949597102199512
256712,4.0,54.94959710219951,50.94959710219951
256744,27.0,54.94959710219951,27.94959710219951
256756,63.0,54.94959710219951,-8.050402897800488
256860,30.0,54.94959710219951,24.94959710219951
256865,26.0,33.315439062121,7.315439062121001
257033,25.0,33.315439062121,8.315439062121001
257043,58.0,54.94959710219951,-3.0504028978004882
257067,17.0,54.94959710219951,37.94959710219951
257092,24.0,54.94959710219951,30.94959710219951
257144,112.0,54.94959710219951,-57.05040289780049
257215,47.0,54.94959710219951,7.949597102199512
257416,5.0,54.94959710219951,49.94959710219951
257472,26.0,54.94959710219951,28.94959710219951
257551,33.0,54.94959710219951,21.94959710219951
257586,61.0,54.94959710219951,-6.050402897800488
257700,59.0,54.94959710219951,-4.050402897800488
257718,67.0,54.94959710219951,-12.050402897800488
257737,50.0,54.94959710219951,4.949597102199512
257773,26.0,33.315439062121,7.315439062121001
257834,53.0,54.94959710219951,1.9495971021995118
257869,4.0,54.94959710219951,50.94959710219951
257968,49.0,54.94959710219951,5.949597102199512
257996,5.0,54.94959710219951,49.94959710219951
258102,5.0,54.94959710219951,49.94959710219951
258142,31.0,54.94959710219951,23.94959710219951
258146,26.0,33.315439062121,7.315439062121001
258177,72.0,54.94959710219951,-17.05040289780049
258309,59.0,54.94959710219951,-4.050402897800488
258350,3.0,54.94959710219951,51.94959710219951
258378,19.0,54.94959710219951,35.94959710219951
258510,7.0,54.94959710219951,47.94959710219951
258530,6.0,54.94959710219951,48.94959710219951
258659,61.0,54.94959710219951,-6.050402897800488
258823,88.0,54.94959710219951,-33.05040289780049
258947,20.0,54.94959710219951,34.94959710219951
259008,58.0,54.94959710219951,-3.0504028978004882
259061,1.0,32.71514350105437,31.71514350105437
259087,2.0,54.94959710219951,52.94959710219951
259134,3.0,54.94959710219951,51.94959710219951
259193,19.0,54.94959710219951,35.94959710219951
259237,48.0,33.315439062121,-14.684560937878999
259275,58.0,54.94959710219951,-3.0504028978004882
259294,78.0,54.94959710219951,-23.05040289780049
259443,27.0,54.94959710219951,27.94959710219951
259506,30.0,54.94959710219951,24.94959710219951
259515,3.0,54.94959710219951,51.94959710219951
259533,5.0,54.94959710219951,49.94959710219951
259583,58.0,54.94959710219951,-3.0504028978004882
259669,12.0,54.94959710219951,42.94959710219951
259758,4.0,54.94959710219951,50.94959710219951
259831,9.0,32.71514350105437,23.71514350105437
259852,7.0,54.94959710219951,47.94959710219951
259913,26.0,54.94959710219951,28.94959710219951
259937,43.0,54.94959710219951,11.949597102199512
260010,20.0,54.94959710219951,34.94959710219951
260162,23.0,33.315439062121,10.315439062121001
260280,46.0,54.94959710219951,8.949597102199512
260288,2.0,54.94959710219951,52.94959710219951
260389,48.0,54.94959710219951,6.949597102199512
260438,27.0,54.94959710219951,27.94959710219951
260439,86.0,54.94959710219951,-31.05040289780049
260444,41.0,54.94959710219951,13.949597102199512
260485,40.0,54.94959710219951,14.949597102199512
260558,52.0,54.94959710219951,2.9495971021995118
260610,28.0,54.94959710219951,26.94959710219951
260637,1.0,54.94959710219951,53.94959710219951
260669,12.0,54.94959710219951,42.94959710219951
260672,27.0,33.315439062121,6.315439062121001
260684,69.0,54.94959710219951,-14.050402897800488
260860,55.0,54.94959710219951,-0.05040289780048823
260939,40.0,33.315439062121,-6.684560937878999
260957,58.0,54.94959710219951,-3.0504028978004882
261052,21.0,33.315439062121,12.315439062121001
261152,88.0,54.94959710219951,-33.05040289780049
261262,3.0,54.94959710219951,51.94959710219951
261337,0.0,54.94959710219951,54.94959710219951
261432,2.0,54.94959710219951,52.94959710219951
261526,5.0,54.94959710219951,49.94959710219951
261600,38.0,54.94959710219951,16.94959710219951
261634,41.0,54.94959710219951,13.949597102199512
261635,28.0,54.94959710219951,26.94959710219951
261704,53.0,54.94959710219951,1.9495971021995118
261798,28.0,33.315439062121,5.315439062121001
261813,4.0,54.94959710219951,50.94959710219951
261831,38.0,54.94959710219951,16.94959710219951
261855,48.0,33.315439062121,-14.684560937878999
261993,18.0,54.94959710219951,36.94959710219951
262010,5.0,54.94959710219951,49.94959710219951
262018,26.0,54.94959710219951,28.94959710219951
262027,4.0,54.94959710219951,50.94959710219951
262096,33.0,54.94959710219951,21.94959710219951
262135,45.0,54.94959710219951,9.949597102199512
262190,25.0,54.94959710219951,29.94959710219951
262235,61.0,54.94959710219951,-6.050402897800488
262252,61.0,54.94959710219951,-6.050402897800488
262278,3.0,54.94959710219951,51.94959710219951
262380,46.0,54.94959710219951,8.949597102199512
262427,27.0,33.315439062121,6.315439062121001
262522,2.0,54.94959710219951,52.94959710219951
262537,4.0,54.94959710219951,50.94959710219951
262574,51.0,54.94959710219951,3.9495971021995118
262624,60.0,54.94959710219951,-5.050402897800488
262625,24.0,33.315439062121,9.315439062121001
262844,40.0,54.94959710219951,14.949597102199512
262845,40.0,54.94959710219951,14.949597102199512
262858,24.0,54.94959710219951,30.94959710219951
262901,55.0,54.94959710219951,-0.05040289780048823
263158,5.0,54.94959710219951,49.94959710219951
263347,54.0,54.94959710219951,0.9495971021995118
263349,36.0,54.94959710219951,18.94959710219951
263400,43.0,54.94959710219951,11.949597102199512
263462,61.0,54.94959710219951,-6.050402897800488
263477,44.0,54.94959710219951,10.949597102199512
263495,41.0,33.315439062121,-7.684560937878999
263496,53.0,54.94959710219951,1.9495971021995118
263523,1.0,54.94959710219951,53.94959710219951
263538,60.0,54.94959710219951,-5.050402897800488
263768,45.0,54.94959710219951,9.949597102199512
263872,40.0,54.94959710219951,14.949597102199512
264018,5.0,54.94959710219951,49.94959710219951
264061,55.0,54.94959710219951,-0.05040289780048823
264241,0.0,54.94959710219951,54.94959710219951
264279,0.0,54.94959710219951,54.94959710219951
264310,58.0,54.94959710219951,-3.0504028978004882
264364,27.0,54.94959710219951,27.94959710219951
264375,41.0,54.94959710219951,13.949597102199512
264417,54.0,54.94959710219951,0.9495971021995118
264441,33.0,54.94959710219951,21.94959710219951
264495,34.0,54.94959710219951,20.94959710219951
264501,27.0,33.315439062121,6.315439062121001
264526,5.0,54.94959710219951,49.94959710219951
264577,57.0,54.94959710219951,-2.0504028978004882
264586,53.0,54.94959710219951,1.9495971021995118
264616,38.0,54.94959710219951,16.94959710219951
264821,58.0,54.94959710219951,-3.0504028978004882
264925,24.0,33.315439062121,9.315439062121001
264967,12.0,54.94959710219951,42.94959710219951
265260,5.0,54.94959710219951,49.94959710219951
265324,54.0,54.94959710219951,0.9495971021995118
265451,6.0,54.94959710219951,48.94959710219951
265470,6.0,54.94959710219951,48.94959710219951
265546,19.0,33.315439062121,14.315439062121001
265590,59.0,54.94959710219951,-4.050402897800488
265638,40.0,54.94959710219951,14.949597102199512
265665,2.0,54.94959710219951,52.94959710219951
265696,33.0,54.94959710219951,21.94959710219951
265728,5.0,54.94959710219951,49.94959710219951
265736,7.0,54.94959710219951,47.94959710219951
265819,6.0,54.94959710219951,48.94959710219951
265873,19.0,54.94959710219951,35.94959710219951
265983,27.0,33.315439062121,6.315439062121001
266020,12.0,54.94959710219951,42.94959710219951
266175,43.0,54.94959710219951,11.949597102199512
266228,35.0,54.94959710219951,19.94959710219951
266301,5.0,54.94959710219951,49.94959710219951
266325,44.0,54.94959710219951,10.949597102199512
266407,68.0,54.94959710219951,-13.050402897800488
266484,61.0,54.94959710219951,-6.050402897800488
266611,6.0,54.94959710219951,48.94959710219951
266615,55.0,54.94959710219951,-0.05040289780048823
266629,28.0,54.94959710219951,26.94959710219951
266660,53.0,54.94959710219951,1.9495971021995118
266685,60.0,54.94959710219951,-5.050402897800488
266791,30.0,54.94959710219951,24.94959710219951
266802,3.0,54.94959710219951,51.94959710219951
266877,50.0,54.94959710219951,4.949597102199512
266896,47.0,54.94959710219951,7.949597102199512
267013,59.0,54.94959710219951,-4.050402897800488
267065,13.0,54.94959710219951,41.94959710219951
267074,81.0,54.94959710219951,-26.05040289780049
267112,12.0,54.94959710219951,42.94959710219951
267238,61.0,54.94959710219951,-6.050402897800488
267412,6.0,54.94959710219951,48.94959710219951
267414,27.0,33.315439062121,6.315439062121001
267477,55.0,54.94959710219951,-0.05040289780048823
267510,61.0,54.94959710219951,-6.050402897800488
267546,41.0,54.94959710219951,13.949597102199512
267595,26.0,33.315439062121,7.315439062121001
267669,41.0,54.94959710219951,13.949597102199512
267676,28.0,54.94959710219951,26.94959710219951
267728,19.0,54.94959710219951,35.94959710219951
267743,3.0,54.94959710219951,51.94959710219951
267923,27.0,33.315439062121,6.315439062121001
268025,40.0,54.94959710219951,14.949597102199512
268293,5.0,54.94959710219951,49.94959710219951
268338,40.0,54.94959710219951,14.949597102199512
268352,32.0,54.94959710219951,22.94959710219951
268400,54.0,54.94959710219951,0.9495971021995118
268405,52.0,54.94959710219951,2.9495971021995118
268463,5.0,54.94959710219951,49.94959710219951
268475,54.0,54.94959710219951,0.9495971021995118
268534,68.0,54.94959710219951,-13.050402897800488
268572,25.0,33.315439062121,8.315439062121001
268591,4.0,54.94959710219951,50.94959710219951
268604,5.0,54.94959710219951,49.94959710219951
268618,44.0,54.94959710219951,10.949597102199512
268688,12.0,54.94959710219951,42.94959710219951
268694,58.0,54.94959710219951,-3.0504028978004882
268704,5.0,54.94959710219951,49.94959710219951
268705,40.0,54.94959710219951,14.949597102199512
268740,58.0,54.94959710219951,-3.0504028978004882
268756,61.0,54.94959710219951,-6.050402897800488
268767,5.0,32.71514350105437,27.71514350105437
268797,26.0,33.315439062121,7.315439062121001
268808,24.0,54.94959710219951,30.94959710219951
268809,40.0,54.94959710219951,14.949597102199512
268812,5.0,54.94959710219951,49.94959710219951
268929,40.0,54.94959710219951,14.949597102199512
268933,5.0,54.94959710219951,49.94959710219951
269038,21.0,54.94959710219951,33.94959710219951
269097,26.0,54.94959710219951,28.94959710219951
269213,61.0,54.94959710219951,-6.050402897800488
269297,1.0,54.94959710219951,53.94959710219951
269346,30.0,54.94959710219951,24.94959710219951
269435,12.0,54.94959710219951,42.94959710219951
269800,34.0,54.94959710219951,20.94959710219951
269808,1.0,54.94959710219951,53.94959710219951
269849,54.0,54.94959710219951,0.9495971021995118
270096,9.0,54.94959710219951,45.94959710219951
270129,55.0,54.94959710219951,-0.05040289780048823
270143,39.0,54.94959710219951,15.949597102199512
270244,54.0,54.94959710219951,0.9495971021995118
270303,58.0,54.94959710219951,-3.0504028978004882
270318,6.0,54.94959710219951,48.94959710219951
270322,7.0,54.94959710219951,47.94959710219951
270331,60.0,54.94959710219951,-5.050402897800488
270525,45.0,54.94959710219951,9.949597102199512
270621,25.0,33.315439062121,8.315439062121001
270652,58.0,54.94959710219951,-3.0504028978004882
270660,40.0,54.94959710219951,14.949597102199512
270717,55.0,54.94959710219951,-0.05040289780048823
270765,47.0,54.94959710219951,7.949597102199512
270776,5.0,54.94959710219951,49.94959710219951
270819,61.0,54.94959710219951,-6.050402897800488
270822,49.0,33.315439062121,-15.684560937878999
270905,49.0,54.94959710219951,5.949597102199512
270964,40.0,54.94959710219951,14.949597102199512
271087,5.0,54.94959710219951,49.94959710219951
271139,40.0,54.94959710219951,14.949597102199512
271197,39.0,54.94959710219951,15.949597102199512
271221,41.0,54.94959710219951,13.949597102199512
271238,44.0,33.315439062121,-10.684560937878999
271256,4.0,54.94959710219951,50.94959710219951
271274,3.0,54.94959710219951,51.94959710219951
271292,45.0,54.94959710219951,9.949597102199512
271349,21.0,54.94959710219951,33.94959710219951
271358,49.0,54.94959710219951,5.949597102199512
271363,13.0,54.94959710219951,41.94959710219951
271459,26.0,33.315439062121,7.315439062121001
271469,42.0,33.315439062121,-8.684560937878999
271697,27.0,54.94959710219951,27.94959710219951
271759,54.0,54.94959710219951,0.9495971021995118
271857,40.0,54.94959710219951,14.949597102199512
271952,43.0,54.94959710219951,11.949597102199512
271968,5.0,32.71514350105437,27.71514350105437
272130,47.0,54.94959710219951,7.949597102199512
272135,57.0,54.94959710219951,-2.0504028978004882
272482,20.0,33.315439062121,13.315439062121001
272498,45.0,54.94959710219951,9.949597102199512
272547,36.0,54.94959710219951,18.94959710219951
272562,41.0,54.94959710219951,13.949597102199512
272766,18.0,32.71514350105437,14.71514350105437
272922,41.0,33.315439062121,-7.684560937878999
272973,31.0,33.315439062121,2.3154390621210013
272986,52.0,54.94959710219951,2.9495971021995118
273061,27.0,33.315439062121,6.315439062121001
273102,55.0,54.94959710219951,-0.05040289780048823
273140,30.0,54.94959710219951,24.94959710219951
273148,37.0,33.315439062121,-3.6845609378789987
273297,54.0,54.94959710219951,0.9495971021995118
273328,26.0,54.94959710219951,28.94959710219951
273387,27.0,33.315439062121,6.315439062121001
273397,12.0,32.71514350105437,20.71514350105437
273404,23.0,33.315439062121,10.315439062121001
273484,32.0,54.94959710219951,22.94959710219951
273494,27.0,33.315439062121,6.315439062121001
273520,48.0,54.94959710219951,6.949597102199512
273531,20.0,33.315439062121,13.315439062121001
273541,19.0,54.94959710219951,35.94959710219951
273588,67.0,54.94959710219951,-12.050402897800488
273742,4.0,54.94959710219951,50.94959710219951
273774,40.0,33.315439062121,-6.684560937878999
273918,48.0,54.94959710219951,6.949597102199512
273938,40.0,54.94959710219951,14.949597102199512
273954,56.0,54.94959710219951,-1.0504028978004882
273995,40.0,54.94959710219951,14.949597102199512
274018,11.0,54.94959710219951,43.94959710219951
274067,30.0,54.94959710219951,24.94959710219951
274096,55.0,54.94959710219951,-0.05040289780048823
274106,48.0,54.94959710219951,6.949597102199512
274178,50.0,54.94959710219951,4.949597102199512
274201,1.0,54.94959710219951,53.94959710219951
274248,26.0,54.94959710219951,28.94959710219951
274324,62.0,54.94959710219951,-7.050402897800488
274363,41.0,54.94959710219951,13.949597102199512
274364,38.0,54.94959710219951,16.94959710219951
274394,37.0,54.94959710219951,17.94959710219951
274449,5.0,54.94959710219951,49.94959710219951
274472,20.0,54.94959710219951,34.94959710219951
274641,34.0,33.315439062121,-0.6845609378789987
274648,18.0,54.94959710219951,36.94959710219951
274667,60.0,54.94959710219951,-5.050402897800488
274719,44.0,54.94959710219951,10.949597102199512
274759,40.0,54.94959710219951,14.949597102199512
274816,1.0,54.94959710219951,53.94959710219951
274924,30.0,54.94959710219951,24.94959710219951
274965,25.0,33.315439062121,8.315439062121001
275011,27.0,33.315439062121,6.315439062121001
275045,39.0,54.94959710219951,15.949597102199512
275117,68.0,54.94959710219951,-13.050402897800488
275375,54.0,54.94959710219951,0.9495971021995118
275464,5.0,54.94959710219951,49.94959710219951
275553,58.0,32.71514350105437,-25.28485649894563
275587,5.0,54.94959710219951,49.94959710219951
275592,10.0,54.94959710219951,44.94959710219951
275652,39.0,54.94959710219951,15.949597102199512
275681,15.0,32.71514350105437,17.71514350105437
275682,27.0,54.94959710219951,27.94959710219951
275710,26.0,54.94959710219951,28.94959710219951
275736,61.0,54.94959710219951,-6.050402897800488
275795,8.0,54.94959710219951,46.94959710219951
275822,55.0,54.94959710219951,-0.05040289780048823
276014,59.0,54.94959710219951,-4.050402897800488
276092,26.0,33.315439062121,7.315439062121001
276193,17.0,54.94959710219951,37.94959710219951
276210,44.0,54.94959710219951,10.949597102199512
276250,31.0,33.315439062121,2.3154390621210013
276323,42.0,54.94959710219951,12.949597102199512
276397,49.0,54.94959710219951,5.949597102199512
276438,63.0,54.94959710219951,-8.050402897800488
276478,33.0,54.94959710219951,21.94959710219951
276601,48.0,54.94959710219951,6.949597102199512
276691,5.0,54.94959710219951,49.94959710219951
276694,37.0,32.71514350105437,-4.284856498945629
276779,33.0,54.94959710219951,21.94959710219951
276792,34.0,54.94959710219951,20.94959710219951
276817,43.0,54.94959710219951,11.949597102199512
276859,43.0,54.94959710219951,11.949597102199512
277051,28.0,54.94959710219951,26.94959710219951
277094,29.0,54.94959710219951,25.94959710219951
277105,26.0,54.94959710219951,28.94959710219951
277137,6.0,54.94959710219951,48.94959710219951
277174,62.0,54.94959710219951,-7.050402897800488
277197,30.0,54.94959710219951,24.94959710219951
277202,27.0,54.94959710219951,27.94959710219951
277250,9.0,54.94959710219951,45.94959710219951
277339,48.0,54.94959710219951,6.949597102199512
277349,40.0,54.94959710219951,14.949597102199512
277437,26.0,54.94959710219951,28.94959710219951
277477,6.0,54.94959710219951,48.94959710219951
277484,5.0,54.94959710219951,49.94959710219951
277495,28.0,33.315439062121,5.315439062121001
277540,49.0,54.94959710219951,5.949597102199512
277567,26.0,33.315439062121,7.315439062121001
277592,29.0,54.94959710219951,25.94959710219951
277786,7.0,54.94959710219951,47.94959710219951
277857,3.0,54.94959710219951,51.94959710219951
277880,29.0,54.94959710219951,25.94959710219951
277912,5.0,54.94959710219951,49.94959710219951
277914,27.0,54.94959710219951,27.94959710219951
277921,58.0,54.94959710219951,-3.0504028978004882
277941,5.0,54.94959710219951,49.94959710219951
278265,23.0,33.315439062121,10.315439062121001
278346,5.0,54.94959710219951,49.94959710219951
278582,41.0,54.94959710219951,13.949597102199512
278722,19.0,32.71514350105437,13.71514350105437
278829,48.0,54.94959710219951,6.949597102199512
278977,48.0,54.94959710219951,6.949597102199512
279044,74.0,54.94959710219951,-19.05040289780049
279149,46.0,54.94959710219951,8.949597102199512
279183,9.0,54.94959710219951,45.94959710219951
279198,5.0,54.94959710219951,49.94959710219951
279214,27.0,33.315439062121,6.315439062121001
279220,18.0,54.94959710219951,36.94959710219951
279250,64.0,54.94959710219951,-9.050402897800488
279257,55.0,54.94959710219951,-0.05040289780048823
279267,5.0,54.94959710219951,49.94959710219951
279390,22.0,33.315439062121,11.315439062121001
279618,61.0,54.94959710219951,-6.050402897800488
279956,12.0,54.94959710219951,42.94959710219951
279976,47.0,54.94959710219951,7.949597102199512
280018,46.0,54.94959710219951,8.949597102199512
280081,13.0,54.94959710219951,41.94959710219951
280150,41.0,54.94959710219951,13.949597102199512
280182,59.0,54.94959710219951,-4.050402897800488
280255,19.0,54.94959710219951,35.94959710219951
280278,30.0,54.94959710219951,24.94959710219951
280330,54.0,54.94959710219951,0.9495971021995118
280341,35.0,54.94959710219951,19.94959710219951
280442,60.0,54.94959710219951,-5.050402897800488
280486,12.0,54.94959710219951,42.94959710219951
280508,51.0,54.94959710219951,3.9495971021995118
280510,62.0,54.94959710219951,-7.050402897800488
280540,5.0,54.94959710219951,49.94959710219951
280546,54.0,54.94959710219951,0.9495971021995118
280644,59.0,54.94959710219951,-4.050402897800488
280687,41.0,54.94959710219951,13.949597102199512
280951,40.0,54.94959710219951,14.949597102199512
280958,41.0,54.94959710219951,13.949597102199512
280970,4.0,32.71514350105437,28.71514350105437
281006,56.0,54.94959710219951,-1.0504028978004882
281107,3.0,54.94959710219951,51.94959710219951
281324,40.0,54.94959710219951,14.949597102199512
281400,50.0,54.94959710219951,4.949597102199512
281425,38.0,32.71514350105437,-5.284856498945629
281505,35.0,54.94959710219951,19.94959710219951
281509,27.0,33.315439062121,6.315439062121001
281612,25.0,33.315439062121,8.315439062121001
281625,40.0,54.94959710219951,14.949597102199512
281646,41.0,54.94959710219951,13.949597102199512
281718,57.0,54.94959710219951,-2.0504028978004882
281854,7.0,54.94959710219951,47.94959710219951
281896,49.0,33.315439062121,-15.684560937878999
282012,12.0,54.94959710219951,42.94959710219951
282082,45.0,54.94959710219951,9.949597102199512
282113,33.0,54.94959710219951,21.94959710219951
282123,4.0,54.94959710219951,50.94959710219951
282129,12.0,54.94959710219951,42.94959710219951
282198,31.0,54.94959710219951,23.94959710219951
282389,44.0,54.94959710219951,10.949597102199512
282598,40.0,54.94959710219951,14.949597102199512
282624,4.0,54.94959710219951,50.94959710219951
282656,61.0,54.94959710219951,-6.050402897800488
282828,0.0,54.94959710219951,54.94959710219951
282917,32.0,54.94959710219951,22.94959710219951
282971,36.0,54.94959710219951,18.94959710219951
283075,40.0,54.94959710219951,14.949597102199512
283078,5.0,54.94959710219951,49.94959710219951
283103,27.0,33.315439062121,6.315439062121001
283186,24.0,54.94959710219951,30.94959710219951
283249,4.0,54.94959710219951,50.94959710219951
283278,47.0,54.94959710219951,7.949597102199512
283438,58.0,54.94959710219951,-3.0504028978004882
283452,112.0,54.94959710219951,-57.05040289780049
283510,28.0,54.94959710219951,26.94959710219951
283516,0.0,54.94959710219951,54.94959710219951
283938,59.0,54.94959710219951,-4.050402897800488
284010,32.0,54.94959710219951,22.94959710219951
284067,29.0,54.94959710219951,25.94959710219951
284196,26.0,33.315439062121,7.315439062121001
284265,58.0,54.94959710219951,-3.0504028978004882
284540,54.0,54.94959710219951,0.9495971021995118
284644,30.0,33.315439062121,3.3154390621210013
284689,12.0,54.94959710219951,42.94959710219951
284697,54.0,54.94959710219951,0.9495971021995118
284798,61.0,54.94959710219951,-6.050402897800488
284837,21.0,33.315439062121,12.315439062121001
284846,48.0,54.94959710219951,6.949597102199512
284865,61.0,54.94959710219951,-6.050402897800488
284911,19.0,54.94959710219951,35.94959710219951
284956,3.0,54.94959710219951,51.94959710219951
284961,5.0,54.94959710219951,49.94959710219951
285013,49.0,33.315439062121,-15.684560937878999
285036,64.0,54.94959710219951,-9.050402897800488
285088,16.0,54.94959710219951,38.94959710219951
285129,42.0,54.94959710219951,12.949597102199512
285145,0.0,54.94959710219951,54.94959710219951
285161,12.0,54.94959710219951,42.94959710219951
285326,58.0,54.94959710219951,-3.0504028978004882
285332,39.0,33.315439062121,-5.684560937878999
285344,48.0,54.94959710219951,6.949597102199512
285458,23.0,33.315439062121,10.315439062121001
285558,23.0,32.71514350105437,9.71514350105437
285566,59.0,32.71514350105437,-26.28485649894563
285689,20.0,54.94959710219951,34.94959710219951
285769,44.0,54.94959710219951,10.949597102199512
285798,19.0,54.94959710219951,35.94959710219951
285959,40.0,54.94959710219951,14.949597102199512
286135,43.0,54.94959710219951,11.949597102199512
286210,54.0,54.94959710219951,0.9495971021995118
286315,55.0,54.94959710219951,-0.05040289780048823
286346,4.0,54.94959710219951,50.94959710219951
286454,60.0,54.94959710219951,-5.050402897800488
286474,5.0,32.71514350105437,27.71514350105437
286506,37.0,54.94959710219951,17.94959710219951
286512,27.0,33.315439062121,6.315439062121001
286550,41.0,33.315439062121,-7.684560937878999
286616,5.0,54.94959710219951,49.94959710219951
286727,6.0,54.94959710219951,48.94959710219951
286737,58.0,54.94959710219951,-3.0504028978004882
286790,38.0,54.94959710219951,16.94959710219951
286852,29.0,54.94959710219951,25.94959710219951
286876,19.0,54.94959710219951,35.94959710219951
286954,45.0,54.94959710219951,9.949597102199512
287020,12.0,54.94959710219951,42.94959710219951
287192,8.0,54.94959710219951,46.94959710219951
287240,44.0,54.94959710219951,10.949597102199512
287290,5.0,54.94959710219951,49.94959710219951
287334,33.0,54.94959710219951,21.94959710219951
287340,28.0,54.94959710219951,26.94959710219951
287341,23.0,33.315439062121,10.315439062121001
287382,59.0,54.94959710219951,-4.050402897800488
287399,40.0,54.94959710219951,14.949597102199512
287407,60.0,54.94959710219951,-5.050402897800488
287421,48.0,54.94959710219951,6.949597102199512
287547,39.0,33.315439062121,-5.684560937878999
287608,26.0,54.94959710219951,28.94959710219951
287647,23.0,33.315439062121,10.315439062121001
287651,5.0,54.94959710219951,49.94959710219951
287668,57.0,54.94959710219951,-2.0504028978004882
287723,6.0,54.94959710219951,48.94959710219951
287761,61.0,54.94959710219951,-6.050402897800488
287804,102.0,54.94959710219951,-47.05040289780049
287866,30.0,54.94959710219951,24.94959710219951
287926,1.0,54.94959710219951,53.94959710219951
287937,59.0,54.94959710219951,-4.050402897800488
287955,31.0,54.94959710219951,23.94959710219951
287963,55.0,54.94959710219951,-0.05040289780048823
288004,26.0,33.315439062121,7.315439062121001
288056,4.0,54.94959710219951,50.94959710219951
288106,6.0,54.94959710219951,48.94959710219951
288230,11.0,54.94959710219951,43.94959710219951
288292,54.0,54.94959710219951,0.9495971021995118
288337,4.0,54.94959710219951,50.94959710219951
288352,55.0,54.94959710219951,-0.05040289780048823
288461,26.0,54.94959710219951,28.94959710219951
288542,42.0,54.94959710219951,12.949597102199512
288554,4.0,54.94959710219951,50.94959710219951
288578,54.0,54.94959710219951,0.9495971021995118
288607,17.0,54.94959710219951,37.94959710219951
288630,44.0,54.94959710219951,10.949597102199512
288747,55.0,54.94959710219951,-0.05040289780048823
288773,43.0,54.94959710219951,11.949597102199512
288819,19.0,33.315439062121,14.315439062121001
288833,58.0,54.94959710219951,-3.0504028978004882
288973,28.0,54.94959710219951,26.94959710219951
289120,26.0,54.94959710219951,28.94959710219951
289286,37.0,54.94959710219951,17.94959710219951
289299,19.0,54.94959710219951,35.94959710219951
289330,48.0,54.94959710219951,6.949597102199512
289374,37.0,54.94959710219951,17.94959710219951
289392,19.0,32.71514350105437,13.71514350105437
289393,35.0,54.94959710219951,19.94959710219951
289394,4.0,54.94959710219951,50.94959710219951
289399,21.0,54.94959710219951,33.94959710219951
289462,58.0,54.94959710219951,-3.0504028978004882
289490,2.0,54.94959710219951,52.94959710219951
289686,85.0,54.94959710219951,-30.05040289780049
289705,32.0,54.94959710219951,22.94959710219951
289725,33.0,54.94959710219951,21.94959710219951
289734,1.0,54.94959710219951,53.94959710219951
289762,5.0,54.94959710219951,49.94959710219951
289789,5.0,32.71514350105437,27.71514350105437
289811,7.0,54.94959710219951,47.94959710219951
289840,21.0,54.94959710219951,33.94959710219951
289917,36.0,33.315439062121,-2.6845609378789987
289939,59.0,54.94959710219951,-4.050402897800488
289979,25.0,33.315439062121,8.315439062121001
289982,3.0,54.94959710219951,51.94959710219951
290007,79.0,54.94959710219951,-24.05040289780049
290081,2.0,54.94959710219951,52.94959710219951
290120,41.0,33.315439062121,-7.684560937878999
290124,42.0,54.94959710219951,12.949597102199512
290175,40.0,54.94959710219951,14.949597102199512
290202,56.0,54.94959710219951,-1.0504028978004882
290212,47.0,54.94959710219951,7.949597102199512
290259,48.0,54.94959710219951,6.949597102199512
290450,5.0,54.94959710219951,49.94959710219951
290470,48.0,54.94959710219951,6.949597102199512
290558,47.0,54.94959710219951,7.949597102199512
290792,27.0,54.94959710219951,27.94959710219951
290800,26.0,54.94959710219951,28.94959710219951
290876,40.0,54.94959710219951,14.949597102199512
290878,32.0,54.94959710219951,22.94959710219951
291075,2.0,54.94959710219951,52.94959710219951
291164,32.0,33.315439062121,1.3154390621210013
291267,40.0,54.94959710219951,14.949597102199512
291315,12.0,54.94959710219951,42.94959710219951
291448,60.0,54.94959710219951,-5.050402897800488
291631,46.0,54.94959710219951,8.949597102199512
291708,24.0,54.94959710219951,30.94959710219951
291743,5.0,54.94959710219951,49.94959710219951
291751,12.0,54.94959710219951,42.94959710219951
291759,15.0,54.94959710219951,39.94959710219951
291760,26.0,54.94959710219951,28.94959710219951
291843,5.0,54.94959710219951,49.94959710219951
291846,31.0,54.94959710219951,23.94959710219951
291867,47.0,54.94959710219951,7.949597102199512
291922,1.0,54.94959710219951,53.94959710219951
291928,59.0,54.94959710219951,-4.050402897800488
291934,24.0,33.315439062121,9.315439062121001
292018,59.0,54.94959710219951,-4.050402897800488
292038,47.0,54.94959710219951,7.949597102199512
292068,46.0,54.94959710219951,8.949597102199512
292125,0.0,54.94959710219951,54.94959710219951
292142,61.0,54.94959710219951,-6.050402897800488
292237,20.0,54.94959710219951,34.94959710219951
292250,58.0,54.94959710219951,-3.0504028978004882
292294,22.0,33.315439062121,11.315439062121001
292373,53.0,54.94959710219951,1.9495971021995118
292417,38.0,54.94959710219951,16.94959710219951
292613,42.0,54.94959710219951,12.949597102199512
292620,24.0,54.94959710219951,30.94959710219951
292625,33.0,54.94959710219951,21.94959710219951
292629,42.0,54.94959710219951,12.949597102199512
292647,50.0,54.94959710219951,4.949597102199512
292993,5.0,54.94959710219951,49.94959710219951
293014,34.0,54.94959710219951,20.94959710219951
293214,72.0,54.94959710219951,-17.05040289780049
293220,8.0,33.315439062121,25.315439062121
293269,39.0,54.94959710219951,15.949597102199512
293283,56.0,54.94959710219951,-1.0504028978004882
293286,144.0,54.94959710219951,-89.0504028978005
293347,4.0,54.94959710219951,50.94959710219951
293365,47.0,54.94959710219951,7.949597102199512
293512,57.0,33.315439062121,-23.684560937879
293553,34.0,54.94959710219951,20.94959710219951
293572,33.0,54.94959710219951,21.94959710219951
293607,31.0,32.71514350105437,1.7151435010543707
293615,54.0,54.94959710219951,0.9495971021995118
293767,3.0,54.94959710219951,51.94959710219951
293813,1.0,54.94959710219951,53.94959710219951
293855,44.0,54.94959710219951,10.949597102199512
293860,26.0,33.315439062121,7.315439062121001
293880,34.0,54.94959710219951,20.94959710219951
293923,18.0,54.94959710219951,36.94959710219951
293984,24.0,33.315439062121,9.315439062121001
294154,33.0,54.94959710219951,21.94959710219951
294171,41.0,54.94959710219951,13.949597102199512
294221,56.0,54.94959710219951,-1.0504028978004882
294252,12.0,32.71514350105437,20.71514350105437
294277,5.0,54.94959710219951,49.94959710219951
294470,5.0,54.94959710219951,49.94959710219951
294517,5.0,54.94959710219951,49.94959710219951
294564,33.0,54.94959710219951,21.94959710219951
294687,28.0,33.315439062121,5.315439062121001
294815,19.0,54.94959710219951,35.94959710219951
295010,56.0,54.94959710219951,-1.0504028978004882
295056,84.0,54.94959710219951,-29.05040289780049
295119,59.0,54.94959710219951,-4.050402897800488
295166,34.0,32.71514350105437,-1.2848564989456293
295350,42.0,54.94959710219951,12.949597102199512
295440,26.0,54.94959710219951,28.94959710219951
295510,5.0,54.94959710219951,49.94959710219951
295582,35.0,54.94959710219951,19.94959710219951
295621,13.0,32.71514350105437,19.71514350105437
295662,26.0,54.94959710219951,28.94959710219951
295671,43.0,54.94959710219951,11.949597102199512
295678,60.0,54.94959710219951,-5.050402897800488
295718,30.0,54.94959710219951,24.94959710219951
295741,44.0,54.94959710219951,10.949597102199512
295877,59.0,54.94959710219951,-4.050402897800488
295954,42.0,54.94959710219951,12.949597102199512
295970,2.0,54.94959710219951,52.94959710219951
295977,40.0,54.94959710219951,14.949597102199512
296152,43.0,54.94959710219951,11.949597102199512
296435,31.0,33.315439062121,2.3154390621210013
296487,29.0,54.94959710219951,25.94959710219951
296510,34.0,54.94959710219951,20.94959710219951
296580,8.0,54.94959710219951,46.94959710219951
296627,6.0,54.94959710219951,48.94959710219951
296647,24.0,33.315439062121,9.315439062121001
296674,22.0,54.94959710219951,32.94959710219951
296832,30.0,54.94959710219951,24.94959710219951
296936,62.0,54.94959710219951,-7.050402897800488
296944,40.0,54.94959710219951,14.949597102199512
297052,32.0,54.94959710219951,22.94959710219951
297126,51.0,54.94959710219951,3.9495971021995118
297187,24.0,33.315439062121,9.315439062121001
297210,57.0,54.94959710219951,-2.0504028978004882
297211,35.0,54.94959710219951,19.94959710219951
297283,33.0,54.94959710219951,21.94959710219951
297290,27.0,33.315439062121,6.315439062121001
297367,28.0,33.315439062121,5.315439062121001
297459,16.0,54.94959710219951,38.94959710219951
297563,62.0,54.94959710219951,-7.050402897800488
297595,54.0,54.94959710219951,0.9495971021995118
297629,61.0,54.94959710219951,-6.050402897800488
297636,4.0,54.94959710219951,50.94959710219951
297844,59.0,54.94959710219951,-4.050402897800488
297894,50.0,33.315439062121,-16.684560937879
297896,59.0,54.94959710219951,-4.050402897800488
297902,14.0,32.71514350105437,18.71514350105437
298071,28.0,54.94959710219951,26.94959710219951
298145,33.0,54.94959710219951,21.94959710219951
298150,5.0,54.94959710219951,49.94959710219951
298237,68.0,54.94959710219951,-13.050402897800488
298571,56.0,54.94959710219951,-1.0504028978004882
298616,54.0,54.94959710219951,0.9495971021995118
298700,27.0,33.315439062121,6.315439062121001
298708,23.0,33.315439062121,10.315439062121001
298728,88.0,54.94959710219951,-33.05040289780049
298737,29.0,54.94959710219951,25.94959710219951
298788,48.0,54.94959710219951,6.949597102199512
298877,49.0,54.94959710219951,5.949597102199512
299070,26.0,54.94959710219951,28.94959710219951
299123,4.0,54.94959710219951,50.94959710219951
299134,48.0,54.94959710219951,6.949597102199512
299200,47.0,54.94959710219951,7.949597102199512
299331,58.0,54.94959710219951,-3.0504028978004882
299410,64.0,54.94959710219951,-9.050402897800488
299425,44.0,54.94959710219951,10.949597102199512
299505,2.0,54.94959710219951,52.94959710219951
299536,56.0,54.94959710219951,-1.0504028978004882
299627,34.0,54.94959710219951,20.94959710219951
299648,55.0,54.94959710219951,-0.05040289780048823
299686,61.0,54.94959710219951,-6.050402897800488
299731,32.0,54.94959710219951,22.94959710219951
299823,1.0,54.94959710219951,53.94959710219951
299826,5.0,54.94959710219951,49.94959710219951
299968,5.0,54.94959710219951,49.94959710219951
299973,10.0,33.315439062121,23.315439062121
300040,61.0,54.94959710219951,-6.050402897800488
300143,55.0,54.94959710219951,-0.05040289780048823
300162,26.0,54.94959710219951,28.94959710219951
300213,46.0,54.94959710219951,8.949597102199512
300286,40.0,54.94959710219951,14.949597102199512
300308,25.0,54.94959710219951,29.94959710219951
300395,47.0,54.94959710219951,7.949597102199512
300462,27.0,33.315439062121,6.315439062121001
300498,38.0,54.94959710219951,16.94959710219951
300631,44.0,32.71514350105437,-11.28485649894563
300701,19.0,32.71514350105437,13.71514350105437
300724,47.0,54.94959710219951,7.949597102199512
300838,28.0,33.315439062121,5.315439062121001
301087,4.0,54.94959710219951,50.94959710219951
301174,56.0,54.94959710219951,-1.0504028978004882
301193,28.0,54.94959710219951,26.94959710219951
301294,26.0,54.94959710219951,28.94959710219951
301488,5.0,54.94959710219951,49.94959710219951
301499,26.0,54.94959710219951,28.94959710219951
301602,5.0,32.71514350105437,27.71514350105437
301717,46.0,54.94959710219951,8.949597102199512
301761,25.0,32.71514350105437,7.715143501054371
301994,30.0,54.94959710219951,24.94959710219951
302016,40.0,54.94959710219951,14.949597102199512
302022,40.0,54.94959710219951,14.949597102199512
302067,34.0,54.94959710219951,20.94959710219951
302085,54.0,54.94959710219951,0.9495971021995118
302086,24.0,33.315439062121,9.315439062121001
302190,29.0,54.94959710219951,25.94959710219951
302193,29.0,54.94959710219951,25.94959710219951
302275,11.0,54.94959710219951,43.94959710219951
302289,56.0,54.94959710219951,-1.0504028978004882
302527,60.0,54.94959710219951,-5.050402897800488
302549,40.0,54.94959710219951,14.949597102199512
302647,29.0,33.315439062121,4.315439062121001
302696,47.0,54.94959710219951,7.949597102199512
302722,35.0,33.315439062121,-1.6845609378789987
302725,5.0,54.94959710219951,49.94959710219951
302743,54.0,54.94959710219951,0.9495971021995118
302767,5.0,54.94959710219951,49.94959710219951
302798,25.0,54.94959710219951,29.94959710219951
302857,72.0,54.94959710219951,-17.05040289780049
302878,6.0,54.94959710219951,48.94959710219951
302949,4.0,54.94959710219951,50.94959710219951
302959,8.0,54.94959710219951,46.94959710219951
303056,30.0,54.94959710219951,24.94959710219951
303122,11.0,54.94959710219951,43.94959710219951
303126,54.0,54.94959710219951,0.9495971021995118
303135,28.0,54.94959710219951,26.94959710219951
303261,64.0,54.94959710219951,-9.050402897800488
303303,26.0,54.94959710219951,28.94959710219951
303419,0.0,54.94959710219951,54.94959710219951
303568,23.0,33.315439062121,10.315439062121001
303770,59.0,54.94959710219951,-4.050402897800488
303838,26.0,33.315439062121,7.315439062121001
303851,11.0,54.94959710219951,43.94959710219951
303856,6.0,54.94959710219951,48.94959710219951
303872,54.0,54.94959710219951,0.9495971021995118
303923,33.0,54.94959710219951,21.94959710219951
303969,63.0,54.94959710219951,-8.050402897800488
304035,26.0,54.94959710219951,28.94959710219951
304145,26.0,54.94959710219951,28.94959710219951
304147,56.0,54.94959710219951,-1.0504028978004882
304265,30.0,33.315439062121,3.3154390621210013
304287,49.0,54.94959710219951,5.949597102199512
304317,40.0,33.315439062121,-6.684560937878999
304352,5.0,54.94959710219951,49.94959710219951
304385,1.0,32.71514350105437,31.71514350105437
304389,2.0,54.94959710219951,52.94959710219951
304523,61.0,54.94959710219951,-6.050402897800488
304633,60.0,54.94959710219951,-5.050402897800488
304676,0.0,54.94959710219951,54.94959710219951
304830,11.0,33.315439062121,22.315439062121
304848,30.0,54.94959710219951,24.94959710219951
304883,3.0,54.94959710219951,51.94959710219951
304892,6.0,54.94959710219951,48.94959710219951
304932,27.0,33.315439062121,6.315439062121001
304984,0.0,54.94959710219951,54.94959710219951
305107,32.0,54.94959710219951,22.94959710219951
305109,15.0,54.94959710219951,39.94959710219951
305161,14.0,54.94959710219951,40.94959710219951
305196,43.0,54.94959710219951,11.949597102199512
305209,46.0,33.315439062121,-12.684560937878999
305211,65.0,54.94959710219951,-10.050402897800488
305301,40.0,54.94959710219951,14.949597102199512
305323,27.0,33.315439062121,6.315439062121001
305345,56.0,54.94959710219951,-1.0504028978004882
305436,19.0,32.71514350105437,13.71514350105437
305450,5.0,54.94959710219951,49.94959710219951
305515,42.0,54.94959710219951,12.949597102199512
305575,33.0,54.94959710219951,21.94959710219951
305576,24.0,54.94959710219951,30.94959710219951
305681,60.0,54.94959710219951,-5.050402897800488
305731,54.0,54.94959710219951,0.9495971021995118
305790,61.0,54.94959710219951,-6.050402897800488
305839,5.0,32.71514350105437,27.71514350105437
305888,41.0,54.94959710219951,13.949597102199512
305953,20.0,54.94959710219951,34.94959710219951
305977,34.0,54.94959710219951,20.94959710219951
306065,4.0,54.94959710219951,50.94959710219951
306150,37.0,54.94959710219951,17.94959710219951
306168,25.0,54.94959710219951,29.94959710219951
306190,11.0,54.94959710219951,43.94959710219951
306224,39.0,54.94959710219951,15.949597102199512
306247,5.0,54.94959710219951,49.94959710219951
306382,43.0,54.94959710219951,11.949597102199512
306396,18.0,54.94959710219951,36.94959710219951
306404,66.0,54.94959710219951,-11.050402897800488
306475,5.0,54.94959710219951,49.94959710219951
306523,50.0,33.315439062121,-16.684560937879
306666,10.0,54.94959710219951,44.94959710219951
306674,54.0,54.94959710219951,0.9495971021995118
306681,47.0,54.94959710219951,7.949597102199512
306694,54.0,54.94959710219951,0.9495971021995118
306940,59.0,54.94959710219951,-4.050402897800488
306951,34.0,33.315439062121,-0.6845609378789987
307091,5.0,54.94959710219951,49.94959710219951
307126,41.0,54.94959710219951,13.949597102199512
307177,61.0,54.94959710219951,-6.050402897800488
307186,47.0,54.94959710219951,7.949597102199512
307194,58.0,54.94959710219951,-3.0504028978004882
307224,22.0,54.94959710219951,32.94959710219951
307295,40.0,54.94959710219951,14.949597102199512
307336,1.0,54.94959710219951,53.94959710219951
307374,27.0,54.94959710219951,27.94959710219951
307412,54.0,54.94959710219951,0.9495971021995118
307559,60.0,54.94959710219951,-5.050402897800488
307603,54.0,54.94959710219951,0.9495971021995118
307623,22.0,33.315439062121,11.315439062121001
307841,56.0,54.94959710219951,-1.0504028978004882
308047,45.0,54.94959710219951,9.949597102199512
308070,48.0,33.315439062121,-14.684560937878999
308089,56.0,54.94959710219951,-1.0504028978004882
308277,62.0,54.94959710219951,-7.050402897800488
308374,57.0,54.94959710219951,-2.0504028978004882
308376,52.0,54.94959710219951,2.9495971021995118
308512,43.0,54.94959710219951,11.949597102199512
308621,33.0,54.94959710219951,21.94959710219951
308680,33.0,54.94959710219951,21.94959710219951
308709,40.0,54.94959710219951,14.949597102199512
308938,26.0,33.315439062121,7.315439062121001
308953,35.0,54.94959710219951,19.94959710219951
308960,138.0,54.94959710219951,-83.0504028978005
309054,43.0,54.94959710219951,11.949597102199512
309169,53.0,54.94959710219951,1.9495971021995118
309269,6.0,54.94959710219951,48.94959710219951
309357,23.0,33.315439062121,10.315439062121001
309601,54.0,54.94959710219951,0.9495971021995118
309610,31.0,54.94959710219951,23.94959710219951
309685,58.0,54.94959710219951,-3.0504028978004882
309696,27.0,33.315439062121,6.315439062121001
309830,41.0,54.94959710219951,13.949597102199512
309831,58.0,54.94959710219951,-3.0504028978004882
309888,80.0,54.94959710219951,-25.05040289780049
310010,67.0,54.94959710219951,-12.050402897800488
310057,12.0,32.71514350105437,20.71514350105437
310119,29.0,33.315439062121,4.315439062121001
310147,7.0,54.94959710219951,47.94959710219951
310318,40.0,54.94959710219951,14.949597102199512
310380,5.0,54.94959710219951,49.94959710219951
310495,54.0,54.94959710219951,0.9495971021995118
310541,4.0,54.94959710219951,50.94959710219951
310546,27.0,54.94959710219951,27.94959710219951
310547,40.0,54.94959710219951,14.949597102199512
310591,42.0,54.94959710219951,12.949597102199512
310599,56.0,54.94959710219951,-1.0504028978004882
310619,5.0,54.94959710219951,49.94959710219951
310680,49.0,54.94959710219951,5.949597102199512
310812,27.0,54.94959710219951,27.94959710219951
310933,37.0,54.94959710219951,17.94959710219951
310947,64.0,54.94959710219951,-9.050402897800488
310977,29.0,33.315439062121,4.315439062121001
311159,41.0,33.315439062121,-7.684560937878999
311221,60.0,54.94959710219951,-5.050402897800488
311281,34.0,54.94959710219951,20.94959710219951
311425,3.0,32.71514350105437,29.71514350105437
311555,40.0,54.94959710219951,14.949597102199512
311612,47.0,54.94959710219951,7.949597102199512
311667,16.0,33.315439062121,17.315439062121
311684,30.0,54.94959710219951,24.94959710219951
311800,20.0,54.94959710219951,34.94959710219951
311893,40.0,54.94959710219951,14.949597102199512
311932,94.0,54.94959710219951,-39.05040289780049
311948,28.0,33.315439062121,5.315439062121001
311979,62.0,54.94959710219951,-7.050402897800488
311982,53.0,54.94959710219951,1.9495971021995118
312033,5.0,32.71514350105437,27.71514350105437
312079,33.0,54.94959710219951,21.94959710219951
312083,40.0,54.94959710219951,14.949597102199512
312097,64.0,54.94959710219951,-9.050402897800488
312244,30.0,54.94959710219951,24.94959710219951
312247,59.0,54.94959710219951,-4.050402897800488
312313,49.0,54.94959710219951,5.949597102199512
312425,54.0,54.94959710219951,0.9495971021995118
312475,30.0,54.94959710219951,24.94959710219951
312536,25.0,33.315439062121,8.315439062121001
312587,19.0,32.71514350105437,13.71514350105437
312753,35.0,54.94959710219951,19.94959710219951
312756,31.0,33.315439062121,2.3154390621210013
312821,9.0,32.71514350105437,23.71514350105437
312901,40.0,54.94959710219951,14.949597102199512
312918,61.0,54.94959710219951,-6.050402897800488
313036,53.0,54.94959710219951,1.9495971021995118
313064,26.0,54.94959710219951,28.94959710219951
313127,27.0,54.94959710219951,27.94959710219951
313137,62.0,54.94959710219951,-7.050402897800488
313309,5.0,54.94959710219951,49.94959710219951
313344,47.0,54.94959710219951,7.949597102199512
313365,28.0,54.94959710219951,26.94959710219951
313368,47.0,54.94959710219951,7.949597102199512
313425,40.0,54.94959710219951,14.949597102199512
313518,19.0,54.94959710219951,35.94959710219951
313712,24.0,33.315439062121,9.315439062121001
313754,60.0,54.94959710219951,-5.050402897800488
313762,27.0,33.315439062121,6.315439062121001
313763,26.0,54.94959710219951,28.94959710219951
313854,4.0,54.94959710219951,50.94959710219951
313937,24.0,54.94959710219951,30.94959710219951
313992,6.0,54.94959710219951,48.94959710219951
313994,43.0,54.94959710219951,11.949597102199512
314076,52.0,54.94959710219951,2.9495971021995118
314281,5.0,54.94959710219951,49.94959710219951
314291,45.0,54.94959710219951,9.949597102199512
314365,27.0,33.315439062121,6.315439062121001
314369,27.0,33.315439062121,6.315439062121001
314378,4.0,54.94959710219951,50.94959710219951
314416,5.0,54.94959710219951,49.94959710219951
314518,40.0,54.94959710219951,14.949597102199512
314736,29.0,54.94959710219951,25.94959710219951
314764,44.0,54.94959710219951,10.949597102199512
314826,12.0,54.94959710219951,42.94959710219951
314921,60.0,54.94959710219951,-5.050402897800488
314993,58.0,54.94959710219951,-3.0504028978004882
315131,27.0,33.315439062121,6.315439062121001
315158,5.0,54.94959710219951,49.94959710219951
315305,59.0,54.94959710219951,-4.050402897800488
315322,21.0,54.94959710219951,33.94959710219951
315423,28.0,54.94959710219951,26.94959710219951
315425,3.0,54.94959710219951,51.94959710219951
315440,40.0,54.94959710219951,14.949597102199512
315459,21.0,32.71514350105437,11.71514350105437
315489,38.0,54.94959710219951,16.94959710219951
315509,6.0,54.94959710219951,48.94959710219951
315543,41.0,54.94959710219951,13.949597102199512
315596,1.0,54.94959710219951,53.94959710219951
315612,69.0,54.94959710219951,-14.050402897800488
315651,40.0,54.94959710219951,14.949597102199512
315714,22.0,33.315439062121,11.315439062121001
315844,55.0,54.94959710219951,-0.05040289780048823
315963,60.0,54.94959710219951,-5.050402897800488
316023,24.0,33.315439062121,9.315439062121001
316045,18.0,33.315439062121,15.315439062121001
316058,61.0,54.94959710219951,-6.050402897800488
316059,58.0,54.94959710219951,-3.0504028978004882
316220,40.0,33.315439062121,-6.684560937878999
316344,40.0,54.94959710219951,14.949597102199512
316797,24.0,33.315439062121,9.315439062121001
316841,24.0,33.315439062121,9.315439062121001
316865,2.0,54.94959710219951,52.94959710219951
316955,40.0,54.94959710219951,14.949597102199512
317047,21.0,54.94959710219951,33.94959710219951
317085,20.0,54.94959710219951,34.94959710219951
317157,3.0,33.315439062121,30.315439062121
317263,5.0,54.94959710219951,49.94959710219951
317367,23.0,33.315439062121,10.315439062121001
317552,66.0,54.94959710219951,-11.050402897800488
317624,84.0,54.94959710219951,-29.05040289780049
317651,2.0,54.94959710219951,52.94959710219951
317655,20.0,33.315439062121,13.315439062121001
317671,55.0,54.94959710219951,-0.05040289780048823
317687,12.0,32.71514350105437,20.71514350105437
317741,19.0,54.94959710219951,35.94959710219951
317812,36.0,54.94959710219951,18.94959710219951
317863,54.0,54.94959710219951,0.9495971021995118
317882,2.0,54.94959710219951,52.94959710219951
317964,59.0,54.94959710219951,-4.050402897800488
317991,43.0,54.94959710219951,11.949597102199512
318085,1.0,33.315439062121,32.315439062121
318132,20.0,33.315439062121,13.315439062121001
318220,19.0,32.71514350105437,13.71514350105437
318283,37.0,33.315439062121,-3.6845609378789987
318489,27.0,54.94959710219951,27.94959710219951
318647,43.0,54.94959710219951,11.949597102199512
318658,25.0,54.94959710219951,29.94959710219951
318664,26.0,54.94959710219951,28.94959710219951
318692,58.0,54.94959710219951,-3.0504028978004882
318731,26.0,54.94959710219951,28.94959710219951
318823,43.0,54.94959710219951,11.949597102199512
318846,41.0,54.94959710219951,13.949597102199512
318873,45.0,54.94959710219951,9.949597102199512
318935,40.0,54.94959710219951,14.949597102199512
319075,48.0,54.94959710219951,6.949597102199512
319165,30.0,54.94959710219951,24.94959710219951
319177,43.0,54.94959710219951,11.949597102199512
319200,55.0,54.94959710219951,-0.05040289780048823
319247,5.0,54.94959710219951,49.94959710219951
319262,44.0,33.315439062121,-10.684560937878999
319292,20.0,33.315439062121,13.315439062121001
319495,3.0,54.94959710219951,51.94959710219951
319544,54.0,54.94959710219951,0.9495971021995118
319554,19.0,54.94959710219951,35.94959710219951
319758,19.0,54.94959710219951,35.94959710219951
319850,5.0,54.94959710219951,49.94959710219951
319897,26.0,54.94959710219951,28.94959710219951
319954,30.0,54.94959710219951,24.94959710219951
320028,5.0,54.94959710219951,49.94959710219951
320144,40.0,54.94959710219951,14.949597102199512
320166,51.0,54.94959710219951,3.9495971021995118
320187,23.0,33.315439062121,10.315439062121001
320299,43.0,54.94959710219951,11.949597102199512
320331,47.0,54.94959710219951,7.949597102199512
320345,46.0,33.315439062121,-12.684560937878999
320363,112.0,54.94959710219951,-57.05040289780049
320420,19.0,54.94959710219951,35.94959710219951
320468,48.0,54.94959710219951,6.949597102199512
320509,40.0,54.94959710219951,14.949597102199512
320531,31.0,54.94959710219951,23.94959710219951
320566,0.0,54.94959710219951,54.94959710219951
320642,43.0,54.94959710219951,11.949597102199512
320845,4.0,54.94959710219951,50.94959710219951
320868,43.0,54.94959710219951,11.949597102199512
320951,6.0,54.94959710219951,48.94959710219951
321101,13.0,54.94959710219951,41.94959710219951
321119,43.0,54.94959710219951,11.949597102199512
321120,3.0,54.94959710219951,51.94959710219951
321319,41.0,54.94959710219951,13.949597102199512
321393,15.0,54.94959710219951,39.94959710219951
321424,28.0,54.94959710219951,26.94959710219951
321435,12.0,54.94959710219951,42.94959710219951
321441,29.0,54.94959710219951,25.94959710219951
321658,33.0,54.94959710219951,21.94959710219951
321665,61.0,54.94959710219951,-6.050402897800488
321710,26.0,33.315439062121,7.315439062121001
321856,59.0,54.94959710219951,-4.050402897800488
322265,58.0,54.94959710219951,-3.0504028978004882
322272,22.0,54.94959710219951,32.94959710219951
322374,30.0,54.94959710219951,24.94959710219951
322386,27.0,33.315439062121,6.315439062121001
322402,12.0,54.94959710219951,42.94959710219951
322506,44.0,54.94959710219951,10.949597102199512
322526,50.0,54.94959710219951,4.949597102199512
322552,27.0,54.94959710219951,27.94959710219951
322606,61.0,54.94959710219951,-6.050402897800488
322647,47.0,54.94959710219951,7.949597102199512
322685,54.0,54.94959710219951,0.9495971021995118
322741,40.0,54.94959710219951,14.949597102199512
322779,25.0,33.315439062121,8.315439062121001
322789,11.0,54.94959710219951,43.94959710219951
322790,59.0,54.94959710219951,-4.050402897800488
322798,58.0,54.94959710219951,-3.0504028978004882
322816,57.0,54.94959710219951,-2.0504028978004882
323042,60.0,54.94959710219951,-5.050402897800488
323097,59.0,54.94959710219951,-4.050402897800488
323132,9.0,54.94959710219951,45.94959710219951
323216,47.0,54.94959710219951,7.949597102199512
323227,16.0,54.94959710219951,38.94959710219951
323257,32.0,54.94959710219951,22.94959710219951
323275,26.0,54.94959710219951,28.94959710219951
323301,47.0,54.94959710219951,7.949597102199512
323493,61.0,54.94959710219951,-6.050402897800488
323623,26.0,54.94959710219951,28.94959710219951
323632,15.0,33.315439062121,18.315439062121
323665,4.0,54.94959710219951,50.94959710219951
323701,0.0,54.94959710219951,54.94959710219951
323780,54.0,54.94959710219951,0.9495971021995118
323849,27.0,33.315439062121,6.315439062121001
323905,28.0,54.94959710219951,26.94959710219951
323917,57.0,54.94959710219951,-2.0504028978004882
324095,44.0,54.94959710219951,10.949597102199512
324099,41.0,54.94959710219951,13.949597102199512
324152,5.0,54.94959710219951,49.94959710219951
324163,45.0,54.94959710219951,9.949597102199512
324295,42.0,33.315439062121,-8.684560937878999
324351,61.0,54.94959710219951,-6.050402897800488
324356,59.0,54.94959710219951,-4.050402897800488
324374,29.0,54.94959710219951,25.94959710219951
324473,27.0,33.315439062121,6.315439062121001
324486,41.0,54.94959710219951,13.949597102199512
324556,42.0,54.94959710219951,12.949597102199512
324768,20.0,54.94959710219951,34.94959710219951
324904,6.0,54.94959710219951,48.94959710219951
325026,68.0,54.94959710219951,-13.050402897800488
325076,18.0,54.94959710219951,36.94959710219951
325113,9.0,54.94959710219951,45.94959710219951
325127,5.0,32.71514350105437,27.71514350105437
325184,53.0,54.94959710219951,1.9495971021995118
325217,38.0,54.94959710219951,16.94959710219951
325303,5.0,32.71514350105437,27.71514350105437
325425,46.0,54.94959710219951,8.949597102199512
325525,54.0,54.94959710219951,0.9495971021995118
325534,26.0,33.315439062121,7.315439062121001
325605,20.0,33.315439062121,13.315439062121001
325647,8.0,54.94959710219951,46.94959710219951
325701,13.0,54.94959710219951,41.94959710219951
325729,28.0,54.94959710219951,26.94959710219951
325769,43.0,54.94959710219951,11.949597102199512
325790,58.0,54.94959710219951,-3.0504028978004882
325989,35.0,54.94959710219951,19.94959710219951
325997,47.0,54.94959710219951,7.949597102199512
325998,40.0,54.94959710219951,14.949597102199512
326001,5.0,54.94959710219951,49.94959710219951
326335,6.0,33.315439062121,27.315439062121
326344,23.0,33.315439062121,10.315439062121001
326361,54.0,54.94959710219951,0.9495971021995118
326377,54.0,54.94959710219951,0.9495971021995118
326472,24.0,33.315439062121,9.315439062121001
326476,54.0,54.94959710219951,0.9495971021995118
326771,5.0,32.71514350105437,27.71514350105437
326823,54.0,54.94959710219951,0.9495971021995118
326824,48.0,54.94959710219951,6.949597102199512
326868,59.0,54.94959710219951,-4.050402897800488
326884,58.0,54.94959710219951,-3.0504028978004882
327093,33.0,54.94959710219951,21.94959710219951
327098,3.0,54.94959710219951,51.94959710219951
327132,4.0,54.94959710219951,50.94959710219951
327244,43.0,54.94959710219951,11.949597102199512
327335,57.0,54.94959710219951,-2.0504028978004882
327359,5.0,54.94959710219951,49.94959710219951
327401,29.0,54.94959710219951,25.94959710219951
327483,45.0,33.315439062121,-11.684560937878999
327525,33.0,54.94959710219951,21.94959710219951
327758,29.0,33.315439062121,4.315439062121001
327793,5.0,54.94959710219951,49.94959710219951
327795,4.0,54.94959710219951,50.94959710219951
327817,22.0,33.315439062121,11.315439062121001
327992,40.0,54.94959710219951,14.949597102199512
327993,5.0,54.94959710219951,49.94959710219951
328097,27.0,33.315439062121,6.315439062121001
328268,1.0,54.94959710219951,53.94959710219951
328307,62.0,54.94959710219951,-7.050402897800488
328395,0.0,54.94959710219951,54.94959710219951
328411,59.0,54.94959710219951,-4.050402897800488
328450,7.0,54.94959710219951,47.94959710219951
328500,15.0,54.94959710219951,39.94959710219951
328639,19.0,54.94959710219951,35.94959710219951
328681,28.0,33.315439062121,5.315439062121001
328707,7.0,54.94959710219951,47.94959710219951
328712,51.0,33.315439062121,-17.684560937879
328728,58.0,54.94959710219951,-3.0504028978004882
328735,33.0,54.94959710219951,21.94959710219951
328744,40.0,54.94959710219951,14.949597102199512
328766,56.0,54.94959710219951,-1.0504028978004882
328876,56.0,54.94959710219951,-1.0504028978004882
328900,4.0,54.94959710219951,50.94959710219951
328922,48.0,54.94959710219951,6.949597102199512
329065,29.0,54.94959710219951,25.94959710219951
329097,39.0,54.94959710219951,15.949597102199512
329106,26.0,54.94959710219951,28.94959710219951
329143,11.0,54.94959710219951,43.94959710219951
329305,1.0,54.94959710219951,53.94959710219951
329349,44.0,54.94959710219951,10.949597102199512
329353,3.0,54.94959710219951,51.94959710219951
329430,53.0,54.94959710219951,1.9495971021995118
329490,49.0,54.94959710219951,5.949597102199512
329506,40.0,54.94959710219951,14.949597102199512
329515,40.0,54.94959710219951,14.949597102199512
329531,41.0,33.315439062121,-7.684560937878999
329547,10.0,54.94959710219951,44.94959710219951
329592,33.0,33.315439062121,0.31543906212100126
329662,21.0,54.94959710219951,33.94959710219951
329812,44.0,54.94959710219951,10.949597102199512
329862,61.0,54.94959710219951,-6.050402897800488
329893,43.0,54.94959710219951,11.949597102199512
329905,59.0,54.94959710219951,-4.050402897800488
330012,61.0,54.94959710219951,-6.050402897800488
330228,28.0,54.94959710219951,26.94959710219951
330253,47.0,54.94959710219951,7.949597102199512
330255,1.0,54.94959710219951,53.94959710219951
330264,35.0,54.94959710219951,19.94959710219951
330270,60.0,54.94959710219951,-5.050402897800488
330420,12.0,54.94959710219951,42.94959710219951
330439,60.0,54.94959710219951,-5.050402897800488
330444,60.0,54.94959710219951,-5.050402897800488
330541,37.0,54.94959710219951,17.94959710219951
330550,67.0,33.315439062121,-33.684560937879
330581,4.0,32.71514350105437,28.71514350105437
330638,44.0,54.94959710219951,10.949597102199512
330687,41.0,33.315439062121,-7.684560937878999
330832,28.0,33.315439062121,5.315439062121001
331052,15.0,54.94959710219951,39.94959710219951
331108,47.0,54.94959710219951,7.949597102199512
331155,88.0,54.94959710219951,-33.05040289780049
331304,40.0,54.94959710219951,14.949597102199512
331389,56.0,54.94959710219951,-1.0504028978004882
331658,41.0,54.94959710219951,13.949597102199512
331767,6.0,54.94959710219951,48.94959710219951
331813,3.0,54.94959710219951,51.94959710219951
331815,5.0,54.94959710219951,49.94959710219951
331863,54.0,54.94959710219951,0.9495971021995118
331933,12.0,54.94959710219951,42.94959710219951
332039,43.0,54.94959710219951,11.949597102199512
332069,57.0,54.94959710219951,-2.0504028978004882
332085,65.0,54.94959710219951,-10.050402897800488
332344,39.0,33.315439062121,-5.684560937878999
332440,3.0,54.94959710219951,51.94959710219951
332479,30.0,54.94959710219951,24.94959710219951
332586,48.0,54.94959710219951,6.949597102199512
332617,34.0,54.94959710219951,20.94959710219951
332619,38.0,54.94959710219951,16.94959710219951
332633,58.0,54.94959710219951,-3.0504028978004882
332732,13.0,54.94959710219951,41.94959710219951
333031,5.0,33.315439062121,28.315439062121
333191,60.0,54.94959710219951,-5.050402897800488
333248,62.0,54.94959710219951,-7.050402897800488
333325,57.0,54.94959710219951,-2.0504028978004882
333344,59.0,54.94959710219951,-4.050402897800488
333369,26.0,33.315439062121,7.315439062121001
333374,33.0,54.94959710219951,21.94959710219951
333375,6.0,54.94959710219951,48.94959710219951
333436,1.0,54.94959710219951,53.94959710219951
333461,19.0,54.94959710219951,35.94959710219951
333692,2.0,54.94959710219951,52.94959710219951
333732,0.0,54.94959710219951,54.94959710219951
333796,54.0,54.94959710219951,0.9495971021995118
333840,40.0,54.94959710219951,14.949597102199512
333859,8.0,54.94959710219951,46.94959710219951
333862,26.0,54.94959710219951,28.94959710219951
333929,34.0,54.94959710219951,20.94959710219951
334004,5.0,54.94959710219951,49.94959710219951
334054,40.0,54.94959710219951,14.949597102199512
334147,58.0,54.94959710219951,-3.0504028978004882
334213,2.0,32.71514350105437,30.71514350105437
334359,62.0,54.94959710219951,-7.050402897800488
334522,78.0,54.94959710219951,-23.05040289780049
334532,40.0,54.94959710219951,14.949597102199512
334632,4.0,54.94959710219951,50.94959710219951
334665,40.0,54.94959710219951,14.949597102199512
334691,2.0,54.94959710219951,52.94959710219951
334752,19.0,54.94959710219951,35.94959710219951
334823,62.0,54.94959710219951,-7.050402897800488
334858,12.0,54.94959710219951,42.94959710219951
334906,62.0,54.94959710219951,-7.050402897800488
335078,62.0,54.94959710219951,-7.050402897800488
335088,16.0,33.315439062121,17.315439062121
335142,48.0,54.94959710219951,6.949597102199512
335155,20.0,54.94959710219951,34.94959710219951
335185,29.0,54.94959710219951,25.94959710219951
335207,0.0,54.94959710219951,54.94959710219951
335378,5.0,54.94959710219951,49.94959710219951
335444,43.0,54.94959710219951,11.949597102199512
335599,47.0,54.94959710219951,7.949597102199512
335644,41.0,33.315439062121,-7.684560937878999
335655,39.0,54.94959710219951,15.949597102199512
335681,5.0,54.94959710219951,49.94959710219951
335708,46.0,54.94959710219951,8.949597102199512
335742,32.0,54.94959710219951,22.94959710219951
335745,40.0,54.94959710219951,14.949597102199512
335936,5.0,54.94959710219951,49.94959710219951
335972,30.0,54.94959710219951,24.94959710219951
335990,53.0,54.94959710219951,1.9495971021995118
336000,39.0,54.94959710219951,15.949597102199512
336112,54.0,54.94959710219951,0.9495971021995118
336165,10.0,54.94959710219951,44.94959710219951
336211,26.0,32.71514350105437,6.715143501054371
336358,4.0,54.94959710219951,50.94959710219951
336360,62.0,54.94959710219951,-7.050402897800488
336374,30.0,54.94959710219951,24.94959710219951
336387,40.0,54.94959710219951,14.949597102199512
336396,43.0,54.94959710219951,11.949597102199512
336451,54.0,54.94959710219951,0.9495971021995118
336579,38.0,54.94959710219951,16.94959710219951
336669,43.0,54.94959710219951,11.949597102199512
336676,59.0,54.94959710219951,-4.050402897800488
336731,28.0,54.94959710219951,26.94959710219951
336757,26.0,33.315439062121,7.315439062121001
336846,26.0,32.71514350105437,6.715143501054371
336871,40.0,54.94959710219951,14.949597102199512
336896,5.0,32.71514350105437,27.71514350105437
336939,25.0,54.94959710219951,29.94959710219951
336986,41.0,54.94959710219951,13.949597102199512
337039,5.0,54.94959710219951,49.94959710219951
337066,2.0,54.94959710219951,52.94959710219951
337145,5.0,54.94959710219951,49.94959710219951
337196,38.0,54.94959710219951,16.94959710219951
337241,2.0,32.71514350105437,30.71514350105437
337320,33.0,54.94959710219951,21.94959710219951
337346,34.0,54.94959710219951,20.94959710219951
337677,60.0,54.94959710219951,-5.050402897800488
337716,62.0,54.94959710219951,-7.050402897800488
337813,40.0,54.94959710219951,14.949597102199512
337844,41.0,54.94959710219951,13.949597102199512
337858,46.0,54.94959710219951,8.949597102199512
337885,17.0,33.315439062121,16.315439062121
337996,58.0,54.94959710219951,-3.0504028978004882
338053,25.0,33.315439062121,8.315439062121001
338058,37.0,54.94959710219951,17.94959710219951
338131,5.0,54.94959710219951,49.94959710219951
338167,24.0,54.94959710219951,30.94959710219951
338213,3.0,32.71514350105437,29.71514350105437
338314,34.0,54.94959710219951,20.94959710219951
338346,27.0,33.315439062121,6.315439062121001
338385,58.0,54.94959710219951,-3.0504028978004882
338416,54.0,54.94959710219951,0.9495971021995118
338435,39.0,54.94959710219951,15.949597102199512
338450,46.0,54.94959710219951,8.949597102199512
338502,5.0,32.71514350105437,27.71514350105437
338601,26.0,54.94959710219951,28.94959710219951
338709,48.0,54.94959710219951,6.949597102199512
338726,33.0,54.94959710219951,21.94959710219951
338806,45.0,54.94959710219951,9.949597102199512
338887,13.0,54.94959710219951,41.94959710219951
338941,4.0,54.94959710219951,50.94959710219951
338978,19.0,32.71514350105437,13.71514350105437
339056,54.0,54.94959710219951,0.9495971021995118
339089,39.0,54.94959710219951,15.949597102199512
339131,30.0,54.94959710219951,24.94959710219951
339158,9.0,54.94959710219951,45.94959710219951
339341,22.0,54.94959710219951,32.94959710219951
339423,60.0,54.94959710219951,-5.050402897800488
339455,41.0,54.94959710219951,13.949597102199512
339498,54.0,54.94959710219951,0.9495971021995118
339521,47.0,54.94959710219951,7.949597102199512
339708,4.0,54.94959710219951,50.94959710219951
339720,32.0,54.94959710219951,22.94959710219951
339765,44.0,54.94959710219951,10.949597102199512
339820,26.0,54.94959710219951,28.94959710219951
339827,40.0,54.94959710219951,14.949597102199512
339865,33.0,54.94959710219951,21.94959710219951
339959,44.0,54.94959710219951,10.949597102199512
340015,85.0,54.94959710219951,-30.05040289780049
340030,24.0,33.315439062121,9.315439062121001
340049,28.0,54.94959710219951,26.94959710219951
340056,42.0,54.94959710219951,12.949597102199512
340146,26.0,54.94959710219951,28.94959710219951
340164,12.0,32.71514350105437,20.71514350105437
340183,30.0,54.94959710219951,24.94959710219951
340441,27.0,33.315439062121,6.315439062121001
340513,17.0,54.94959710219951,37.94959710219951
340581,5.0,54.94959710219951,49.94959710219951
340665,16.0,54.94959710219951,38.94959710219951
340768,41.0,54.94959710219951,13.949597102199512
340769,58.0,54.94959710219951,-3.0504028978004882
340923,47.0,54.94959710219951,7.949597102199512
340939,42.0,54.94959710219951,12.949597102199512
340951,27.0,33.315439062121,6.315439062121001
340965,57.0,54.94959710219951,-2.0504028978004882
340998,0.0,54.94959710219951,54.94959710219951
341030,56.0,54.94959710219951,-1.0504028978004882
341100,41.0,54.94959710219951,13.949597102199512
341102,23.0,33.315439062121,10.315439062121001
341194,44.0,54.94959710219951,10.949597102199512
341254,27.0,33.315439062121,6.315439062121001
341310,44.0,54.94959710219951,10.949597102199512
341326,58.0,54.94959710219951,-3.0504028978004882
341411,19.0,54.94959710219951,35.94959710219951
341458,30.0,33.315439062121,3.3154390621210013
341463,48.0,54.94959710219951,6.949597102199512
341485,45.0,54.94959710219951,9.949597102199512
341508,30.0,54.94959710219951,24.94959710219951
341565,59.0,54.94959710219951,-4.050402897800488
341623,28.0,54.94959710219951,26.94959710219951
341719,43.0,54.94959710219951,11.949597102199512
341737,68.0,54.94959710219951,-13.050402897800488
341800,50.0,54.94959710219951,4.949597102199512
341812,52.0,54.94959710219951,2.9495971021995118
341871,5.0,54.94959710219951,49.94959710219951
341959,28.0,54.94959710219951,26.94959710219951
342199,40.0,54.94959710219951,14.949597102199512
342243,2.0,33.315439062121,31.315439062121
342247,5.0,54.94959710219951,49.94959710219951
342270,0.0,54.94959710219951,54.94959710219951
342274,43.0,54.94959710219951,11.949597102199512
342305,6.0,54.94959710219951,48.94959710219951
342322,60.0,54.94959710219951,-5.050402897800488
342358,23.0,54.94959710219951,31.94959710219951
342366,27.0,33.315439062121,6.315439062121001
342375,5.0,54.94959710219951,49.94959710219951
342522,5.0,54.94959710219951,49.94959710219951
342564,59.0,54.94959710219951,-4.050402897800488
342577,19.0,54.94959710219951,35.94959710219951
342628,68.0,54.94959710219951,-13.050402897800488
342629,53.0,54.94959710219951,1.9495971021995118
342663,54.0,54.94959710219951,0.9495971021995118
342798,42.0,54.94959710219951,12.949597102199512
342804,43.0,54.94959710219951,11.949597102199512
342831,38.0,54.94959710219951,16.94959710219951
342860,23.0,33.315439062121,10.315439062121001
342874,52.0,54.94959710219951,2.9495971021995118
342884,69.0,54.94959710219951,-14.050402897800488
342891,26.0,54.94959710219951,28.94959710219951
343003,35.0,54.94959710219951,19.94959710219951
343558,3.0,54.94959710219951,51.94959710219951
343579,5.0,54.94959710219951,49.94959710219951
343592,4.0,54.94959710219951,50.94959710219951
343685,5.0,33.315439062121,28.315439062121
343706,40.0,54.94959710219951,14.949597102199512
343716,59.0,54.94959710219951,-4.050402897800488
343746,29.0,33.315439062121,4.315439062121001
343893,15.0,54.94959710219951,39.94959710219951
343993,28.0,54.94959710219951,26.94959710219951
344192,39.0,54.94959710219951,15.949597102199512
344196,26.0,33.315439062121,7.315439062121001
344367,47.0,54.94959710219951,7.949597102199512
344506,28.0,33.315439062121,5.315439062121001
344584,34.0,54.94959710219951,20.94959710219951
344590,23.0,54.94959710219951,31.94959710219951
344608,28.0,33.315439062121,5.315439062121001
344619,65.0,54.94959710219951,-10.050402897800488
344631,14.0,54.94959710219951,40.94959710219951
344675,40.0,54.94959710219951,14.949597102199512
344873,0.0,54.94959710219951,54.94959710219951
344978,54.0,54.94959710219951,0.9495971021995118
345102,44.0,54.94959710219951,10.949597102199512
345131,33.0,54.94959710219951,21.94959710219951
345214,58.0,54.94959710219951,-3.0504028978004882
345349,56.0,54.94959710219951,-1.0504028978004882
345376,18.0,54.94959710219951,36.94959710219951
345392,5.0,54.94959710219951,49.94959710219951
345397,58.0,54.94959710219951,-3.0504028978004882
345402,47.0,54.94959710219951,7.949597102199512
345494,40.0,54.94959710219951,14.949597102199512
345514,44.0,54.94959710219951,10.949597102199512
345626,2.0,33.315439062121,31.315439062121
345689,8.0,54.94959710219951,46.94959710219951
345755,4.0,54.94959710219951,50.94959710219951
345779,33.0,54.94959710219951,21.94959710219951
345870,43.0,54.94959710219951,11.949597102199512
345934,47.0,54.94959710219951,7.949597102199512
345935,19.0,32.71514350105437,13.71514350105437
346001,54.0,54.94959710219951,0.9495971021995118
346092,57.0,54.94959710219951,-2.0504028978004882
346197,47.0,54.94959710219951,7.949597102199512
346283,42.0,54.94959710219951,12.949597102199512
346353,58.0,54.94959710219951,-3.0504028978004882
346451,40.0,54.94959710219951,14.949597102199512
346532,26.0,33.315439062121,7.315439062121001
346542,41.0,54.94959710219951,13.949597102199512
346578,61.0,54.94959710219951,-6.050402897800488
346595,12.0,32.71514350105437,20.71514350105437
346612,12.0,32.71514350105437,20.71514350105437
346622,60.0,54.94959710219951,-5.050402897800488
346695,5.0,54.94959710219951,49.94959710219951
346814,98.0,54.94959710219951,-43.05040289780049
346873,14.0,54.94959710219951,40.94959710219951
347001,48.0,54.94959710219951,6.949597102199512
347042,58.0,54.94959710219951,-3.0504028978004882
347115,26.0,54.94959710219951,28.94959710219951
347118,41.0,54.94959710219951,13.949597102199512
347237,5.0,54.94959710219951,49.94959710219951
347274,91.0,54.94959710219951,-36.05040289780049
347302,17.0,54.94959710219951,37.94959710219951
347386,1.0,32.71514350105437,31.71514350105437
347391,27.0,32.71514350105437,5.715143501054371
347454,26.0,54.94959710219951,28.94959710219951
347548,54.0,54.94959710219951,0.9495971021995118
347579,55.0,54.94959710219951,-0.05040289780048823
347592,29.0,54.94959710219951,25.94959710219951
347646,37.0,33.315439062121,-3.6845609378789987
347767,1.0,54.94959710219951,53.94959710219951
347778,16.0,33.315439062121,17.315439062121
347803,4.0,54.94959710219951,50.94959710219951
347930,50.0,54.94959710219951,4.949597102199512
347971,13.0,54.94959710219951,41.94959710219951
347989,3.0,54.94959710219951,51.94959710219951
348009,58.0,54.94959710219951,-3.0504028978004882
348039,14.0,54.94959710219951,40.94959710219951
348047,29.0,32.71514350105437,3.7151435010543707
348096,40.0,54.94959710219951,14.949597102199512
348102,34.0,54.94959710219951,20.94959710219951
348246,45.0,54.94959710219951,9.949597102199512
348525,31.0,54.94959710219951,23.94959710219951
348588,166.0,54.94959710219951,-111.0504028978005
348619,40.0,54.94959710219951,14.949597102199512
348707,51.0,54.94959710219951,3.9495971021995118
348726,29.0,33.315439062121,4.315439062121001
348741,5.0,54.94959710219951,49.94959710219951
348789,41.0,54.94959710219951,13.949597102199512
348810,110.0,54.94959710219951,-55.05040289780049
348815,43.0,54.94959710219951,11.949597102199512
348902,18.0,54.94959710219951,36.94959710219951
349012,57.0,54.94959710219951,-2.0504028978004882
349028,47.0,54.94959710219951,7.949597102199512
349129,51.0,54.94959710219951,3.9495971021995118
349287,7.0,33.315439062121,26.315439062121
349472,53.0,54.94959710219951,1.9495971021995118
349517,8.0,54.94959710219951,46.94959710219951
349641,71.0,54.94959710219951,-16.05040289780049
349646,52.0,54.94959710219951,2.9495971021995118
349677,2.0,54.94959710219951,52.94959710219951
349782,54.0,54.94959710219951,0.9495971021995118
350005,4.0,54.94959710219951,50.94959710219951
350109,26.0,33.315439062121,7.315439062121001
350118,26.0,33.315439062121,7.315439062121001
350150,41.0,54.94959710219951,13.949597102199512
350164,7.0,54.94959710219951,47.94959710219951
350231,40.0,54.94959710219951,14.949597102199512
350345,40.0,54.94959710219951,14.949597102199512
350448,61.0,54.94959710219951,-6.050402897800488
350653,28.0,54.94959710219951,26.94959710219951
350711,5.0,54.94959710219951,49.94959710219951
350719,112.0,54.94959710219951,-57.05040289780049
350791,54.0,54.94959710219951,0.9495971021995118
350833,31.0,54.94959710219951,23.94959710219951
350904,9.0,54.94959710219951,45.94959710219951
350945,12.0,54.94959710219951,42.94959710219951
351005,60.0,54.94959710219951,-5.050402897800488
351036,13.0,54.94959710219951,41.94959710219951
351041,26.0,54.94959710219951,28.94959710219951
351081,52.0,54.94959710219951,2.9495971021995118
351358,60.0,54.94959710219951,-5.050402897800488
351426,44.0,54.94959710219951,10.949597102199512
351460,61.0,54.94959710219951,-6.050402897800488
351470,55.0,54.94959710219951,-0.05040289780048823
351760,60.0,54.94959710219951,-5.050402897800488
351767,3.0,54.94959710219951,51.94959710219951
351775,33.0,54.94959710219951,21.94959710219951
351779,26.0,54.94959710219951,28.94959710219951
351838,60.0,54.94959710219951,-5.050402897800488
351855,54.0,54.94959710219951,0.9495971021995118
351946,59.0,54.94959710219951,-4.050402897800488
352037,41.0,54.94959710219951,13.949597102199512
352067,25.0,54.94959710219951,29.94959710219951
352209,0.0,54.94959710219951,54.94959710219951
352211,40.0,54.94959710219951,14.949597102199512
352298,5.0,54.94959710219951,49.94959710219951
352405,25.0,33.315439062121,8.315439062121001
352415,28.0,54.94959710219951,26.94959710219951
352443,3.0,54.94959710219951,51.94959710219951
352699,28.0,54.94959710219951,26.94959710219951
352737,60.0,54.94959710219951,-5.050402897800488
352756,5.0,32.71514350105437,27.71514350105437
352760,60.0,54.94959710219951,-5.050402897800488
352809,52.0,54.94959710219951,2.9495971021995118
352911,24.0,54.94959710219951,30.94959710219951
352981,27.0,33.315439062121,6.315439062121001
352986,4.0,54.94959710219951,50.94959710219951
352989,12.0,54.94959710219951,42.94959710219951
353041,55.0,54.94959710219951,-0.05040289780048823
353155,7.0,54.94959710219951,47.94959710219951
353245,61.0,54.94959710219951,-6.050402897800488
353270,11.0,54.94959710219951,43.94959710219951
353304,4.0,54.94959710219951,50.94959710219951
353447,40.0,54.94959710219951,14.949597102199512
353487,60.0,54.94959710219951,-5.050402897800488
353505,5.0,32.71514350105437,27.71514350105437
353525,47.0,54.94959710219951,7.949597102199512
353590,5.0,54.94959710219951,49.94959710219951
353646,50.0,54.94959710219951,4.949597102199512
353651,44.0,54.94959710219951,10.949597102199512
353693,5.0,54.94959710219951,49.94959710219951
353697,25.0,33.315439062121,8.315439062121001
353733,40.0,54.94959710219951,14.949597102199512
354001,59.0,54.94959710219951,-4.050402897800488
354008,48.0,33.315439062121,-14.684560937878999
354151,59.0,54.94959710219951,-4.050402897800488
354179,11.0,32.71514350105437,21.71514350105437
354226,58.0,54.94959710219951,-3.0504028978004882
354279,26.0,33.315439062121,7.315439062121001
354424,25.0,33.315439062121,8.315439062121001
354495,48.0,33.315439062121,-14.684560937878999
354497,12.0,54.94959710219951,42.94959710219951
354584,59.0,54.94959710219951,-4.050402897800488
354643,3.0,54.94959710219951,51.94959710219951
354648,59.0,54.94959710219951,-4.050402897800488
354744,5.0,54.94959710219951,49.94959710219951
354772,48.0,33.315439062121,-14.684560937878999
355054,5.0,54.94959710219951,49.94959710219951
355153,26.0,33.315439062121,7.315439062121001
355158,28.0,54.94959710219951,26.94959710219951
355233,88.0,54.94959710219951,-33.05040289780049
355287,67.0,54.94959710219951,-12.050402897800488
355448,2.0,54.94959710219951,52.94959710219951
355520,112.0,54.94959710219951,-57.05040289780049
355522,59.0,54.94959710219951,-4.050402897800488
355557,45.0,54.94959710219951,9.949597102199512
355618,28.0,33.315439062121,5.315439062121001
355634,5.0,54.94959710219951,49.94959710219951
355663,4.0,54.94959710219951,50.94959710219951
355821,5.0,54.94959710219951,49.94959710219951
355903,55.0,54.94959710219951,-0.05040289780048823
355930,30.0,54.94959710219951,24.94959710219951
355946,41.0,33.315439062121,-7.684560937878999
355965,59.0,54.94959710219951,-4.050402897800488
356015,50.0,54.94959710219951,4.949597102199512
356091,17.0,32.71514350105437,15.71514350105437
356101,41.0,33.315439062121,-7.684560937878999
356122,58.0,54.94959710219951,-3.0504028978004882
356128,41.0,54.94959710219951,13.949597102199512
356232,62.0,54.94959710219951,-7.050402897800488
356319,6.0,54.94959710219951,48.94959710219951
356356,4.0,54.94959710219951,50.94959710219951
356404,32.0,32.71514350105437,0.7151435010543707
356472,3.0,54.94959710219951,51.94959710219951
356532,5.0,54.94959710219951,49.94959710219951
356737,41.0,54.94959710219951,13.949597102199512
356819,3.0,54.94959710219951,51.94959710219951
356901,17.0,54.94959710219951,37.94959710219951
356959,43.0,54.94959710219951,11.949597102199512
356985,29.0,54.94959710219951,25.94959710219951
357284,48.0,54.94959710219951,6.949597102199512
357307,40.0,54.94959710219951,14.949597102199512
357314,38.0,54.94959710219951,16.94959710219951
357427,26.0,33.315439062121,7.315439062121001
357470,5.0,32.71514350105437,27.71514350105437
357488,2.0,54.94959710219951,52.94959710219951
357773,62.0,54.94959710219951,-7.050402897800488
357805,27.0,33.315439062121,6.315439062121001
357816,58.0,54.94959710219951,-3.0504028978004882
357851,3.0,54.94959710219951,51.94959710219951
357886,47.0,54.94959710219951,7.949597102199512
357915,7.0,54.94959710219951,47.94959710219951
358039,62.0,33.315439062121,-28.684560937879
358061,42.0,54.94959710219951,12.949597102199512
358234,23.0,54.94959710219951,31.94959710219951
358245,30.0,33.315439062121,3.3154390621210013
358295,29.0,54.94959710219951,25.94959710219951
358411,58.0,54.94959710219951,-3.0504028978004882
358489,3.0,54.94959710219951,51.94959710219951
358498,5.0,54.94959710219951,49.94959710219951
358748,71.0,54.94959710219951,-16.05040289780049
358792,34.0,54.94959710219951,20.94959710219951
358835,59.0,54.94959710219951,-4.050402897800488
358891,22.0,54.94959710219951,32.94959710219951
358983,26.0,54.94959710219951,28.94959710219951
359050,45.0,32.71514350105437,-12.28485649894563
359072,27.0,33.315439062121,6.315439062121001
359118,35.0,54.94959710219951,19.94959710219951
359208,43.0,54.94959710219951,11.949597102199512
359304,4.0,54.94959710219951,50.94959710219951
359341,55.0,54.94959710219951,-0.05040289780048823
359382,33.0,54.94959710219951,21.94959710219951
359604,5.0,54.94959710219951,49.94959710219951
359681,1.0,54.94959710219951,53.94959710219951
359728,40.0,54.94959710219951,14.949597102199512
359770,26.0,54.94959710219951,28.94959710219951
359771,28.0,33.315439062121,5.315439062121001
359795,32.0,54.94959710219951,22.94959710219951
359921,55.0,54.94959710219951,-0.05040289780048823
360105,48.0,33.315439062121,-14.684560937878999
360160,5.0,54.94959710219951,49.94959710219951
360248,28.0,54.94959710219951,26.94959710219951
360281,4.0,54.94959710219951,50.94959710219951
360319,6.0,54.94959710219951,48.94959710219951
360341,24.0,33.315439062121,9.315439062121001
360517,24.0,33.315439062121,9.315439062121001
360522,56.0,54.94959710219951,-1.0504028978004882
360565,5.0,54.94959710219951,49.94959710219951
360632,42.0,54.94959710219951,12.949597102199512
360638,27.0,33.315439062121,6.315439062121001
360662,33.0,54.94959710219951,21.94959710219951
360708,25.0,54.94959710219951,29.94959710219951
360710,26.0,54.94959710219951,28.94959710219951
360718,50.0,54.94959710219951,4.949597102199512
360724,43.0,54.94959710219951,11.949597102199512
360778,1.0,54.94959710219951,53.94959710219951
360829,45.0,54.94959710219951,9.949597102199512
360915,5.0,54.94959710219951,49.94959710219951
360960,36.0,33.315439062121,-2.6845609378789987
360993,5.0,54.94959710219951,49.94959710219951
361031,25.0,54.94959710219951,29.94959710219951
361133,19.0,54.94959710219951,35.94959710219951
361135,5.0,54.94959710219951,49.94959710219951
361163,26.0,54.94959710219951,28.94959710219951
361172,12.0,54.94959710219951,42.94959710219951
361234,45.0,54.94959710219951,9.949597102199512
361239,48.0,54.94959710219951,6.949597102199512
361261,19.0,54.94959710219951,35.94959710219951
361335,47.0,54.94959710219951,7.949597102199512
361396,58.0,54.94959710219951,-3.0504028978004882
361448,34.0,54.94959710219951,20.94959710219951
361463,19.0,54.94959710219951,35.94959710219951
361499,35.0,54.94959710219951,19.94959710219951
361506,58.0,54.94959710219951,-3.0504028978004882
361519,29.0,54.94959710219951,25.94959710219951
361537,67.0,54.94959710219951,-12.050402897800488
361570,54.0,54.94959710219951,0.9495971021995118
361601,56.0,54.94959710219951,-1.0504028978004882
361640,29.0,33.315439062121,4.315439062121001
361667,58.0,54.94959710219951,-3.0504028978004882
361800,59.0,54.94959710219951,-4.050402897800488
361828,29.0,54.94959710219951,25.94959710219951
361832,4.0,54.94959710219951,50.94959710219951
361850,28.0,54.94959710219951,26.94959710219951
362003,40.0,54.94959710219951,14.949597102199512
362129,33.0,54.94959710219951,21.94959710219951
362155,73.0,54.94959710219951,-18.05040289780049
362277,32.0,54.94959710219951,22.94959710219951
362302,88.0,54.94959710219951,-33.05040289780049
362372,53.0,54.94959710219951,1.9495971021995118
362409,43.0,54.94959710219951,11.949597102199512
362421,48.0,54.94959710219951,6.949597102199512
362761,58.0,54.94959710219951,-3.0504028978004882
362888,33.0,54.94959710219951,21.94959710219951
362940,26.0,54.94959710219951,28.94959710219951
362987,38.0,54.94959710219951,16.94959710219951
362994,46.0,54.94959710219951,8.949597102199512
363037,25.0,33.315439062121,8.315439062121001
363072,19.0,54.94959710219951,35.94959710219951
363114,48.0,54.94959710219951,6.949597102199512
363220,4.0,54.94959710219951,50.94959710219951
363240,40.0,54.94959710219951,14.949597102199512
363254,26.0,54.94959710219951,28.94959710219951
363302,56.0,54.94959710219951,-1.0504028978004882
363362,31.0,54.94959710219951,23.94959710219951
363366,43.0,54.94959710219951,11.949597102199512
363477,28.0,54.94959710219951,26.94959710219951
363493,41.0,54.94959710219951,13.949597102199512
363516,58.0,54.94959710219951,-3.0504028978004882
363528,55.0,54.94959710219951,-0.05040289780048823
363541,59.0,54.94959710219951,-4.050402897800488
363562,54.0,54.94959710219951,0.9495971021995118
363617,26.0,54.94959710219951,28.94959710219951
363774,58.0,54.94959710219951,-3.0504028978004882
363789,54.0,54.94959710219951,0.9495971021995118
363791,27.0,33.315439062121,6.315439062121001
363825,5.0,54.94959710219951,49.94959710219951
363855,54.0,54.94959710219951,0.9495971021995118
363890,27.0,33.315439062121,6.315439062121001
364027,14.0,32.71514350105437,18.71514350105437
364112,52.0,54.94959710219951,2.9495971021995118
364138,5.0,32.71514350105437,27.71514350105437
364163,6.0,54.94959710219951,48.94959710219951
364210,5.0,54.94959710219951,49.94959710219951
364257,58.0,54.94959710219951,-3.0504028978004882
364299,20.0,54.94959710219951,34.94959710219951
364324,33.0,54.94959710219951,21.94959710219951
364383,28.0,54.94959710219951,26.94959710219951
364588,39.0,54.94959710219951,15.949597102199512
364628,5.0,54.94959710219951,49.94959710219951
364697,26.0,33.315439062121,7.315439062121001
364772,28.0,54.94959710219951,26.94959710219951
364809,5.0,32.71514350105437,27.71514350105437
364821,47.0,54.94959710219951,7.949597102199512
364958,26.0,54.94959710219951,28.94959710219951
364996,4.0,32.71514350105437,28.71514350105437
365011,5.0,54.94959710219951,49.94959710219951
365141,26.0,33.315439062121,7.315439062121001
365173,28.0,33.315439062121,5.315439062121001
365199,17.0,54.94959710219951,37.94959710219951
365237,39.0,54.94959710219951,15.949597102199512
365333,5.0,54.94959710219951,49.94959710219951
365465,38.0,54.94959710219951,16.94959710219951
365818,38.0,54.94959710219951,16.94959710219951
365860,20.0,54.94959710219951,34.94959710219951
365971,16.0,54.94959710219951,38.94959710219951
365994,44.0,54.94959710219951,10.949597102199512
365996,35.0,33.315439062121,-1.6845609378789987
366024,58.0,54.94959710219951,-3.0504028978004882
366038,58.0,54.94959710219951,-3.0504028978004882
366213,61.0,54.94959710219951,-6.050402897800488
366220,63.0,54.94959710219951,-8.050402897800488
366286,13.0,54.94959710219951,41.94959710219951
366302,37.0,54.94959710219951,17.94959710219951
366416,5.0,54.94959710219951,49.94959710219951
366425,5.0,54.94959710219951,49.94959710219951
366631,7.0,54.94959710219951,47.94959710219951
366639,41.0,54.94959710219951,13.949597102199512
366661,19.0,54.94959710219951,35.94959710219951
366732,42.0,54.94959710219951,12.949597102199512
366754,4.0,54.94959710219951,50.94959710219951
366793,13.0,54.94959710219951,41.94959710219951
366795,58.0,54.94959710219951,-3.0504028978004882
366813,21.0,54.94959710219951,33.94959710219951
366865,50.0,54.94959710219951,4.949597102199512
366917,33.0,54.94959710219951,21.94959710219951
367037,26.0,54.94959710219951,28.94959710219951
367042,25.0,54.94959710219951,29.94959710219951
367116,67.0,54.94959710219951,-12.050402897800488
367118,52.0,54.94959710219951,2.9495971021995118
367142,6.0,54.94959710219951,48.94959710219951
367192,4.0,33.315439062121,29.315439062121
367256,39.0,54.94959710219951,15.949597102199512
367273,5.0,54.94959710219951,49.94959710219951
367294,3.0,54.94959710219951,51.94959710219951
367492,2.0,54.94959710219951,52.94959710219951
367501,20.0,54.94959710219951,34.94959710219951
367569,40.0,54.94959710219951,14.949597102199512
367702,27.0,33.315439062121,6.315439062121001
367755,39.0,33.315439062121,-5.684560937878999
367802,23.0,54.94959710219951,31.94959710219951
367979,2.0,54.94959710219951,52.94959710219951
367981,23.0,33.315439062121,10.315439062121001
367986,5.0,54.94959710219951,49.94959710219951
368030,44.0,54.94959710219951,10.949597102199512
368097,47.0,54.94959710219951,7.949597102199512
368182,5.0,54.94959710219951,49.94959710219951
368211,0.0,54.94959710219951,54.94959710219951
368326,28.0,54.94959710219951,26.94959710219951
368358,47.0,54.94959710219951,7.949597102199512
368386,15.0,54.94959710219951,39.94959710219951
368446,40.0,54.94959710219951,14.949597102199512
368553,6.0,54.94959710219951,48.94959710219951
368555,47.0,54.94959710219951,7.949597102199512
368712,2.0,54.94959710219951,52.94959710219951
368718,54.0,54.94959710219951,0.9495971021995118
368754,27.0,33.315439062121,6.315439062121001
368919,25.0,33.315439062121,8.315439062121001
368931,69.0,54.94959710219951,-14.050402897800488
368932,58.0,54.94959710219951,-3.0504028978004882
369012,58.0,54.94959710219951,-3.0504028978004882
369020,10.0,54.94959710219951,44.94959710219951
369036,54.0,54.94959710219951,0.9495971021995118
369171,40.0,54.94959710219951,14.949597102199512
369209,45.0,54.94959710219951,9.949597102199512
369317,5.0,54.94959710219951,49.94959710219951
369332,24.0,33.315439062121,9.315439062121001
369436,54.0,54.94959710219951,0.9495971021995118
369636,54.0,54.94959710219951,0.9495971021995118
369779,47.0,54.94959710219951,7.949597102199512
369975,1.0,54.94959710219951,53.94959710219951
370214,41.0,54.94959710219951,13.949597102199512
370286,59.0,54.94959710219951,-4.050402897800488
370303,64.0,54.94959710219951,-9.050402897800488
370342,40.0,54.94959710219951,14.949597102199512
370375,41.0,54.94959710219951,13.949597102199512
370474,33.0,32.71514350105437,-0.28485649894562926
370479,26.0,54.94959710219951,28.94959710219951
370608,4.0,54.94959710219951,50.94959710219951
370758,68.0,54.94959710219951,-13.050402897800488
370845,41.0,54.94959710219951,13.949597102199512
370864,5.0,54.94959710219951,49.94959710219951
370879,49.0,54.94959710219951,5.949597102199512
370884,60.0,54.94959710219951,-5.050402897800488
371043,47.0,54.94959710219951,7.949597102199512
371148,61.0,54.94959710219951,-6.050402897800488
371209,8.0,54.94959710219951,46.94959710219951
371234,18.0,32.71514350105437,14.71514350105437
371289,44.0,33.315439062121,-10.684560937878999
371353,51.0,54.94959710219951,3.9495971021995118
371393,26.0,54.94959710219951,28.94959710219951
371466,48.0,54.94959710219951,6.949597102199512
371493,33.0,54.94959710219951,21.94959710219951
371639,26.0,33.315439062121,7.315439062121001
371654,41.0,54.94959710219951,13.949597102199512
371863,1.0,54.94959710219951,53.94959710219951
371883,40.0,54.94959710219951,14.949597102199512
371904,40.0,54.94959710219951,14.949597102199512
371916,20.0,33.315439062121,13.315439062121001
371986,41.0,33.315439062121,-7.684560937878999
372008,59.0,54.94959710219951,-4.050402897800488
372015,54.0,54.94959710219951,0.9495971021995118
372027,39.0,54.94959710219951,15.949597102199512
372103,8.0,54.94959710219951,46.94959710219951
372137,5.0,54.94959710219951,49.94959710219951
372231,5.0,32.71514350105437,27.71514350105437
372350,40.0,54.94959710219951,14.949597102199512
372369,55.0,54.94959710219951,-0.05040289780048823
372414,40.0,54.94959710219951,14.949597102199512
372420,39.0,54.94959710219951,15.949597102199512
372494,10.0,54.94959710219951,44.94959710219951
372517,52.0,54.94959710219951,2.9495971021995118
372558,51.0,33.315439062121,-17.684560937879
372569,48.0,54.94959710219951,6.949597102199512
372571,25.0,33.315439062121,8.315439062121001
372670,40.0,54.94959710219951,14.949597102199512
372680,26.0,54.94959710219951,28.94959710219951
372752,58.0,54.94959710219951,-3.0504028978004882
372771,56.0,54.94959710219951,-1.0504028978004882
372818,2.0,54.94959710219951,52.94959710219951
372826,5.0,54.94959710219951,49.94959710219951
372857,39.0,54.94959710219951,15.949597102199512
372897,60.0,54.94959710219951,-5.050402897800488
372960,44.0,54.94959710219951,10.949597102199512
372983,47.0,54.94959710219951,7.949597102199512
373003,54.0,54.94959710219951,0.9495971021995118
373085,0.0,54.94959710219951,54.94959710219951
373100,43.0,54.94959710219951,11.949597102199512
373108,19.0,32.71514350105437,13.71514350105437
373265,28.0,54.94959710219951,26.94959710219951
373283,60.0,54.94959710219951,-5.050402897800488
373300,34.0,54.94959710219951,20.94959710219951
373321,4.0,54.94959710219951,50.94959710219951
373345,60.0,54.94959710219951,-5.050402897800488
373562,29.0,33.315439062121,4.315439062121001
373564,26.0,54.94959710219951,28.94959710219951
373644,12.0,54.94959710219951,42.94959710219951
373661,59.0,54.94959710219951,-4.050402897800488
373710,25.0,33.315439062121,8.315439062121001
373893,49.0,54.94959710219951,5.949597102199512
374066,12.0,32.71514350105437,20.71514350105437
374170,1.0,54.94959710219951,53.94959710219951
374223,48.0,54.94959710219951,6.949597102199512
374268,5.0,54.94959710219951,49.94959710219951
374285,40.0,54.94959710219951,14.949597102199512
374433,10.0,54.94959710219951,44.94959710219951
374493,5.0,54.94959710219951,49.94959710219951
374500,10.0,54.94959710219951,44.94959710219951
374597,58.0,54.94959710219951,-3.0504028978004882
374651,41.0,54.94959710219951,13.949597102199512
374683,3.0,54.94959710219951,51.94959710219951
374754,55.0,54.94959710219951,-0.05040289780048823
374764,58.0,54.94959710219951,-3.0504028978004882
374791,2.0,54.94959710219951,52.94959710219951
374852,54.0,54.94959710219951,0.9495971021995118
374981,35.0,32.71514350105437,-2.2848564989456293
375048,29.0,54.94959710219951,25.94959710219951
375084,59.0,54.94959710219951,-4.050402897800488
375220,59.0,54.94959710219951,-4.050402897800488
375348,56.0,54.94959710219951,-1.0504028978004882
375443,5.0,54.94959710219951,49.94959710219951
375456,40.0,54.94959710219951,14.949597102199512
375497,43.0,54.94959710219951,11.949597102199512
375500,58.0,54.94959710219951,-3.0504028978004882
375529,42.0,54.94959710219951,12.949597102199512
375766,6.0,54.94959710219951,48.94959710219951
375790,48.0,54.94959710219951,6.949597102199512
375805,26.0,33.315439062121,7.315439062121001
375830,11.0,54.94959710219951,43.94959710219951
375897,12.0,54.94959710219951,42.94959710219951
375908,60.0,54.94959710219951,-5.050402897800488
375996,27.0,54.94959710219951,27.94959710219951
376004,33.0,54.94959710219951,21.94959710219951
376007,62.0,54.94959710219951,-7.050402897800488
376174,47.0,54.94959710219951,7.949597102199512
376297,0.0,54.94959710219951,54.94959710219951
376322,31.0,54.94959710219951,23.94959710219951
376375,59.0,54.94959710219951,-4.050402897800488
376417,5.0,54.94959710219951,49.94959710219951
376500,4.0,32.71514350105437,28.71514350105437
376684,41.0,54.94959710219951,13.949597102199512
376714,26.0,54.94959710219951,28.94959710219951
376805,12.0,54.94959710219951,42.94959710219951
376880,51.0,54.94959710219951,3.9495971021995118
376895,39.0,54.94959710219951,15.949597102199512
376914,33.0,54.94959710219951,21.94959710219951
376926,59.0,54.94959710219951,-4.050402897800488
377009,43.0,54.94959710219951,11.949597102199512
377022,26.0,33.315439062121,7.315439062121001
377026,12.0,54.94959710219951,42.94959710219951
377035,58.0,54.94959710219951,-3.0504028978004882
377074,65.0,54.94959710219951,-10.050402897800488
377106,64.0,54.94959710219951,-9.050402897800488
377139,47.0,54.94959710219951,7.949597102199512
377272,12.0,54.94959710219951,42.94959710219951
377275,48.0,33.315439062121,-14.684560937878999
377290,29.0,54.94959710219951,25.94959710219951
377343,13.0,54.94959710219951,41.94959710219951
377351,54.0,54.94959710219951,0.9495971021995118
377455,28.0,33.315439062121,5.315439062121001
377637,24.0,54.94959710219951,30.94959710219951
377721,59.0,54.94959710219951,-4.050402897800488
377732,5.0,54.94959710219951,49.94959710219951
377831,54.0,54.94959710219951,0.9495971021995118
377856,39.0,33.315439062121,-5.684560937878999
377858,30.0,54.94959710219951,24.94959710219951
377896,72.0,54.94959710219951,-17.05040289780049
378082,36.0,54.94959710219951,18.94959710219951
378296,28.0,54.94959710219951,26.94959710219951
378328,42.0,54.94959710219951,12.949597102199512
378342,13.0,54.94959710219951,41.94959710219951
378530,3.0,54.94959710219951,51.94959710219951
378548,26.0,33.315439062121,7.315439062121001
378600,19.0,54.94959710219951,35.94959710219951
378674,40.0,54.94959710219951,14.949597102199512
378805,41.0,54.94959710219951,13.949597102199512
378904,58.0,54.94959710219951,-3.0504028978004882
378922,5.0,54.94959710219951,49.94959710219951
378962,26.0,54.94959710219951,28.94959710219951
378983,46.0,54.94959710219951,8.949597102199512
379048,41.0,54.94959710219951,13.949597102199512
379198,48.0,54.94959710219951,6.949597102199512
379223,43.0,54.94959710219951,11.949597102199512
379229,34.0,54.94959710219951,20.94959710219951
379261,7.0,32.71514350105437,25.71514350105437
379424,5.0,32.71514350105437,27.71514350105437
379436,35.0,54.94959710219951,19.94959710219951
379444,48.0,54.94959710219951,6.949597102199512
379477,58.0,54.94959710219951,-3.0504028978004882
379521,26.0,54.94959710219951,28.94959710219951
379522,6.0,54.94959710219951,48.94959710219951
379539,59.0,54.94959710219951,-4.050402897800488
379578,0.0,54.94959710219951,54.94959710219951
379682,39.0,54.94959710219951,15.949597102199512
379751,51.0,54.94959710219951,3.9495971021995118
379773,5.0,54.94959710219951,49.94959710219951
379906,35.0,54.94959710219951,19.94959710219951
379921,54.0,54.94959710219951,0.9495971021995118
379952,48.0,54.94959710219951,6.949597102199512
380069,27.0,54.94959710219951,27.94959710219951
380142,24.0,33.315439062121,9.315439062121001
380181,4.0,54.94959710219951,50.94959710219951
380256,47.0,54.94959710219951,7.949597102199512
380309,47.0,54.94959710219951,7.949597102199512
380369,40.0,54.94959710219951,14.949597102199512
380461,33.0,54.94959710219951,21.94959710219951
380518,54.0,54.94959710219951,0.9495971021995118
380563,58.0,54.94959710219951,-3.0504028978004882
380638,55.0,54.94959710219951,-0.05040289780048823
380643,48.0,54.94959710219951,6.949597102199512
380714,2.0,54.94959710219951,52.94959710219951
380734,13.0,54.94959710219951,41.94959710219951
380817,44.0,54.94959710219951,10.949597102199512
380866,7.0,54.94959710219951,47.94959710219951
380909,5.0,54.94959710219951,49.94959710219951
380919,7.0,54.94959710219951,47.94959710219951
381016,29.0,54.94959710219951,25.94959710219951
381030,32.0,54.94959710219951,22.94959710219951
381069,28.0,33.315439062121,5.315439062121001
381141,33.0,54.94959710219951,21.94959710219951
381148,23.0,33.315439062121,10.315439062121001
381319,5.0,54.94959710219951,49.94959710219951
381369,32.0,54.94959710219951,22.94959710219951
381554,27.0,54.94959710219951,27.94959710219951
381603,40.0,54.94959710219951,14.949597102199512
381635,5.0,54.94959710219951,49.94959710219951
381651,69.0,54.94959710219951,-14.050402897800488
381702,53.0,54.94959710219951,1.9495971021995118
381759,0.0,54.94959710219951,54.94959710219951
381876,1.0,54.94959710219951,53.94959710219951
381922,58.0,54.94959710219951,-3.0504028978004882
381938,60.0,54.94959710219951,-5.050402897800488
382115,25.0,33.315439062121,8.315439062121001
382126,0.0,54.94959710219951,54.94959710219951
382171,2.0,54.94959710219951,52.94959710219951
382192,26.0,54.94959710219951,28.94959710219951
382262,54.0,54.94959710219951,0.9495971021995118
382279,40.0,54.94959710219951,14.949597102199512
382374,60.0,54.94959710219951,-5.050402897800488
382378,24.0,33.315439062121,9.315439062121001
382481,3.0,32.71514350105437,29.71514350105437
382513,12.0,54.94959710219951,42.94959710219951
382582,5.0,54.94959710219951,49.94959710219951
382614,47.0,54.94959710219951,7.949597102199512
382691,13.0,54.94959710219951,41.94959710219951
382700,27.0,33.315439062121,6.315439062121001
382723,3.0,32.71514350105437,29.71514350105437
382766,5.0,54.94959710219951,49.94959710219951
382931,0.0,54.94959710219951,54.94959710219951
382932,33.0,54.94959710219951,21.94959710219951
382993,41.0,54.94959710219951,13.949597102199512
383050,55.0,54.94959710219951,-0.05040289780048823
383078,5.0,54.94959710219951,49.94959710219951
383151,54.0,54.94959710219951,0.9495971021995118
383226,25.0,33.315439062121,8.315439062121001
383410,33.0,54.94959710219951,21.94959710219951
383411,1.0,54.94959710219951,53.94959710219951
383517,59.0,54.94959710219951,-4.050402897800488
383561,19.0,54.94959710219951,35.94959710219951
383602,60.0,54.94959710219951,-5.050402897800488
383684,53.0,54.94959710219951,1.9495971021995118
383734,17.0,54.94959710219951,37.94959710219951
383761,0.0,54.94959710219951,54.94959710219951
383924,33.0,54.94959710219951,21.94959710219951
384008,2.0,54.94959710219951,52.94959710219951
384118,45.0,54.94959710219951,9.949597102199512
384125,34.0,54.94959710219951,20.94959710219951
384257,26.0,54.94959710219951,28.94959710219951
384292,49.0,54.94959710219951,5.949597102199512
384359,27.0,33.315439062121,6.315439062121001
384476,81.0,54.94959710219951,-26.05040289780049
384551,6.0,54.94959710219951,48.94959710219951
384573,43.0,54.94959710219951,11.949597102199512
384589,33.0,54.94959710219951,21.94959710219951
384631,3.0,54.94959710219951,51.94959710219951
384726,5.0,54.94959710219951,49.94959710219951
384886,61.0,54.94959710219951,-6.050402897800488
385014,3.0,54.94959710219951,51.94959710219951
385114,5.0,54.94959710219951,49.94959710219951
385136,29.0,33.315439062121,4.315439062121001
385140,61.0,54.94959710219951,-6.050402897800488
385169,29.0,54.94959710219951,25.94959710219951
385192,52.0,54.94959710219951,2.9495971021995118
385255,61.0,54.94959710219951,-6.050402897800488
385293,40.0,54.94959710219951,14.949597102199512
385376,27.0,33.315439062121,6.315439062121001
385378,26.0,33.315439062121,7.315439062121001
385414,26.0,54.94959710219951,28.94959710219951
385532,41.0,54.94959710219951,13.949597102199512
385692,44.0,54.94959710219951,10.949597102199512
385764,24.0,33.315439062121,9.315439062121001
385775,17.0,54.94959710219951,37.94959710219951
385799,34.0,54.94959710219951,20.94959710219951
385864,64.0,54.94959710219951,-9.050402897800488
385893,40.0,54.94959710219951,14.949597102199512
386159,5.0,54.94959710219951,49.94959710219951
386179,23.0,33.315439062121,10.315439062121001
386411,31.0,33.315439062121,2.3154390621210013
386428,42.0,54.94959710219951,12.949597102199512
386474,41.0,54.94959710219951,13.949597102199512
386635,11.0,54.94959710219951,43.94959710219951
386673,3.0,54.94959710219951,51.94959710219951
386698,39.0,54.94959710219951,15.949597102199512
386736,54.0,54.94959710219951,0.9495971021995118
386739,5.0,54.94959710219951,49.94959710219951
386754,27.0,54.94959710219951,27.94959710219951
386829,5.0,54.94959710219951,49.94959710219951
386877,60.0,54.94959710219951,-5.050402897800488
386889,26.0,54.94959710219951,28.94959710219951
386913,44.0,54.94959710219951,10.949597102199512
386970,64.0,54.94959710219951,-9.050402897800488
386982,48.0,54.94959710219951,6.949597102199512
386989,40.0,54.94959710219951,14.949597102199512
387024,53.0,54.94959710219951,1.9495971021995118
387064,40.0,54.94959710219951,14.949597102199512
387078,68.0,54.94959710219951,-13.050402897800488
387223,23.0,54.94959710219951,31.94959710219951
387369,26.0,54.94959710219951,28.94959710219951
387409,21.0,54.94959710219951,33.94959710219951
387714,26.0,33.315439062121,7.315439062121001
387732,17.0,32.71514350105437,15.71514350105437
387742,31.0,54.94959710219951,23.94959710219951
387886,26.0,33.315439062121,7.315439062121001
387893,10.0,54.94959710219951,44.94959710219951
387948,59.0,54.94959710219951,-4.050402897800488
388003,58.0,54.94959710219951,-3.0504028978004882
388014,5.0,32.71514350105437,27.71514350105437
388027,41.0,54.94959710219951,13.949597102199512
388191,24.0,33.315439062121,9.315439062121001
388206,5.0,54.94959710219951,49.94959710219951
388286,63.0,54.94959710219951,-8.050402897800488
388308,60.0,54.94959710219951,-5.050402897800488
388351,5.0,54.94959710219951,49.94959710219951
388396,38.0,54.94959710219951,16.94959710219951
388484,6.0,54.94959710219951,48.94959710219951
388750,31.0,54.94959710219951,23.94959710219951
388765,36.0,54.94959710219951,18.94959710219951
388771,58.0,54.94959710219951,-3.0504028978004882
388827,59.0,54.94959710219951,-4.050402897800488
388847,27.0,33.315439062121,6.315439062121001
389013,43.0,54.94959710219951,11.949597102199512
389099,54.0,54.94959710219951,0.9495971021995118
389147,45.0,54.94959710219951,9.949597102199512
389222,61.0,54.94959710219951,-6.050402897800488
389351,6.0,54.94959710219951,48.94959710219951
389445,47.0,54.94959710219951,7.949597102199512
389517,28.0,54.94959710219951,26.94959710219951
389599,4.0,54.94959710219951,50.94959710219951
389670,22.0,54.94959710219951,32.94959710219951
389847,48.0,54.94959710219951,6.949597102199512
389912,29.0,33.315439062121,4.315439062121001
390140,31.0,33.315439062121,2.3154390621210013
390158,7.0,54.94959710219951,47.94959710219951
390224,59.0,54.94959710219951,-4.050402897800488
390258,2.0,54.94959710219951,52.94959710219951
390349,43.0,54.94959710219951,11.949597102199512
390393,40.0,54.94959710219951,14.949597102199512
390410,59.0,54.94959710219951,-4.050402897800488
390435,9.0,54.94959710219951,45.94959710219951
390447,28.0,54.94959710219951,26.94959710219951
390501,63.0,54.94959710219951,-8.050402897800488
390515,18.0,54.94959710219951,36.94959710219951
390571,56.0,54.94959710219951,-1.0504028978004882
390686,1.0,54.94959710219951,53.94959710219951
390787,24.0,33.315439062121,9.315439062121001
390799,55.0,54.94959710219951,-0.05040289780048823
390804,0.0,54.94959710219951,54.94959710219951
390849,30.0,54.94959710219951,24.94959710219951
391080,37.0,54.94959710219951,17.94959710219951
391092,61.0,54.94959710219951,-6.050402897800488
391202,23.0,33.315439062121,10.315439062121001
391210,40.0,54.94959710219951,14.949597102199512
391219,5.0,54.94959710219951,49.94959710219951
391349,62.0,54.94959710219951,-7.050402897800488
391362,12.0,54.94959710219951,42.94959710219951
391430,42.0,54.94959710219951,12.949597102199512
391444,28.0,54.94959710219951,26.94959710219951
391516,41.0,54.94959710219951,13.949597102199512
391597,5.0,54.94959710219951,49.94959710219951
391760,44.0,54.94959710219951,10.949597102199512
391874,19.0,54.94959710219951,35.94959710219951
391875,4.0,54.94959710219951,50.94959710219951
391928,8.0,54.94959710219951,46.94959710219951
391939,23.0,54.94959710219951,31.94959710219951
391998,21.0,54.94959710219951,33.94959710219951
392063,29.0,54.94959710219951,25.94959710219951
392080,26.0,32.71514350105437,6.715143501054371
392086,40.0,54.94959710219951,14.949597102199512
392123,33.0,54.94959710219951,21.94959710219951
392147,60.0,54.94959710219951,-5.050402897800488
392162,5.0,54.94959710219951,49.94959710219951
392428,54.0,54.94959710219951,0.9495971021995118
392504,28.0,33.315439062121,5.315439062121001
392537,30.0,54.94959710219951,24.94959710219951
392559,28.0,32.71514350105437,4.715143501054371
392574,23.0,33.315439062121,10.315439062121001
392589,5.0,54.94959710219951,49.94959710219951
392636,40.0,54.94959710219951,14.949597102199512
392652,26.0,54.94959710219951,28.94959710219951
392930,18.0,54.94959710219951,36.94959710219951
392980,18.0,54.94959710219951,36.94959710219951
392993,5.0,54.94959710219951,49.94959710219951
393074,26.0,54.94959710219951,28.94959710219951
393188,47.0,33.315439062121,-13.684560937878999
393191,45.0,54.94959710219951,9.949597102199512
393314,67.0,54.94959710219951,-12.050402897800488
393493,2.0,54.94959710219951,52.94959710219951
393561,49.0,54.94959710219951,5.949597102199512
393625,12.0,54.94959710219951,42.94959710219951
393687,35.0,54.94959710219951,19.94959710219951
393745,19.0,32.71514350105437,13.71514350105437
393773,39.0,54.94959710219951,15.949597102199512
393828,59.0,54.94959710219951,-4.050402897800488
393854,13.0,54.94959710219951,41.94959710219951
393867,31.0,54.94959710219951,23.94959710219951
393999,41.0,54.94959710219951,13.949597102199512
394019,14.0,54.94959710219951,40.94959710219951
394032,112.0,54.94959710219951,-57.05040289780049
394063,30.0,54.94959710219951,24.94959710219951
394132,46.0,54.94959710219951,8.949597102199512
394169,26.0,54.94959710219951,28.94959710219951
394188,5.0,54.94959710219951,49.94959710219951
394409,5.0,32.71514350105437,27.71514350105437
394647,23.0,54.94959710219951,31.94959710219951
394680,29.0,54.94959710219951,25.94959710219951
394713,6.0,54.94959710219951,48.94959710219951
394813,47.0,54.94959710219951,7.949597102199512
394988,49.0,33.315439062121,-15.684560937878999
395038,43.0,54.94959710219951,11.949597102199512
395203,13.0,54.94959710219951,41.94959710219951
395206,35.0,54.94959710219951,19.94959710219951
395323,7.0,54.94959710219951,47.94959710219951
395365,46.0,54.94959710219951,8.949597102199512
395650,5.0,54.94959710219951,49.94959710219951
395677,28.0,54.94959710219951,26.94959710219951
395812,50.0,54.94959710219951,4.949597102199512
396018,6.0,54.94959710219951,48.94959710219951
396092,27.0,33.315439062121,6.315439062121001
396113,58.0,54.94959710219951,-3.0504028978004882
396120,43.0,54.94959710219951,11.949597102199512
396178,12.0,54.94959710219951,42.94959710219951
396251,59.0,54.94959710219951,-4.050402897800488
396262,47.0,54.94959710219951,7.949597102199512
396571,3.0,54.94959710219951,51.94959710219951
396595,47.0,54.94959710219951,7.949597102199512
396597,33.0,54.94959710219951,21.94959710219951
396615,36.0,54.94959710219951,18.94959710219951
396620,12.0,32.71514350105437,20.71514350105437
396713,34.0,54.94959710219951,20.94959710219951
396785,26.0,33.315439062121,7.315439062121001
396790,12.0,32.71514350105437,20.71514350105437
396885,5.0,54.94959710219951,49.94959710219951
396886,31.0,54.94959710219951,23.94959710219951
396978,40.0,54.94959710219951,14.949597102199512
397036,1.0,54.94959710219951,53.94959710219951
397068,47.0,54.94959710219951,7.949597102199512
397077,56.0,54.94959710219951,-1.0504028978004882
397106,12.0,54.94959710219951,42.94959710219951
397108,26.0,33.315439062121,7.315439062121001
397109,34.0,54.94959710219951,20.94959710219951
397124,58.0,54.94959710219951,-3.0504028978004882
397232,56.0,54.94959710219951,-1.0504028978004882
397336,20.0,54.94959710219951,34.94959710219951
397344,37.0,54.94959710219951,17.94959710219951
397443,25.0,54.94959710219951,29.94959710219951
397458,28.0,54.94959710219951,26.94959710219951
397547,5.0,54.94959710219951,49.94959710219951
397989,23.0,33.315439062121,10.315439062121001
398101,40.0,54.94959710219951,14.949597102199512
398149,4.0,54.94959710219951,50.94959710219951
398247,59.0,54.94959710219951,-4.050402897800488
398313,52.0,54.94959710219951,2.9495971021995118
398334,32.0,54.94959710219951,22.94959710219951
398341,58.0,54.94959710219951,-3.0504028978004882
398364,5.0,54.94959710219951,49.94959710219951
398411,40.0,54.94959710219951,14.949597102199512
398464,26.0,33.315439062121,7.315439062121001
398471,1.0,54.94959710219951,53.94959710219951
398768,5.0,54.94959710219951,49.94959710219951
398833,12.0,54.94959710219951,42.94959710219951
398946,82.0,54.94959710219951,-27.05040289780049
399021,5.0,54.94959710219951,49.94959710219951
399064,61.0,54.94959710219951,-6.050402897800488
399188,28.0,54.94959710219951,26.94959710219951
399338,2.0,54.94959710219951,52.94959710219951
399367,46.0,54.94959710219951,8.949597102199512
399398,59.0,54.94959710219951,-4.050402897800488
399441,41.0,54.94959710219951,13.949597102199512
399494,61.0,54.94959710219951,-6.050402897800488
399658,5.0,54.94959710219951,49.94959710219951
399732,5.0,54.94959710219951,49.94959710219951
399781,4.0,54.94959710219951,50.94959710219951
399798,8.0,54.94959710219951,46.94959710219951
399815,19.0,54.94959710219951,35.94959710219951
399844,43.0,54.94959710219951,11.949597102199512
399906,33.0,54.94959710219951,21.94959710219951
399990,40.0,54.94959710219951,14.949597102199512
400049,59.0,54.94959710219951,-4.050402897800488
400054,55.0,54.94959710219951,-0.05040289780048823
400113,58.0,54.94959710219951,-3.0504028978004882
400154,23.0,33.315439062121,10.315439062121001
400208,110.0,54.94959710219951,-55.05040289780049
400238,27.0,54.94959710219951,27.94959710219951
400260,15.0,54.94959710219951,39.94959710219951
400342,46.0,54.94959710219951,8.949597102199512
400423,88.0,54.94959710219951,-33.05040289780049
400486,28.0,54.94959710219951,26.94959710219951
400612,61.0,54.94959710219951,-6.050402897800488
400656,43.0,54.94959710219951,11.949597102199512
400772,30.0,54.94959710219951,24.94959710219951
400844,53.0,54.94959710219951,1.9495971021995118
400964,56.0,54.94959710219951,-1.0504028978004882
401141,26.0,54.94959710219951,28.94959710219951
401255,7.0,54.94959710219951,47.94959710219951
401328,127.0,54.94959710219951,-72.0504028978005
401362,58.0,54.94959710219951,-3.0504028978004882
401389,35.0,54.94959710219951,19.94959710219951
401415,43.0,54.94959710219951,11.949597102199512
401461,2.0,54.94959710219951,52.94959710219951
401471,41.0,54.94959710219951,13.949597102199512
401518,33.0,54.94959710219951,21.94959710219951
401612,43.0,54.94959710219951,11.949597102199512
401700,69.0,54.94959710219951,-14.050402897800488
401751,27.0,54.94959710219951,27.94959710219951
401815,11.0,54.94959710219951,43.94959710219951
401843,9.0,54.94959710219951,45.94959710219951
401869,89.0,54.94959710219951,-34.05040289780049
401892,33.0,54.94959710219951,21.94959710219951
401994,59.0,54.94959710219951,-4.050402897800488
402092,55.0,54.94959710219951,-0.05040289780048823
402141,31.0,54.94959710219951,23.94959710219951
402167,60.0,54.94959710219951,-5.050402897800488
402179,54.0,54.94959710219951,0.9495971021995118
402314,55.0,54.94959710219951,-0.05040289780048823
402612,58.0,54.94959710219951,-3.0504028978004882
402742,6.0,54.94959710219951,48.94959710219951
402819,43.0,54.94959710219951,11.949597102199512
402880,84.0,54.94959710219951,-29.05040289780049
402945,10.0,54.94959710219951,44.94959710219951
402991,64.0,54.94959710219951,-9.050402897800488
403050,25.0,54.94959710219951,29.94959710219951
403065,31.0,33.315439062121,2.3154390621210013
403096,50.0,33.315439062121,-16.684560937879
403115,46.0,54.94959710219951,8.949597102199512
403116,46.0,54.94959710219951,8.949597102199512
403135,55.0,54.94959710219951,-0.05040289780048823
403232,60.0,54.94959710219951,-5.050402897800488
403243,5.0,54.94959710219951,49.94959710219951
403311,25.0,54.94959710219951,29.94959710219951
403345,23.0,33.315439062121,10.315439062121001
403412,9.0,54.94959710219951,45.94959710219951
403461,37.0,54.94959710219951,17.94959710219951
403489,58.0,54.94959710219951,-3.0504028978004882
403616,46.0,54.94959710219951,8.949597102199512
403622,5.0,32.71514350105437,27.71514350105437
403657,28.0,54.94959710219951,26.94959710219951
403831,54.0,54.94959710219951,0.9495971021995118
404070,60.0,54.94959710219951,-5.050402897800488
404113,26.0,33.315439062121,7.315439062121001
404221,61.0,54.94959710219951,-6.050402897800488
404306,28.0,33.315439062121,5.315439062121001
404583,4.0,54.94959710219951,50.94959710219951
404626,47.0,54.94959710219951,7.949597102199512
404671,39.0,54.94959710219951,15.949597102199512
404825,54.0,54.94959710219951,0.9495971021995118
404842,61.0,54.94959710219951,-6.050402897800488
404855,59.0,54.94959710219951,-4.050402897800488
404880,55.0,54.94959710219951,-0.05040289780048823
404904,46.0,54.94959710219951,8.949597102199512
404944,6.0,54.94959710219951,48.94959710219951
404958,58.0,54.94959710219951,-3.0504028978004882
405005,46.0,54.94959710219951,8.949597102199512
405039,18.0,54.94959710219951,36.94959710219951
405043,17.0,54.94959710219951,37.94959710219951
405146,7.0,54.94959710219951,47.94959710219951
405164,51.0,54.94959710219951,3.9495971021995118
405229,26.0,54.94959710219951,28.94959710219951
405297,44.0,54.94959710219951,10.949597102199512
405347,56.0,54.94959710219951,-1.0504028978004882
405410,50.0,33.315439062121,-16.684560937879
405425,62.0,54.94959710219951,-7.050402897800488
405517,27.0,54.94959710219951,27.94959710219951
405625,44.0,54.94959710219951,10.949597102199512
405709,26.0,54.94959710219951,28.94959710219951
405774,113.0,54.94959710219951,-58.05040289780049
405873,26.0,54.94959710219951,28.94959710219951
405963,46.0,54.94959710219951,8.949597102199512
405993,60.0,54.94959710219951,-5.050402897800488
406094,26.0,54.94959710219951,28.94959710219951
406265,41.0,54.94959710219951,13.949597102199512
406271,40.0,54.94959710219951,14.949597102199512
406292,50.0,54.94959710219951,4.949597102199512
406312,25.0,33.315439062121,8.315439062121001
406315,5.0,54.94959710219951,49.94959710219951
406406,48.0,54.94959710219951,6.949597102199512
406417,58.0,54.94959710219951,-3.0504028978004882
406427,28.0,54.94959710219951,26.94959710219951
406478,1.0,54.94959710219951,53.94959710219951
406481,51.0,54.94959710219951,3.9495971021995118
406699,59.0,54.94959710219951,-4.050402897800488
406778,26.0,33.315439062121,7.315439062121001
406843,40.0,54.94959710219951,14.949597102199512
406926,26.0,54.94959710219951,28.94959710219951
407019,4.0,54.94959710219951,50.94959710219951
407023,58.0,54.94959710219951,-3.0504028978004882
407322,2.0,54.94959710219951,52.94959710219951
407367,46.0,54.94959710219951,8.949597102199512
407386,61.0,54.94959710219951,-6.050402897800488
407414,43.0,54.94959710219951,11.949597102199512
407506,59.0,54.94959710219951,-4.050402897800488
407560,51.0,54.94959710219951,3.9495971021995118
407649,43.0,54.94959710219951,11.949597102199512
407726,40.0,54.94959710219951,14.949597102199512
407796,4.0,54.94959710219951,50.94959710219951
407849,27.0,54.94959710219951,27.94959710219951
407897,45.0,54.94959710219951,9.949597102199512
407976,44.0,54.94959710219951,10.949597102199512
408024,29.0,54.94959710219951,25.94959710219951
408061,45.0,54.94959710219951,9.949597102199512
408226,22.0,33.315439062121,11.315439062121001
408281,60.0,54.94959710219951,-5.050402897800488
408300,26.0,54.94959710219951,28.94959710219951
408311,32.0,54.94959710219951,22.94959710219951
408408,59.0,54.94959710219951,-4.050402897800488
408535,6.0,54.94959710219951,48.94959710219951
408656,29.0,54.94959710219951,25.94959710219951
408723,59.0,54.94959710219951,-4.050402897800488
408959,33.0,54.94959710219951,21.94959710219951
409003,42.0,54.94959710219951,12.949597102199512
409185,54.0,54.94959710219951,0.9495971021995118
409379,24.0,33.315439062121,9.315439062121001
409448,61.0,54.94959710219951,-6.050402897800488
409496,33.0,54.94959710219951,21.94959710219951
409633,44.0,32.71514350105437,-11.28485649894563
409679,12.0,54.94959710219951,42.94959710219951
409706,3.0,54.94959710219951,51.94959710219951
409772,5.0,54.94959710219951,49.94959710219951
409802,1.0,54.94959710219951,53.94959710219951
409869,60.0,54.94959710219951,-5.050402897800488
409899,26.0,54.94959710219951,28.94959710219951
409967,12.0,32.71514350105437,20.71514350105437
410018,0.0,54.94959710219951,54.94959710219951
410022,13.0,54.94959710219951,41.94959710219951
410074,54.0,54.94959710219951,0.9495971021995118
410112,59.0,54.94959710219951,-4.050402897800488
410202,47.0,54.94959710219951,7.949597102199512
410262,4.0,54.94959710219951,50.94959710219951
410334,33.0,54.94959710219951,21.94959710219951
410465,23.0,54.94959710219951,31.94959710219951
410494,7.0,54.94959710219951,47.94959710219951
410517,36.0,54.94959710219951,18.94959710219951
410632,50.0,33.315439062121,-16.684560937879
410728,28.0,54.94959710219951,26.94959710219951
410836,26.0,33.315439062121,7.315439062121001
410948,26.0,54.94959710219951,28.94959710219951
410984,34.0,54.94959710219951,20.94959710219951
410989,27.0,33.315439062121,6.315439062121001
410995,5.0,54.94959710219951,49.94959710219951
411132,42.0,54.94959710219951,12.949597102199512
411279,9.0,54.94959710219951,45.94959710219951
411295,41.0,54.94959710219951,13.949597102199512
411310,5.0,54.94959710219951,49.94959710219951
411397,12.0,54.94959710219951,42.94959710219951
411447,5.0,54.94959710219951,49.94959710219951
411530,59.0,54.94959710219951,-4.050402897800488
411542,5.0,32.71514350105437,27.71514350105437
411558,26.0,54.94959710219951,28.94959710219951
411624,12.0,32.71514350105437,20.71514350105437
411635,40.0,54.94959710219951,14.949597102199512
411760,61.0,54.94959710219951,-6.050402897800488
411761,5.0,54.94959710219951,49.94959710219951
411934,58.0,54.94959710219951,-3.0504028978004882
411970,54.0,54.94959710219951,0.9495971021995118
411999,56.0,54.94959710219951,-1.0504028978004882
412016,48.0,54.94959710219951,6.949597102199512
412077,0.0,54.94959710219951,54.94959710219951
412113,73.0,54.94959710219951,-18.05040289780049
412151,35.0,54.94959710219951,19.94959710219951
412173,61.0,54.94959710219951,-6.050402897800488
412195,5.0,54.94959710219951,49.94959710219951
412323,53.0,54.94959710219951,1.9495971021995118
412396,5.0,54.94959710219951,49.94959710219951
412413,5.0,32.71514350105437,27.71514350105437
412427,9.0,54.94959710219951,45.94959710219951
412534,27.0,54.94959710219951,27.94959710219951
412648,59.0,54.94959710219951,-4.050402897800488
412649,13.0,32.71514350105437,19.71514350105437
412684,31.0,54.94959710219951,23.94959710219951
412800,58.0,54.94959710219951,-3.0504028978004882
412820,40.0,54.94959710219951,14.949597102199512
412821,61.0,54.94959710219951,-6.050402897800488
412859,56.0,54.94959710219951,-1.0504028978004882
412948,59.0,54.94959710219951,-4.050402897800488
412951,26.0,54.94959710219951,28.94959710219951
412994,48.0,54.94959710219951,6.949597102199512
413014,26.0,54.94959710219951,28.94959710219951
413015,5.0,54.94959710219951,49.94959710219951
413060,29.0,54.94959710219951,25.94959710219951
413105,26.0,54.94959710219951,28.94959710219951
413106,29.0,54.94959710219951,25.94959710219951
413160,47.0,54.94959710219951,7.949597102199512
413229,11.0,54.94959710219951,43.94959710219951
413230,31.0,54.94959710219951,23.94959710219951
413285,40.0,33.315439062121,-6.684560937878999
413313,46.0,54.94959710219951,8.949597102199512
413370,29.0,54.94959710219951,25.94959710219951
413378,4.0,54.94959710219951,50.94959710219951
413407,19.0,54.94959710219951,35.94959710219951
413410,26.0,33.315439062121,7.315439062121001
413450,12.0,54.94959710219951,42.94959710219951
413557,58.0,54.94959710219951,-3.0504028978004882
413558,52.0,54.94959710219951,2.9495971021995118
413705,54.0,54.94959710219951,0.9495971021995118
413958,23.0,54.94959710219951,31.94959710219951
414058,54.0,54.94959710219951,0.9495971021995118
414181,50.0,54.94959710219951,4.949597102199512
414257,29.0,54.94959710219951,25.94959710219951
414258,49.0,54.94959710219951,5.949597102199512
414271,3.0,54.94959710219951,51.94959710219951
414528,60.0,54.94959710219951,-5.050402897800488
414642,27.0,33.315439062121,6.315439062121001
414648,38.0,33.315439062121,-4.684560937878999
414759,5.0,54.94959710219951,49.94959710219951
414817,4.0,54.94959710219951,50.94959710219951
414822,5.0,32.71514350105437,27.71514350105437
415026,5.0,54.94959710219951,49.94959710219951
415080,50.0,54.94959710219951,4.949597102199512
415118,31.0,54.94959710219951,23.94959710219951
415123,28.0,54.94959710219951,26.94959710219951
415283,26.0,54.94959710219951,28.94959710219951
415298,45.0,54.94959710219951,9.949597102199512
415342,45.0,54.94959710219951,9.949597102199512
415374,54.0,54.94959710219951,0.9495971021995118
415385,64.0,54.94959710219951,-9.050402897800488
415425,60.0,54.94959710219951,-5.050402897800488
415501,47.0,54.94959710219951,7.949597102199512
415514,61.0,54.94959710219951,-6.050402897800488
415612,4.0,33.315439062121,29.315439062121
415626,51.0,54.94959710219951,3.9495971021995118
415668,12.0,54.94959710219951,42.94959710219951
415700,25.0,54.94959710219951,29.94959710219951
415721,58.0,54.94959710219951,-3.0504028978004882
415730,23.0,33.315439062121,10.315439062121001
415830,40.0,54.94959710219951,14.949597102199512
415851,24.0,32.71514350105437,8.71514350105437
415911,40.0,54.94959710219951,14.949597102199512
415938,19.0,54.94959710219951,35.94959710219951
415991,60.0,54.94959710219951,-5.050402897800488
416125,50.0,54.94959710219951,4.949597102199512
416171,7.0,54.94959710219951,47.94959710219951
416195,47.0,54.94959710219951,7.949597102199512
416234,38.0,54.94959710219951,16.94959710219951
416309,31.0,54.94959710219951,23.94959710219951
416400,23.0,54.94959710219951,31.94959710219951
416423,73.0,54.94959710219951,-18.05040289780049
416490,4.0,54.94959710219951,50.94959710219951
416779,28.0,54.94959710219951,26.94959710219951
416900,59.0,54.94959710219951,-4.050402897800488
417015,61.0,54.94959710219951,-6.050402897800488
417051,47.0,54.94959710219951,7.949597102199512
417108,3.0,54.94959710219951,51.94959710219951
417252,5.0,54.94959710219951,49.94959710219951
417258,72.0,54.94959710219951,-17.05040289780049
417403,2.0,32.71514350105437,30.71514350105437
417419,12.0,54.94959710219951,42.94959710219951
417552,58.0,54.94959710219951,-3.0504028978004882
417704,3.0,54.94959710219951,51.94959710219951
417726,61.0,54.94959710219951,-6.050402897800488
417786,54.0,54.94959710219951,0.9495971021995118
417919,35.0,54.94959710219951,19.94959710219951
418023,43.0,54.94959710219951,11.949597102199512
418087,41.0,54.94959710219951,13.949597102199512
418206,25.0,33.315439062121,8.315439062121001
418301,4.0,54.94959710219951,50.94959710219951
418633,28.0,33.315439062121,5.315439062121001
418657,18.0,32.71514350105437,14.71514350105437
418739,1.0,32.71514350105437,31.71514350105437
418846,34.0,54.94959710219951,20.94959710219951
419047,58.0,54.94959710219951,-3.0504028978004882
419099,58.0,54.94959710219951,-3.0504028978004882
419248,28.0,54.94959710219951,26.94959710219951
419348,25.0,33.315439062121,8.315439062121001
419351,26.0,54.94959710219951,28.94959710219951
419391,56.0,54.94959710219951,-1.0504028978004882
419398,43.0,54.94959710219951,11.949597102199512
419428,46.0,54.94959710219951,8.949597102199512
419487,61.0,54.94959710219951,-6.050402897800488
419492,41.0,54.94959710219951,13.949597102199512
419524,64.0,54.94959710219951,-9.050402897800488
419533,46.0,54.94959710219951,8.949597102199512
419570,26.0,54.94959710219951,28.94959710219951
419638,8.0,54.94959710219951,46.94959710219951
419720,12.0,54.94959710219951,42.94959710219951
419829,60.0,54.94959710219951,-5.050402897800488
419954,28.0,54.94959710219951,26.94959710219951
419966,28.0,54.94959710219951,26.94959710219951
420007,12.0,32.71514350105437,20.71514350105437
420012,43.0,54.94959710219951,11.949597102199512
420063,12.0,32.71514350105437,20.71514350105437
420086,25.0,33.315439062121,8.315439062121001
420173,3.0,54.94959710219951,51.94959710219951
420272,23.0,33.315439062121,10.315439062121001
420443,41.0,54.94959710219951,13.949597102199512
420477,7.0,54.94959710219951,47.94959710219951
420507,59.0,54.94959710219951,-4.050402897800488
420518,22.0,33.315439062121,11.315439062121001
420533,1.0,54.94959710219951,53.94959710219951
420775,31.0,54.94959710219951,23.94959710219951
420776,55.0,54.94959710219951,-0.05040289780048823
420803,41.0,54.94959710219951,13.949597102199512
420812,5.0,54.94959710219951,49.94959710219951
420822,116.0,54.94959710219951,-61.05040289780049
420841,59.0,54.94959710219951,-4.050402897800488
420847,58.0,54.94959710219951,-3.0504028978004882
420957,28.0,54.94959710219951,26.94959710219951
421008,43.0,54.94959710219951,11.949597102199512
421058,28.0,54.94959710219951,26.94959710219951
421100,2.0,54.94959710219951,52.94959710219951
421113,27.0,54.94959710219951,27.94959710219951
421146,4.0,54.94959710219951,50.94959710219951
421175,40.0,54.94959710219951,14.949597102199512
421238,19.0,54.94959710219951,35.94959710219951
421482,12.0,54.94959710219951,42.94959710219951
421493,41.0,54.94959710219951,13.949597102199512
421503,60.0,54.94959710219951,-5.050402897800488
421568,5.0,32.71514350105437,27.71514350105437
421617,48.0,33.315439062121,-14.684560937878999
421742,46.0,54.94959710219951,8.949597102199512
421781,53.0,54.94959710219951,1.9495971021995118
421829,40.0,33.315439062121,-6.684560937878999
421871,58.0,54.94959710219951,-3.0504028978004882
421921,1.0,54.94959710219951,53.94959710219951
422007,36.0,54.94959710219951,18.94959710219951
422130,60.0,54.94959710219951,-5.050402897800488
422241,25.0,33.315439062121,8.315439062121001
422319,61.0,54.94959710219951,-6.050402897800488
422336,5.0,54.94959710219951,49.94959710219951
422360,58.0,54.94959710219951,-3.0504028978004882
422505,40.0,54.94959710219951,14.949597102199512
422562,61.0,54.94959710219951,-6.050402897800488
422569,3.0,54.94959710219951,51.94959710219951
422608,40.0,54.94959710219951,14.949597102199512
422619,54.0,54.94959710219951,0.9495971021995118
422653,19.0,32.71514350105437,13.71514350105437
422663,2.0,54.94959710219951,52.94959710219951
422756,66.0,54.94959710219951,-11.050402897800488
422804,59.0,54.94959710219951,-4.050402897800488
422813,28.0,33.315439062121,5.315439062121001
422864,33.0,54.94959710219951,21.94959710219951
423051,3.0,54.94959710219951,51.94959710219951
423240,69.0,54.94959710219951,-14.050402897800488
423244,39.0,54.94959710219951,15.949597102199512
423265,40.0,54.94959710219951,14.949597102199512
423415,26.0,54.94959710219951,28.94959710219951
423465,44.0,54.94959710219951,10.949597102199512
423488,33.0,54.94959710219951,21.94959710219951
423648,30.0,54.94959710219951,24.94959710219951
423656,15.0,54.94959710219951,39.94959710219951
423664,26.0,33.315439062121,7.315439062121001
423688,26.0,54.94959710219951,28.94959710219951
423746,19.0,54.94959710219951,35.94959710219951
423760,40.0,54.94959710219951,14.949597102199512
423912,61.0,54.94959710219951,-6.050402897800488
424097,48.0,54.94959710219951,6.949597102199512
424129,23.0,33.315439062121,10.315439062121001
424204,50.0,54.94959710219951,4.949597102199512
424230,23.0,33.315439062121,10.315439062121001
424240,47.0,54.94959710219951,7.949597102199512
424335,47.0,54.94959710219951,7.949597102199512
424365,40.0,54.94959710219951,14.949597102199512
424433,47.0,54.94959710219951,7.949597102199512
424456,66.0,54.94959710219951,-11.050402897800488
424473,58.0,54.94959710219951,-3.0504028978004882
424485,27.0,54.94959710219951,27.94959710219951
424600,28.0,54.94959710219951,26.94959710219951
424621,13.0,54.94959710219951,41.94959710219951
424843,54.0,54.94959710219951,0.9495971021995118
424876,40.0,54.94959710219951,14.949597102199512
424907,41.0,54.94959710219951,13.949597102199512
424932,42.0,54.94959710219951,12.949597102199512
424935,72.0,54.94959710219951,-17.05040289780049
424998,54.0,54.94959710219951,0.9495971021995118
425009,5.0,54.94959710219951,49.94959710219951
425068,45.0,54.94959710219951,9.949597102199512
425132,27.0,54.94959710219951,27.94959710219951
425191,39.0,54.94959710219951,15.949597102199512
425362,55.0,54.94959710219951,-0.05040289780048823
425438,32.0,54.94959710219951,22.94959710219951
425450,43.0,33.315439062121,-9.684560937878999
425464,30.0,33.315439062121,3.3154390621210013
425582,61.0,54.94959710219951,-6.050402897800488
425727,31.0,54.94959710219951,23.94959710219951
425735,25.0,33.315439062121,8.315439062121001
425740,19.0,54.94959710219951,35.94959710219951
425946,2.0,54.94959710219951,52.94959710219951
426100,0.0,54.94959710219951,54.94959710219951
426165,28.0,54.94959710219951,26.94959710219951
426204,9.0,54.94959710219951,45.94959710219951
426235,5.0,54.94959710219951,49.94959710219951
426271,58.0,54.94959710219951,-3.0504028978004882
426280,15.0,32.71514350105437,17.71514350105437
426282,5.0,32.71514350105437,27.71514350105437
426304,24.0,33.315439062121,9.315439062121001
426546,5.0,54.94959710219951,49.94959710219951
426683,5.0,32.71514350105437,27.71514350105437
426721,3.0,54.94959710219951,51.94959710219951
426751,29.0,54.94959710219951,25.94959710219951
426807,2.0,54.94959710219951,52.94959710219951
426936,54.0,54.94959710219951,0.9495971021995118
426965,44.0,54.94959710219951,10.949597102199512
427096,40.0,54.94959710219951,14.949597102199512
427127,12.0,54.94959710219951,42.94959710219951
427130,47.0,54.94959710219951,7.949597102199512
427249,40.0,54.94959710219951,14.949597102199512
427261,57.0,54.94959710219951,-2.0504028978004882
427284,60.0,54.94959710219951,-5.050402897800488
427324,60.0,54.94959710219951,-5.050402897800488
427548,27.0,54.94959710219951,27.94959710219951
427890,0.0,54.94959710219951,54.94959710219951
427952,58.0,54.94959710219951,-3.0504028978004882
427980,41.0,54.94959710219951,13.949597102199512
428050,35.0,54.94959710219951,19.94959710219951
428054,43.0,54.94959710219951,11.949597102199512
428092,61.0,54.94959710219951,-6.050402897800488
428108,1.0,54.94959710219951,53.94959710219951
428154,29.0,54.94959710219951,25.94959710219951
428294,26.0,33.315439062121,7.315439062121001
428376,31.0,54.94959710219951,23.94959710219951
428404,2.0,54.94959710219951,52.94959710219951
428514,26.0,54.94959710219951,28.94959710219951
428525,28.0,33.315439062121,5.315439062121001
428573,34.0,54.94959710219951,20.94959710219951
428810,60.0,54.94959710219951,-5.050402897800488
428837,49.0,54.94959710219951,5.949597102199512
428840,31.0,54.94959710219951,23.94959710219951
428884,25.0,54.94959710219951,29.94959710219951
428916,13.0,54.94959710219951,41.94959710219951
428929,48.0,54.94959710219951,6.949597102199512
429258,4.0,54.94959710219951,50.94959710219951
429336,64.0,54.94959710219951,-9.050402897800488
429376,5.0,54.94959710219951,49.94959710219951
429391,27.0,33.315439062121,6.315439062121001
429395,3.0,54.94959710219951,51.94959710219951
429412,28.0,54.94959710219951,26.94959710219951
429473,0.0,54.94959710219951,54.94959710219951
429626,57.0,54.94959710219951,-2.0504028978004882
429750,37.0,54.94959710219951,17.94959710219951
429838,6.0,54.94959710219951,48.94959710219951
429851,2.0,54.94959710219951,52.94959710219951
429859,12.0,54.94959710219951,42.94959710219951
429866,48.0,54.94959710219951,6.949597102199512
429908,26.0,33.315439062121,7.315439062121001
429940,38.0,54.94959710219951,16.94959710219951
429960,55.0,54.94959710219951,-0.05040289780048823
430019,47.0,54.94959710219951,7.949597102199512
430021,40.0,54.94959710219951,14.949597102199512
430138,23.0,54.94959710219951,31.94959710219951
430184,10.0,32.71514350105437,22.71514350105437
430257,27.0,54.94959710219951,27.94959710219951
430260,5.0,54.94959710219951,49.94959710219951
430263,48.0,54.94959710219951,6.949597102199512
430279,60.0,54.94959710219951,-5.050402897800488
430295,50.0,54.94959710219951,4.949597102199512
430349,48.0,54.94959710219951,6.949597102199512
430424,59.0,54.94959710219951,-4.050402897800488
430519,54.0,54.94959710219951,0.9495971021995118
430553,40.0,54.94959710219951,14.949597102199512
430559,33.0,54.94959710219951,21.94959710219951
430573,40.0,33.315439062121,-6.684560937878999
430709,0.0,54.94959710219951,54.94959710219951
430711,58.0,54.94959710219951,-3.0504028978004882
430729,26.0,54.94959710219951,28.94959710219951
430736,0.0,54.94959710219951,54.94959710219951
430769,55.0,33.315439062121,-21.684560937879
430772,35.0,54.94959710219951,19.94959710219951
430837,53.0,54.94959710219951,1.9495971021995118
430905,6.0,54.94959710219951,48.94959710219951
430936,31.0,33.315439062121,2.3154390621210013
430967,27.0,33.315439062121,6.315439062121001
431110,1.0,54.94959710219951,53.94959710219951
431495,59.0,54.94959710219951,-4.050402897800488
431737,14.0,54.94959710219951,40.94959710219951
431877,39.0,33.315439062121,-5.684560937878999
431964,93.0,54.94959710219951,-38.05040289780049
431972,62.0,54.94959710219951,-7.050402897800488
432004,54.0,54.94959710219951,0.9495971021995118
432031,40.0,54.94959710219951,14.949597102199512
432056,47.0,54.94959710219951,7.949597102199512
432163,55.0,54.94959710219951,-0.05040289780048823
432224,0.0,54.94959710219951,54.94959710219951
432323,37.0,54.94959710219951,17.94959710219951
432395,8.0,54.94959710219951,46.94959710219951
432519,3.0,54.94959710219951,51.94959710219951
432548,24.0,54.94959710219951,30.94959710219951
432639,13.0,33.315439062121,20.315439062121
432672,7.0,32.71514350105437,25.71514350105437
432839,5.0,54.94959710219951,49.94959710219951
432848,6.0,54.94959710219951,48.94959710219951
432852,41.0,54.94959710219951,13.949597102199512
432910,40.0,54.94959710219951,14.949597102199512
432918,29.0,54.94959710219951,25.94959710219951
432952,43.0,54.94959710219951,11.949597102199512
433018,58.0,54.94959710219951,-3.0504028978004882
433386,4.0,54.94959710219951,50.94959710219951
433439,47.0,54.94959710219951,7.949597102199512
433495,50.0,54.94959710219951,4.949597102199512
433497,19.0,54.94959710219951,35.94959710219951
433520,40.0,54.94959710219951,14.949597102199512
433552,29.0,54.94959710219951,25.94959710219951
433571,36.0,54.94959710219951,18.94959710219951
433616,26.0,54.94959710219951,28.94959710219951
433657,39.0,54.94959710219951,15.949597102199512
433692,35.0,54.94959710219951,19.94959710219951
433699,62.0,54.94959710219951,-7.050402897800488
433728,45.0,54.94959710219951,9.949597102199512
433752,5.0,54.94959710219951,49.94959710219951
433795,14.0,54.94959710219951,40.94959710219951
433991,43.0,54.94959710219951,11.949597102199512
434017,58.0,54.94959710219951,-3.0504028978004882
434062,4.0,54.94959710219951,50.94959710219951
434065,5.0,54.94959710219951,49.94959710219951
434111,64.0,54.94959710219951,-9.050402897800488
434151,39.0,54.94959710219951,15.949597102199512
434186,25.0,33.315439062121,8.315439062121001
434240,1.0,54.94959710219951,53.94959710219951
434251,19.0,54.94959710219951,35.94959710219951
434354,26.0,54.94959710219951,28.94959710219951
434512,57.0,54.94959710219951,-2.0504028978004882
434528,51.0,33.315439062121,-17.684560937879
434568,6.0,54.94959710219951,48.94959710219951
434590,41.0,54.94959710219951,13.949597102199512
434668,42.0,54.94959710219951,12.949597102199512
434734,54.0,54.94959710219951,0.9495971021995118
434787,43.0,54.94959710219951,11.949597102199512
434808,62.0,54.94959710219951,-7.050402897800488
434937,14.0,54.94959710219951,40.94959710219951
435065,5.0,54.94959710219951,49.94959710219951
435081,13.0,54.94959710219951,41.94959710219951
435160,8.0,54.94959710219951,46.94959710219951
435185,54.0,54.94959710219951,0.9495971021995118
435238,61.0,54.94959710219951,-6.050402897800488
435252,47.0,54.94959710219951,7.949597102199512
435257,26.0,33.315439062121,7.315439062121001
435390,28.0,54.94959710219951,26.94959710219951
435403,59.0,54.94959710219951,-4.050402897800488
435501,27.0,33.315439062121,6.315439062121001
435631,60.0,54.94959710219951,-5.050402897800488
435648,29.0,54.94959710219951,25.94959710219951
435679,15.0,54.94959710219951,39.94959710219951
435734,64.0,54.94959710219951,-9.050402897800488
435890,28.0,54.94959710219951,26.94959710219951
435919,7.0,54.94959710219951,47.94959710219951
436068,12.0,32.71514350105437,20.71514350105437
436086,18.0,54.94959710219951,36.94959710219951
436103,5.0,54.94959710219951,49.94959710219951
436183,43.0,54.94959710219951,11.949597102199512
436391,58.0,54.94959710219951,-3.0504028978004882
436404,19.0,54.94959710219951,35.94959710219951
436451,3.0,54.94959710219951,51.94959710219951
436460,13.0,54.94959710219951,41.94959710219951
436574,1.0,54.94959710219951,53.94959710219951
436640,26.0,54.94959710219951,28.94959710219951
436699,43.0,54.94959710219951,11.949597102199512
436758,18.0,54.94959710219951,36.94959710219951
436798,28.0,33.315439062121,5.315439062121001
436898,8.0,54.94959710219951,46.94959710219951
436920,27.0,33.315439062121,6.315439062121001
437040,59.0,54.94959710219951,-4.050402897800488
437069,40.0,54.94959710219951,14.949597102199512
437120,5.0,54.94959710219951,49.94959710219951
437254,81.0,54.94959710219951,-26.05040289780049
437269,5.0,54.94959710219951,49.94959710219951
437275,34.0,54.94959710219951,20.94959710219951
437330,25.0,33.315439062121,8.315439062121001
437337,46.0,54.94959710219951,8.949597102199512
437447,50.0,54.94959710219951,4.949597102199512
437491,12.0,54.94959710219951,42.94959710219951
437511,52.0,54.94959710219951,2.9495971021995118
437530,56.0,54.94959710219951,-1.0504028978004882
437573,37.0,33.315439062121,-3.6845609378789987
437665,49.0,33.315439062121,-15.684560937878999
437672,3.0,54.94959710219951,51.94959710219951
437695,26.0,54.94959710219951,28.94959710219951
437718,34.0,54.94959710219951,20.94959710219951
437750,30.0,33.315439062121,3.3154390621210013
437752,57.0,54.94959710219951,-2.0504028978004882
437819,51.0,54.94959710219951,3.9495971021995118
437881,26.0,54.94959710219951,28.94959710219951
437924,27.0,33.315439062121,6.315439062121001
437981,24.0,33.315439062121,9.315439062121001
437995,54.0,54.94959710219951,0.9495971021995118
438298,48.0,54.94959710219951,6.949597102199512
438311,12.0,54.94959710219951,42.94959710219951
438314,26.0,54.94959710219951,28.94959710219951
438384,38.0,54.94959710219951,16.94959710219951
438402,12.0,54.94959710219951,42.94959710219951
438406,21.0,32.71514350105437,11.71514350105437
438483,55.0,54.94959710219951,-0.05040289780048823
438597,3.0,54.94959710219951,51.94959710219951
438673,58.0,54.94959710219951,-3.0504028978004882
438674,19.0,33.315439062121,14.315439062121001
438678,30.0,54.94959710219951,24.94959710219951
438715,58.0,54.94959710219951,-3.0504028978004882
438958,59.0,54.94959710219951,-4.050402897800488
439060,27.0,33.315439062121,6.315439062121001
439122,55.0,54.94959710219951,-0.05040289780048823
439250,47.0,54.94959710219951,7.949597102199512
439348,23.0,33.315439062121,10.315439062121001
439352,26.0,33.315439062121,7.315439062121001
439542,58.0,54.94959710219951,-3.0504028978004882
439562,34.0,33.315439062121,-0.6845609378789987
439787,3.0,54.94959710219951,51.94959710219951
439833,26.0,33.315439062121,7.315439062121001
439835,26.0,33.315439062121,7.315439062121001
439986,26.0,54.94959710219951,28.94959710219951
440117,23.0,33.315439062121,10.315439062121001
440142,25.0,54.94959710219951,29.94959710219951
440215,19.0,32.71514350105437,13.71514350105437
440299,40.0,54.94959710219951,14.949597102199512
440302,0.0,54.94959710219951,54.94959710219951
440319,5.0,54.94959710219951,49.94959710219951
440330,58.0,54.94959710219951,-3.0504028978004882
440338,34.0,54.94959710219951,20.94959710219951
440454,6.0,54.94959710219951,48.94959710219951
440464,12.0,54.94959710219951,42.94959710219951
440498,12.0,32.71514350105437,20.71514350105437
440927,41.0,54.94959710219951,13.949597102199512
441092,23.0,54.94959710219951,31.94959710219951
441155,116.0,54.94959710219951,-61.05040289780049
441195,26.0,54.94959710219951,28.94959710219951
441208,60.0,54.94959710219951,-5.050402897800488
441244,41.0,54.94959710219951,13.949597102199512
441462,41.0,54.94959710219951,13.949597102199512
441469,5.0,54.94959710219951,49.94959710219951
441582,5.0,54.94959710219951,49.94959710219951
441583,55.0,54.94959710219951,-0.05040289780048823
441679,5.0,54.94959710219951,49.94959710219951
441742,6.0,54.94959710219951,48.94959710219951
441852,54.0,54.94959710219951,0.9495971021995118
441876,55.0,54.94959710219951,-0.05040289780048823
441955,58.0,54.94959710219951,-3.0504028978004882
441956,12.0,54.94959710219951,42.94959710219951
441978,58.0,54.94959710219951,-3.0504028978004882
442032,44.0,54.94959710219951,10.949597102199512
442072,47.0,54.94959710219951,7.949597102199512
442236,62.0,54.94959710219951,-7.050402897800488
442398,27.0,33.315439062121,6.315439062121001
442467,48.0,54.94959710219951,6.949597102199512
442469,33.0,54.94959710219951,21.94959710219951
442520,80.0,54.94959710219951,-25.05040289780049
442527,0.0,54.94959710219951,54.94959710219951
442539,43.0,54.94959710219951,11.949597102199512
442572,19.0,32.71514350105437,13.71514350105437
442585,6.0,54.94959710219951,48.94959710219951
442644,56.0,54.94959710219951,-1.0504028978004882
442649,23.0,33.315439062121,10.315439062121001
442683,4.0,54.94959710219951,50.94959710219951
442734,26.0,54.94959710219951,28.94959710219951
442857,63.0,54.94959710219951,-8.050402897800488
442879,41.0,33.315439062121,-7.684560937878999
442899,4.0,54.94959710219951,50.94959710219951
442951,27.0,33.315439062121,6.315439062121001
443014,19.0,54.94959710219951,35.94959710219951
443128,48.0,54.94959710219951,6.949597102199512
443159,54.0,54.94959710219951,0.9495971021995118
443220,58.0,54.94959710219951,-3.0504028978004882
443239,39.0,54.94959710219951,15.949597102199512
443296,6.0,54.94959710219951,48.94959710219951
443335,32.0,54.94959710219951,22.94959710219951
443381,13.0,54.94959710219951,41.94959710219951
443384,60.0,54.94959710219951,-5.050402897800488
443548,24.0,32.71514350105437,8.71514350105437
443563,5.0,54.94959710219951,49.94959710219951
443575,26.0,54.94959710219951,28.94959710219951
443701,59.0,54.94959710219951,-4.050402897800488
443710,26.0,54.94959710219951,28.94959710219951
443718,26.0,33.315439062121,7.315439062121001
443819,55.0,54.94959710219951,-0.05040289780048823
443873,27.0,54.94959710219951,27.94959710219951
443878,5.0,54.94959710219951,49.94959710219951
443904,4.0,54.94959710219951,50.94959710219951
443941,40.0,54.94959710219951,14.949597102199512
443962,40.0,33.315439062121,-6.684560937878999
444099,0.0,54.94959710219951,54.94959710219951
444159,47.0,54.94959710219951,7.949597102199512
444184,47.0,54.94959710219951,7.949597102199512
444262,42.0,33.315439062121,-8.684560937878999
444265,6.0,54.94959710219951,48.94959710219951
444278,49.0,33.315439062121,-15.684560937878999
444337,58.0,54.94959710219951,-3.0504028978004882
444387,29.0,54.94959710219951,25.94959710219951
444535,11.0,54.94959710219951,43.94959710219951
444661,5.0,54.94959710219951,49.94959710219951
444670,28.0,54.94959710219951,26.94959710219951
444691,42.0,54.94959710219951,12.949597102199512
444805,26.0,54.94959710219951,28.94959710219951
444853,12.0,54.94959710219951,42.94959710219951
444864,60.0,54.94959710219951,-5.050402897800488
444894,35.0,54.94959710219951,19.94959710219951
444896,6.0,54.94959710219951,48.94959710219951
444917,25.0,54.94959710219951,29.94959710219951
444928,5.0,32.71514350105437,27.71514350105437
444934,4.0,54.94959710219951,50.94959710219951
444950,32.0,54.94959710219951,22.94959710219951
444955,7.0,54.94959710219951,47.94959710219951
445032,27.0,54.94959710219951,27.94959710219951
445057,7.0,54.94959710219951,47.94959710219951
445140,28.0,54.94959710219951,26.94959710219951
445209,28.0,54.94959710219951,26.94959710219951
445331,22.0,33.315439062121,11.315439062121001
445371,1.0,54.94959710219951,53.94959710219951
445430,47.0,54.94959710219951,7.949597102199512
445434,5.0,54.94959710219951,49.94959710219951
445501,57.0,54.94959710219951,-2.0504028978004882
445519,98.0,54.94959710219951,-43.05040289780049
445543,12.0,54.94959710219951,42.94959710219951
445562,33.0,54.94959710219951,21.94959710219951
445586,52.0,54.94959710219951,2.9495971021995118
445738,7.0,32.71514350105437,25.71514350105437
445754,7.0,33.315439062121,26.315439062121
445910,3.0,32.71514350105437,29.71514350105437
445989,40.0,54.94959710219951,14.949597102199512
446179,5.0,54.94959710219951,49.94959710219951
446400,47.0,54.94959710219951,7.949597102199512
446415,45.0,54.94959710219951,9.949597102199512
446495,27.0,33.315439062121,6.315439062121001
446539,6.0,54.94959710219951,48.94959710219951
446771,57.0,54.94959710219951,-2.0504028978004882
446775,65.0,54.94959710219951,-10.050402897800488
446840,12.0,54.94959710219951,42.94959710219951
446841,60.0,54.94959710219951,-5.050402897800488
446866,4.0,54.94959710219951,50.94959710219951
447003,40.0,54.94959710219951,14.949597102199512
447009,56.0,54.94959710219951,-1.0504028978004882
447096,25.0,33.315439062121,8.315439062121001
447117,58.0,54.94959710219951,-3.0504028978004882
447136,25.0,33.315439062121,8.315439062121001
447142,47.0,54.94959710219951,7.949597102199512
447149,29.0,54.94959710219951,25.94959710219951
447169,29.0,33.315439062121,4.315439062121001
447444,40.0,54.94959710219951,14.949597102199512
447490,2.0,54.94959710219951,52.94959710219951
447556,4.0,54.94959710219951,50.94959710219951
447577,28.0,33.315439062121,5.315439062121001
447647,2.0,54.94959710219951,52.94959710219951
447702,112.0,54.94959710219951,-57.05040289780049
447837,27.0,33.315439062121,6.315439062121001
447844,59.0,54.94959710219951,-4.050402897800488
447873,25.0,33.315439062121,8.315439062121001
447906,22.0,54.94959710219951,32.94959710219951
448004,27.0,33.315439062121,6.315439062121001
448036,47.0,54.94959710219951,7.949597102199512
448093,5.0,54.94959710219951,49.94959710219951
448111,20.0,33.315439062121,13.315439062121001
448122,37.0,33.315439062121,-3.6845609378789987
448170,64.0,54.94959710219951,-9.050402897800488
448181,27.0,54.94959710219951,27.94959710219951
448207,5.0,54.94959710219951,49.94959710219951
448230,19.0,32.71514350105437,13.71514350105437
448380,48.0,54.94959710219951,6.949597102199512
448527,54.0,54.94959710219951,0.9495971021995118
448533,48.0,54.94959710219951,6.949597102199512
448571,34.0,54.94959710219951,20.94959710219951
448850,10.0,32.71514350105437,22.71514350105437
448856,58.0,54.94959710219951,-3.0504028978004882
448857,5.0,54.94959710219951,49.94959710219951
448869,26.0,54.94959710219951,28.94959710219951
448895,43.0,54.94959710219951,11.949597102199512
448939,38.0,33.315439062121,-4.684560937878999
448969,12.0,54.94959710219951,42.94959710219951
448996,28.0,33.315439062121,5.315439062121001
449013,25.0,33.315439062121,8.315439062121001
449025,5.0,32.71514350105437,27.71514350105437
449223,45.0,54.94959710219951,9.949597102199512
449342,40.0,54.94959710219951,14.949597102199512
449353,61.0,54.94959710219951,-6.050402897800488
449420,5.0,54.94959710219951,49.94959710219951
449442,29.0,54.94959710219951,25.94959710219951
449484,20.0,54.94959710219951,34.94959710219951
449563,0.0,54.94959710219951,54.94959710219951
449589,40.0,54.94959710219951,14.949597102199512
449651,84.0,54.94959710219951,-29.05040289780049
449656,39.0,54.94959710219951,15.949597102199512
449679,26.0,54.94959710219951,28.94959710219951
449743,33.0,33.315439062121,0.31543906212100126
449866,3.0,54.94959710219951,51.94959710219951
449885,34.0,54.94959710219951,20.94959710219951
449904,54.0,54.94959710219951,0.9495971021995118
449955,29.0,54.94959710219951,25.94959710219951
450059,54.0,54.94959710219951,0.9495971021995118
450110,48.0,54.94959710219951,6.949597102199512
450143,20.0,54.94959710219951,34.94959710219951
450252,23.0,33.315439062121,10.315439062121001
450317,43.0,54.94959710219951,11.949597102199512
450324,54.0,54.94959710219951,0.9495971021995118
450346,6.0,54.94959710219951,48.94959710219951
450367,168.0,54.94959710219951,-113.0504028978005
450375,54.0,54.94959710219951,0.9495971021995118
450688,49.0,54.94959710219951,5.949597102199512
450826,2.0,54.94959710219951,52.94959710219951
450954,37.0,54.94959710219951,17.94959710219951
451158,28.0,33.315439062121,5.315439062121001
451176,45.0,54.94959710219951,9.949597102199512
451237,34.0,54.94959710219951,20.94959710219951
451250,33.0,54.94959710219951,21.94959710219951
451276,1.0,54.94959710219951,53.94959710219951
451319,1.0,54.94959710219951,53.94959710219951
451403,26.0,54.94959710219951,28.94959710219951
451437,1.0,54.94959710219951,53.94959710219951
451549,55.0,54.94959710219951,-0.05040289780048823
451568,30.0,54.94959710219951,24.94959710219951
451629,54.0,54.94959710219951,0.9495971021995118
451666,26.0,33.315439062121,7.315439062121001
451733,2.0,54.94959710219951,52.94959710219951
451747,60.0,54.94959710219951,-5.050402897800488
451769,40.0,54.94959710219951,14.949597102199512
451771,9.0,33.315439062121,24.315439062121
451969,5.0,54.94959710219951,49.94959710219951
451989,54.0,54.94959710219951,0.9495971021995118
452015,46.0,54.94959710219951,8.949597102199512
452098,50.0,54.94959710219951,4.949597102199512
452128,27.0,54.94959710219951,27.94959710219951
452189,10.0,32.71514350105437,22.71514350105437
452193,37.0,54.94959710219951,17.94959710219951
452268,52.0,54.94959710219951,2.9495971021995118
452399,27.0,54.94959710219951,27.94959710219951
452420,5.0,54.94959710219951,49.94959710219951
452474,28.0,33.315439062121,5.315439062121001
452663,60.0,54.94959710219951,-5.050402897800488
452665,54.0,54.94959710219951,0.9495971021995118
452752,63.0,54.94959710219951,-8.050402897800488
452761,59.0,54.94959710219951,-4.050402897800488
452870,1.0,54.94959710219951,53.94959710219951
453124,6.0,54.94959710219951,48.94959710219951
453148,60.0,54.94959710219951,-5.050402897800488
453170,27.0,54.94959710219951,27.94959710219951
453245,43.0,54.94959710219951,11.949597102199512
453270,12.0,54.94959710219951,42.94959710219951
453297,61.0,54.94959710219951,-6.050402897800488
453352,5.0,54.94959710219951,49.94959710219951
453378,6.0,54.94959710219951,48.94959710219951
453445,24.0,33.315439062121,9.315439062121001
453514,2.0,54.94959710219951,52.94959710219951
453532,59.0,54.94959710219951,-4.050402897800488
453605,55.0,54.94959710219951,-0.05040289780048823
453647,60.0,54.94959710219951,-5.050402897800488
453724,47.0,54.94959710219951,7.949597102199512
453753,25.0,54.94959710219951,29.94959710219951
453819,50.0,54.94959710219951,4.949597102199512
453877,60.0,54.94959710219951,-5.050402897800488
453907,68.0,54.94959710219951,-13.050402897800488
453929,19.0,54.94959710219951,35.94959710219951
453949,27.0,54.94959710219951,27.94959710219951
454003,28.0,54.94959710219951,26.94959710219951
454031,41.0,54.94959710219951,13.949597102199512
454040,29.0,33.315439062121,4.315439062121001
454053,26.0,33.315439062121,7.315439062121001
454140,27.0,33.315439062121,6.315439062121001
454178,49.0,33.315439062121,-15.684560937878999
454238,0.0,54.94959710219951,54.94959710219951
454341,61.0,54.94959710219951,-6.050402897800488
454390,40.0,54.94959710219951,14.949597102199512
454426,33.0,54.94959710219951,21.94959710219951
454537,56.0,54.94959710219951,-1.0504028978004882
454549,60.0,54.94959710219951,-5.050402897800488
454572,62.0,54.94959710219951,-7.050402897800488
454576,5.0,32.71514350105437,27.71514350105437
454632,47.0,54.94959710219951,7.949597102199512
454637,34.0,54.94959710219951,20.94959710219951
454642,57.0,54.94959710219951,-2.0504028978004882
454701,5.0,54.94959710219951,49.94959710219951
454825,49.0,54.94959710219951,5.949597102199512
454883,26.0,33.315439062121,7.315439062121001
454950,40.0,54.94959710219951,14.949597102199512
455055,70.0,54.94959710219951,-15.050402897800488
455213,30.0,54.94959710219951,24.94959710219951
455221,26.0,32.71514350105437,6.715143501054371
455226,58.0,54.94959710219951,-3.0504028978004882
455268,50.0,54.94959710219951,4.949597102199512
455291,58.0,54.94959710219951,-3.0504028978004882
455354,50.0,54.94959710219951,4.949597102199512
455423,19.0,32.71514350105437,13.71514350105437
455566,59.0,54.94959710219951,-4.050402897800488
455586,61.0,54.94959710219951,-6.050402897800488
455599,5.0,54.94959710219951,49.94959710219951
455792,19.0,32.71514350105437,13.71514350105437
455868,2.0,54.94959710219951,52.94959710219951
455984,27.0,33.315439062121,6.315439062121001
456007,55.0,54.94959710219951,-0.05040289780048823
456066,58.0,54.94959710219951,-3.0504028978004882
456089,5.0,54.94959710219951,49.94959710219951
456164,39.0,54.94959710219951,15.949597102199512
456301,61.0,54.94959710219951,-6.050402897800488
456339,36.0,54.94959710219951,18.94959710219951
456353,21.0,54.94959710219951,33.94959710219951
456412,28.0,33.315439062121,5.315439062121001
456480,65.0,54.94959710219951,-10.050402897800488
456569,25.0,33.315439062121,8.315439062121001
456620,58.0,54.94959710219951,-3.0504028978004882
456856,57.0,54.94959710219951,-2.0504028978004882
456858,26.0,33.315439062121,7.315439062121001
456883,25.0,33.315439062121,8.315439062121001
456982,54.0,54.94959710219951,0.9495971021995118
457005,0.0,33.315439062121,33.315439062121
457066,5.0,54.94959710219951,49.94959710219951
457134,5.0,54.94959710219951,49.94959710219951
457185,23.0,33.315439062121,10.315439062121001
457276,43.0,54.94959710219951,11.949597102199512
457277,28.0,54.94959710219951,26.94959710219951
457290,4.0,54.94959710219951,50.94959710219951
457340,56.0,54.94959710219951,-1.0504028978004882
457413,6.0,54.94959710219951,48.94959710219951
457448,67.0,54.94959710219951,-12.050402897800488
457591,8.0,54.94959710219951,46.94959710219951
457653,1.0,54.94959710219951,53.94959710219951
457752,52.0,54.94959710219951,2.9495971021995118
457811,1.0,54.94959710219951,53.94959710219951
457845,42.0,54.94959710219951,12.949597102199512
457887,60.0,54.94959710219951,-5.050402897800488
458008,58.0,54.94959710219951,-3.0504028978004882
458028,33.0,54.94959710219951,21.94959710219951
458030,38.0,54.94959710219951,16.94959710219951
458059,4.0,54.94959710219951,50.94959710219951
458107,6.0,54.94959710219951,48.94959710219951
458140,66.0,54.94959710219951,-11.050402897800488
458235,42.0,54.94959710219951,12.949597102199512
458238,0.0,54.94959710219951,54.94959710219951
458285,61.0,54.94959710219951,-6.050402897800488
458341,46.0,54.94959710219951,8.949597102199512
458599,61.0,54.94959710219951,-6.050402897800488
458699,27.0,33.315439062121,6.315439062121001
458907,5.0,54.94959710219951,49.94959710219951
459063,43.0,54.94959710219951,11.949597102199512
459182,16.0,54.94959710219951,38.94959710219951
459230,58.0,54.94959710219951,-3.0504028978004882
459284,35.0,54.94959710219951,19.94959710219951
459310,41.0,54.94959710219951,13.949597102199512
459548,5.0,54.94959710219951,49.94959710219951
459624,16.0,54.94959710219951,38.94959710219951
459778,58.0,54.94959710219951,-3.0504028978004882
459873,28.0,54.94959710219951,26.94959710219951
459890,27.0,33.315439062121,6.315439062121001
459901,47.0,54.94959710219951,7.949597102199512
460018,58.0,54.94959710219951,-3.0504028978004882
460022,27.0,54.94959710219951,27.94959710219951
460111,28.0,54.94959710219951,26.94959710219951
460118,12.0,32.71514350105437,20.71514350105437
460165,82.0,54.94959710219951,-27.05040289780049
460192,9.0,54.94959710219951,45.94959710219951
460198,26.0,54.94959710219951,28.94959710219951
460207,27.0,54.94959710219951,27.94959710219951
460291,23.0,54.94959710219951,31.94959710219951
460319,28.0,33.315439062121,5.315439062121001
460362,29.0,54.94959710219951,25.94959710219951
460524,5.0,54.94959710219951,49.94959710219951
460582,6.0,54.94959710219951,48.94959710219951
460736,18.0,54.94959710219951,36.94959710219951
460855,8.0,32.71514350105437,24.71514350105437
460863,0.0,54.94959710219951,54.94959710219951
461021,17.0,32.71514350105437,15.71514350105437
461061,3.0,32.71514350105437,29.71514350105437
461114,32.0,54.94959710219951,22.94959710219951
461204,40.0,54.94959710219951,14.949597102199512
461289,28.0,54.94959710219951,26.94959710219951
461734,8.0,33.315439062121,25.315439062121
461737,58.0,54.94959710219951,-3.0504028978004882
461935,5.0,54.94959710219951,49.94959710219951
461993,26.0,33.315439062121,7.315439062121001
462097,41.0,54.94959710219951,13.949597102199512
462142,5.0,32.71514350105437,27.71514350105437
462164,13.0,54.94959710219951,41.94959710219951
462196,41.0,33.315439062121,-7.684560937878999
462205,0.0,54.94959710219951,54.94959710219951
462215,7.0,54.94959710219951,47.94959710219951
462325,43.0,54.94959710219951,11.949597102199512
462343,5.0,54.94959710219951,49.94959710219951
462357,58.0,54.94959710219951,-3.0504028978004882
462389,4.0,54.94959710219951,50.94959710219951
462404,61.0,54.94959710219951,-6.050402897800488
462406,60.0,54.94959710219951,-5.050402897800488
462622,5.0,54.94959710219951,49.94959710219951
462669,60.0,54.94959710219951,-5.050402897800488
462719,44.0,32.71514350105437,-11.28485649894563
462799,5.0,54.94959710219951,49.94959710219951
462867,47.0,54.94959710219951,7.949597102199512
462897,25.0,33.315439062121,8.315439062121001
462926,5.0,54.94959710219951,49.94959710219951
462937,33.0,54.94959710219951,21.94959710219951
463074,40.0,54.94959710219951,14.949597102199512
463318,5.0,54.94959710219951,49.94959710219951
463338,29.0,54.94959710219951,25.94959710219951
463361,26.0,54.94959710219951,28.94959710219951
463388,33.0,54.94959710219951,21.94959710219951
463443,8.0,54.94959710219951,46.94959710219951
463488,44.0,54.94959710219951,10.949597102199512
463570,54.0,54.94959710219951,0.9495971021995118
463591,58.0,54.94959710219951,-3.0504028978004882
463605,56.0,54.94959710219951,-1.0504028978004882
463620,19.0,54.94959710219951,35.94959710219951
463771,26.0,54.94959710219951,28.94959710219951
463795,55.0,54.94959710219951,-0.05040289780048823
463904,58.0,54.94959710219951,-3.0504028978004882
464023,26.0,33.315439062121,7.315439062121001
464034,23.0,33.315439062121,10.315439062121001
464176,28.0,54.94959710219951,26.94959710219951
464235,48.0,33.315439062121,-14.684560937878999
464302,61.0,54.94959710219951,-6.050402897800488
464419,32.0,33.315439062121,1.3154390621210013
464697,56.0,54.94959710219951,-1.0504028978004882
464730,41.0,54.94959710219951,13.949597102199512
464767,59.0,54.94959710219951,-4.050402897800488
465045,47.0,54.94959710219951,7.949597102199512
465080,35.0,54.94959710219951,19.94959710219951
465176,58.0,54.94959710219951,-3.0504028978004882
465193,5.0,54.94959710219951,49.94959710219951
465209,56.0,54.94959710219951,-1.0504028978004882
465214,56.0,54.94959710219951,-1.0504028978004882
465410,54.0,54.94959710219951,0.9495971021995118
465467,51.0,54.94959710219951,3.9495971021995118
465541,27.0,54.94959710219951,27.94959710219951
465547,29.0,54.94959710219951,25.94959710219951
465562,40.0,54.94959710219951,14.949597102199512
465699,5.0,54.94959710219951,49.94959710219951
465704,50.0,54.94959710219951,4.949597102199512
465779,5.0,32.71514350105437,27.71514350105437
465783,48.0,54.94959710219951,6.949597102199512
465824,54.0,54.94959710219951,0.9495971021995118
465863,7.0,54.94959710219951,47.94959710219951
465938,30.0,54.94959710219951,24.94959710219951
466089,18.0,54.94959710219951,36.94959710219951
466104,39.0,54.94959710219951,15.949597102199512
466114,53.0,54.94959710219951,1.9495971021995118
466182,0.0,54.94959710219951,54.94959710219951
466255,47.0,54.94959710219951,7.949597102199512
466290,0.0,54.94959710219951,54.94959710219951
466306,5.0,54.94959710219951,49.94959710219951
466376,55.0,54.94959710219951,-0.05040289780048823
466447,54.0,54.94959710219951,0.9495971021995118
466470,28.0,54.94959710219951,26.94959710219951
466563,34.0,54.94959710219951,20.94959710219951
466608,65.0,54.94959710219951,-10.050402897800488
466754,4.0,54.94959710219951,50.94959710219951
466804,26.0,54.94959710219951,28.94959710219951
466835,69.0,54.94959710219951,-14.050402897800488
466854,40.0,54.94959710219951,14.949597102199512
466855,5.0,54.94959710219951,49.94959710219951
466883,27.0,33.315439062121,6.315439062121001
466919,54.0,54.94959710219951,0.9495971021995118
467065,60.0,54.94959710219951,-5.050402897800488
467074,19.0,54.94959710219951,35.94959710219951
467116,3.0,54.94959710219951,51.94959710219951
467350,61.0,54.94959710219951,-6.050402897800488
467363,54.0,54.94959710219951,0.9495971021995118
467402,5.0,32.71514350105437,27.71514350105437
467541,56.0,54.94959710219951,-1.0504028978004882
467542,40.0,54.94959710219951,14.949597102199512
467675,25.0,33.315439062121,8.315439062121001
467836,6.0,54.94959710219951,48.94959710219951
467861,26.0,54.94959710219951,28.94959710219951
467969,26.0,54.94959710219951,28.94959710219951
468003,12.0,54.94959710219951,42.94959710219951
468115,8.0,54.94959710219951,46.94959710219951
468158,25.0,33.315439062121,8.315439062121001
468269,33.0,54.94959710219951,21.94959710219951
468309,66.0,54.94959710219951,-11.050402897800488
468345,41.0,54.94959710219951,13.949597102199512
468419,26.0,54.94959710219951,28.94959710219951
468450,22.0,54.94959710219951,32.94959710219951
468577,60.0,54.94959710219951,-5.050402897800488
468582,5.0,32.71514350105437,27.71514350105437
468686,23.0,33.315439062121,10.315439062121001
468739,28.0,33.315439062121,5.315439062121001
468754,19.0,54.94959710219951,35.94959710219951
468774,58.0,54.94959710219951,-3.0504028978004882
468847,61.0,54.94959710219951,-6.050402897800488
468981,29.0,54.94959710219951,25.94959710219951
469013,27.0,54.94959710219951,27.94959710219951
469040,57.0,54.94959710219951,-2.0504028978004882
469173,41.0,54.94959710219951,13.949597102199512
469209,50.0,54.94959710219951,4.949597102199512
469356,23.0,33.315439062121,10.315439062121001
469490,58.0,54.94959710219951,-3.0504028978004882
469501,52.0,54.94959710219951,2.9495971021995118
469506,19.0,54.94959710219951,35.94959710219951
469547,58.0,54.94959710219951,-3.0504028978004882
469562,53.0,54.94959710219951,1.9495971021995118
469592,26.0,54.94959710219951,28.94959710219951
469631,1.0,54.94959710219951,53.94959710219951
469636,32.0,54.94959710219951,22.94959710219951
469658,64.0,54.94959710219951,-9.050402897800488
469679,26.0,54.94959710219951,28.94959710219951
469837,13.0,33.315439062121,20.315439062121
469904,11.0,54.94959710219951,43.94959710219951
469908,47.0,54.94959710219951,7.949597102199512
469962,3.0,54.94959710219951,51.94959710219951
469987,24.0,33.315439062121,9.315439062121001
469998,56.0,54.94959710219951,-1.0504028978004882
470195,82.0,54.94959710219951,-27.05040289780049
470199,41.0,54.94959710219951,13.949597102199512
470285,3.0,54.94959710219951,51.94959710219951
470380,41.0,54.94959710219951,13.949597102199512
470431,59.0,54.94959710219951,-4.050402897800488
470434,5.0,54.94959710219951,49.94959710219951
470435,42.0,54.94959710219951,12.949597102199512
470453,40.0,54.94959710219951,14.949597102199512
470482,3.0,54.94959710219951,51.94959710219951
470502,33.0,54.94959710219951,21.94959710219951
470680,27.0,33.315439062121,6.315439062121001
470690,28.0,54.94959710219951,26.94959710219951
470693,47.0,54.94959710219951,7.949597102199512
470721,43.0,54.94959710219951,11.949597102199512
470815,19.0,54.94959710219951,35.94959710219951
470919,62.0,54.94959710219951,-7.050402897800488
471086,40.0,54.94959710219951,14.949597102199512
471133,59.0,54.94959710219951,-4.050402897800488
471157,32.0,54.94959710219951,22.94959710219951
471296,0.0,54.94959710219951,54.94959710219951
471366,45.0,54.94959710219951,9.949597102199512
471399,5.0,54.94959710219951,49.94959710219951
471488,26.0,54.94959710219951,28.94959710219951
471659,28.0,54.94959710219951,26.94959710219951
471762,12.0,32.71514350105437,20.71514350105437
471834,28.0,54.94959710219951,26.94959710219951
471881,19.0,54.94959710219951,35.94959710219951
472020,55.0,54.94959710219951,-0.05040289780048823
472125,32.0,54.94959710219951,22.94959710219951
472136,55.0,54.94959710219951,-0.05040289780048823
472150,31.0,54.94959710219951,23.94959710219951
472177,45.0,32.71514350105437,-12.28485649894563
472205,40.0,54.94959710219951,14.949597102199512
472212,32.0,32.71514350105437,0.7151435010543707
472219,55.0,54.94959710219951,-0.05040289780048823
472245,61.0,54.94959710219951,-6.050402897800488
472286,5.0,32.71514350105437,27.71514350105437
472306,46.0,54.94959710219951,8.949597102199512
472324,27.0,33.315439062121,6.315439062121001
472367,21.0,54.94959710219951,33.94959710219951
472368,29.0,54.94959710219951,25.94959710219951
472499,43.0,54.94959710219951,11.949597102199512
472523,40.0,54.94959710219951,14.949597102199512
472631,41.0,54.94959710219951,13.949597102199512
472826,80.0,54.94959710219951,-25.05040289780049
472872,6.0,54.94959710219951,48.94959710219951
472963,21.0,33.315439062121,12.315439062121001
473019,58.0,54.94959710219951,-3.0504028978004882
473029,29.0,54.94959710219951,25.94959710219951
473069,41.0,54.94959710219951,13.949597102199512
473454,27.0,54.94959710219951,27.94959710219951
473474,65.0,54.94959710219951,-10.050402897800488
473514,45.0,54.94959710219951,9.949597102199512
473570,5.0,54.94959710219951,49.94959710219951
473591,47.0,54.94959710219951,7.949597102199512
473601,27.0,33.315439062121,6.315439062121001
473814,59.0,54.94959710219951,-4.050402897800488
473858,5.0,54.94959710219951,49.94959710219951
473949,62.0,54.94959710219951,-7.050402897800488
474064,19.0,32.71514350105437,13.71514350105437
474096,51.0,54.94959710219951,3.9495971021995118
474135,54.0,54.94959710219951,0.9495971021995118
474165,6.0,54.94959710219951,48.94959710219951
474231,40.0,54.94959710219951,14.949597102199512
474295,1.0,54.94959710219951,53.94959710219951
474333,3.0,54.94959710219951,51.94959710219951
474361,21.0,54.94959710219951,33.94959710219951
474594,61.0,54.94959710219951,-6.050402897800488
474607,45.0,54.94959710219951,9.949597102199512
474622,4.0,54.94959710219951,50.94959710219951
474626,54.0,54.94959710219951,0.9495971021995118
474631,43.0,54.94959710219951,11.949597102199512
474657,23.0,33.315439062121,10.315439062121001
474707,34.0,54.94959710219951,20.94959710219951
474714,28.0,54.94959710219951,26.94959710219951
474726,46.0,54.94959710219951,8.949597102199512
474781,30.0,54.94959710219951,24.94959710219951
474803,33.0,54.94959710219951,21.94959710219951
474810,53.0,54.94959710219951,1.9495971021995118
475102,28.0,54.94959710219951,26.94959710219951
475150,27.0,33.315439062121,6.315439062121001
475286,54.0,54.94959710219951,0.9495971021995118
475374,27.0,33.315439062121,6.315439062121001
475408,28.0,54.94959710219951,26.94959710219951
475476,40.0,54.94959710219951,14.949597102199512
475597,58.0,54.94959710219951,-3.0504028978004882
475630,6.0,54.94959710219951,48.94959710219951
475889,5.0,54.94959710219951,49.94959710219951
475971,32.0,54.94959710219951,22.94959710219951
475999,40.0,54.94959710219951,14.949597102199512
476079,25.0,54.94959710219951,29.94959710219951
476104,24.0,33.315439062121,9.315439062121001
476338,49.0,33.315439062121,-15.684560937878999
476473,5.0,54.94959710219951,49.94959710219951
476513,21.0,54.94959710219951,33.94959710219951
476568,5.0,32.71514350105437,27.71514350105437
476573,54.0,54.94959710219951,0.9495971021995118
476574,12.0,54.94959710219951,42.94959710219951
476644,11.0,54.94959710219951,43.94959710219951
476668,39.0,54.94959710219951,15.949597102199512
476770,58.0,54.94959710219951,-3.0504028978004882
476816,40.0,54.94959710219951,14.949597102199512
476890,6.0,54.94959710219951,48.94959710219951
477073,33.0,54.94959710219951,21.94959710219951
477141,25.0,33.315439062121,8.315439062121001
477356,44.0,54.94959710219951,10.949597102199512
477388,40.0,54.94959710219951,14.949597102199512
477804,51.0,54.94959710219951,3.9495971021995118
477855,27.0,54.94959710219951,27.94959710219951
477933,40.0,54.94959710219951,14.949597102199512
478004,5.0,54.94959710219951,49.94959710219951
478207,6.0,54.94959710219951,48.94959710219951
478216,48.0,54.94959710219951,6.949597102199512
478240,41.0,54.94959710219951,13.949597102199512
478371,1.0,32.71514350105437,31.71514350105437
478372,6.0,54.94959710219951,48.94959710219951
478455,48.0,54.94959710219951,6.949597102199512
478509,27.0,54.94959710219951,27.94959710219951
478513,61.0,54.94959710219951,-6.050402897800488
478551,26.0,33.315439062121,7.315439062121001
478562,3.0,54.94959710219951,51.94959710219951
478573,27.0,54.94959710219951,27.94959710219951
478677,28.0,32.71514350105437,4.715143501054371
478689,5.0,32.71514350105437,27.71514350105437
478695,58.0,54.94959710219951,-3.0504028978004882
478750,53.0,54.94959710219951,1.9495971021995118
478808,19.0,54.94959710219951,35.94959710219951
478906,56.0,54.94959710219951,-1.0504028978004882
478909,49.0,54.94959710219951,5.949597102199512
479000,12.0,54.94959710219951,42.94959710219951
479066,27.0,33.315439062121,6.315439062121001
479363,54.0,54.94959710219951,0.9495971021995118
479438,0.0,54.94959710219951,54.94959710219951
479464,82.0,54.94959710219951,-27.05040289780049
479473,43.0,54.94959710219951,11.949597102199512
479690,27.0,54.94959710219951,27.94959710219951
479845,54.0,54.94959710219951,0.9495971021995118
479997,49.0,54.94959710219951,5.949597102199512
480021,27.0,54.94959710219951,27.94959710219951
480088,40.0,54.94959710219951,14.949597102199512
480143,44.0,54.94959710219951,10.949597102199512
480451,5.0,54.94959710219951,49.94959710219951
480713,34.0,54.94959710219951,20.94959710219951
480845,26.0,54.94959710219951,28.94959710219951
480854,29.0,54.94959710219951,25.94959710219951
480892,54.0,54.94959710219951,0.9495971021995118
480909,9.0,54.94959710219951,45.94959710219951
481115,41.0,54.94959710219951,13.949597102199512
481123,32.0,54.94959710219951,22.94959710219951
481200,19.0,54.94959710219951,35.94959710219951
481442,27.0,54.94959710219951,27.94959710219951
481608,26.0,54.94959710219951,28.94959710219951
481641,42.0,33.315439062121,-8.684560937878999
481772,58.0,54.94959710219951,-3.0504028978004882
481791,4.0,54.94959710219951,50.94959710219951
481797,88.0,54.94959710219951,-33.05040289780049
481857,58.0,54.94959710219951,-3.0504028978004882
482108,38.0,54.94959710219951,16.94959710219951
482188,44.0,54.94959710219951,10.949597102199512
482522,33.0,54.94959710219951,21.94959710219951
482728,20.0,54.94959710219951,34.94959710219951
482765,58.0,54.94959710219951,-3.0504028978004882
482790,49.0,54.94959710219951,5.949597102199512
482851,19.0,54.94959710219951,35.94959710219951
482949,54.0,54.94959710219951,0.9495971021995118
483009,2.0,54.94959710219951,52.94959710219951
483010,47.0,54.94959710219951,7.949597102199512
483020,3.0,54.94959710219951,51.94959710219951
483079,48.0,54.94959710219951,6.949597102199512
483092,39.0,54.94959710219951,15.949597102199512
483205,4.0,54.94959710219951,50.94959710219951
483270,40.0,54.94959710219951,14.949597102199512
483400,27.0,33.315439062121,6.315439062121001
483410,58.0,54.94959710219951,-3.0504028978004882
483575,23.0,33.315439062121,10.315439062121001
483588,19.0,54.94959710219951,35.94959710219951
483607,5.0,54.94959710219951,49.94959710219951
483632,5.0,54.94959710219951,49.94959710219951
483638,29.0,54.94959710219951,25.94959710219951
483667,33.0,54.94959710219951,21.94959710219951
483691,49.0,33.315439062121,-15.684560937878999
483780,4.0,54.94959710219951,50.94959710219951
483793,5.0,54.94959710219951,49.94959710219951
483850,62.0,54.94959710219951,-7.050402897800488
483867,54.0,54.94959710219951,0.9495971021995118
483874,49.0,54.94959710219951,5.949597102199512
484009,2.0,54.94959710219951,52.94959710219951
484011,11.0,54.94959710219951,43.94959710219951
484131,26.0,54.94959710219951,28.94959710219951
484158,6.0,54.94959710219951,48.94959710219951
484235,2.0,54.94959710219951,52.94959710219951
484325,35.0,54.94959710219951,19.94959710219951
484369,60.0,54.94959710219951,-5.050402897800488
484545,32.0,54.94959710219951,22.94959710219951
484604,2.0,54.94959710219951,52.94959710219951
484758,55.0,54.94959710219951,-0.05040289780048823
484817,47.0,54.94959710219951,7.949597102199512
484823,24.0,33.315439062121,9.315439062121001
484838,29.0,33.315439062121,4.315439062121001
484941,29.0,33.315439062121,4.315439062121001
485000,27.0,33.315439062121,6.315439062121001
485013,11.0,32.71514350105437,21.71514350105437
485058,49.0,54.94959710219951,5.949597102199512
485075,27.0,54.94959710219951,27.94959710219951
485104,7.0,33.315439062121,26.315439062121
485132,16.0,32.71514350105437,16.71514350105437
485134,19.0,33.315439062121,14.315439062121001
485192,3.0,54.94959710219951,51.94959710219951
485213,27.0,54.94959710219951,27.94959710219951
485287,12.0,54.94959710219951,42.94959710219951
485321,48.0,54.94959710219951,6.949597102199512
485328,58.0,54.94959710219951,-3.0504028978004882
485361,29.0,33.315439062121,4.315439062121001
485383,28.0,54.94959710219951,26.94959710219951
485428,58.0,54.94959710219951,-3.0504028978004882
485543,5.0,54.94959710219951,49.94959710219951
485549,48.0,54.94959710219951,6.949597102199512
485562,59.0,54.94959710219951,-4.050402897800488
485698,5.0,54.94959710219951,49.94959710219951
485846,19.0,54.94959710219951,35.94959710219951
486043,27.0,33.315439062121,6.315439062121001
486177,11.0,33.315439062121,22.315439062121
486188,54.0,54.94959710219951,0.9495971021995118
486208,33.0,54.94959710219951,21.94959710219951
486271,10.0,54.94959710219951,44.94959710219951
486308,33.0,54.94959710219951,21.94959710219951
486320,38.0,54.94959710219951,16.94959710219951
486346,50.0,54.94959710219951,4.949597102199512
486353,40.0,33.315439062121,-6.684560937878999
486380,58.0,54.94959710219951,-3.0504028978004882
486459,2.0,54.94959710219951,52.94959710219951
486561,18.0,54.94959710219951,36.94959710219951
486804,29.0,54.94959710219951,25.94959710219951
486814,46.0,54.94959710219951,8.949597102199512
486815,24.0,33.315439062121,9.315439062121001
486894,47.0,54.94959710219951,7.949597102199512
486938,19.0,32.71514350105437,13.71514350105437
486985,41.0,54.94959710219951,13.949597102199512
487115,5.0,54.94959710219951,49.94959710219951
487169,38.0,54.94959710219951,16.94959710219951
487209,35.0,54.94959710219951,19.94959710219951
487217,30.0,54.94959710219951,24.94959710219951
487218,8.0,54.94959710219951,46.94959710219951
487263,50.0,54.94959710219951,4.949597102199512
487311,21.0,33.315439062121,12.315439062121001
487324,37.0,54.94959710219951,17.94959710219951
487577,43.0,54.94959710219951,11.949597102199512
487581,40.0,54.94959710219951,14.949597102199512
487713,85.0,54.94959710219951,-30.05040289780049
487805,46.0,54.94959710219951,8.949597102199512
487901,5.0,54.94959710219951,49.94959710219951
487915,28.0,54.94959710219951,26.94959710219951
487996,6.0,54.94959710219951,48.94959710219951
488079,49.0,33.315439062121,-15.684560937878999
488132,28.0,54.94959710219951,26.94959710219951
488141,62.0,54.94959710219951,-7.050402897800488
488144,49.0,54.94959710219951,5.949597102199512
488175,36.0,54.94959710219951,18.94959710219951
488201,3.0,54.94959710219951,51.94959710219951
488205,3.0,54.94959710219951,51.94959710219951
488455,54.0,54.94959710219951,0.9495971021995118
488469,52.0,54.94959710219951,2.9495971021995118
488480,5.0,54.94959710219951,49.94959710219951
488497,45.0,54.94959710219951,9.949597102199512
488622,48.0,33.315439062121,-14.684560937878999
488626,3.0,32.71514350105437,29.71514350105437
488679,54.0,54.94959710219951,0.9495971021995118
488706,53.0,54.94959710219951,1.9495971021995118
488721,68.0,54.94959710219951,-13.050402897800488
488786,5.0,32.71514350105437,27.71514350105437
488899,2.0,54.94959710219951,52.94959710219951
488952,46.0,54.94959710219951,8.949597102199512
489046,19.0,54.94959710219951,35.94959710219951
489145,38.0,54.94959710219951,16.94959710219951
489160,27.0,54.94959710219951,27.94959710219951
489186,40.0,54.94959710219951,14.949597102199512
489367,27.0,54.94959710219951,27.94959710219951
489380,7.0,54.94959710219951,47.94959710219951
489408,40.0,54.94959710219951,14.949597102199512
489462,4.0,32.71514350105437,28.71514350105437
489474,23.0,33.315439062121,10.315439062121001
489482,62.0,54.94959710219951,-7.050402897800488
489519,46.0,54.94959710219951,8.949597102199512
489527,5.0,54.94959710219951,49.94959710219951
489547,27.0,33.315439062121,6.315439062121001
489562,52.0,54.94959710219951,2.9495971021995118
489634,33.0,54.94959710219951,21.94959710219951
489654,4.0,54.94959710219951,50.94959710219951
489672,26.0,54.94959710219951,28.94959710219951
489720,47.0,54.94959710219951,7.949597102199512
489731,31.0,54.94959710219951,23.94959710219951
489881,56.0,54.94959710219951,-1.0504028978004882
489907,26.0,33.315439062121,7.315439062121001
489965,45.0,54.94959710219951,9.949597102199512
489980,43.0,54.94959710219951,11.949597102199512
490002,4.0,54.94959710219951,50.94959710219951
490044,33.0,54.94959710219951,21.94959710219951
490080,49.0,33.315439062121,-15.684560937878999
490113,60.0,54.94959710219951,-5.050402897800488
490170,40.0,54.94959710219951,14.949597102199512
490286,58.0,54.94959710219951,-3.0504028978004882
490370,61.0,54.94959710219951,-6.050402897800488
490388,19.0,32.71514350105437,13.71514350105437
490425,59.0,54.94959710219951,-4.050402897800488
490604,28.0,54.94959710219951,26.94959710219951
490794,29.0,54.94959710219951,25.94959710219951
490813,23.0,33.315439062121,10.315439062121001
490843,50.0,54.94959710219951,4.949597102199512
490952,68.0,54.94959710219951,-13.050402897800488
490958,24.0,33.315439062121,9.315439062121001
490959,34.0,54.94959710219951,20.94959710219951
491018,69.0,54.94959710219951,-14.050402897800488
491037,49.0,54.94959710219951,5.949597102199512
491049,49.0,33.315439062121,-15.684560937878999
491199,5.0,54.94959710219951,49.94959710219951
491258,39.0,54.94959710219951,15.949597102199512
491283,5.0,54.94959710219951,49.94959710219951
491575,42.0,54.94959710219951,12.949597102199512
491627,29.0,54.94959710219951,25.94959710219951
491646,33.0,54.94959710219951,21.94959710219951
491672,0.0,54.94959710219951,54.94959710219951
491730,48.0,54.94959710219951,6.949597102199512
491913,6.0,54.94959710219951,48.94959710219951
491971,27.0,54.94959710219951,27.94959710219951
491980,13.0,54.94959710219951,41.94959710219951
492007,40.0,54.94959710219951,14.949597102199512
492122,61.0,54.94959710219951,-6.050402897800488
492233,14.0,54.94959710219951,40.94959710219951
492288,31.0,33.315439062121,2.3154390621210013
492438,28.0,54.94959710219951,26.94959710219951
492439,5.0,54.94959710219951,49.94959710219951
492467,28.0,54.94959710219951,26.94959710219951
492511,24.0,33.315439062121,9.315439062121001
492621,62.0,54.94959710219951,-7.050402897800488
492743,98.0,54.94959710219951,-43.05040289780049
492773,30.0,54.94959710219951,24.94959710219951
492848,56.0,54.94959710219951,-1.0504028978004882
492870,2.0,54.94959710219951,52.94959710219951
492946,40.0,54.94959710219951,14.949597102199512
493066,60.0,54.94959710219951,-5.050402897800488
493070,47.0,54.94959710219951,7.949597102199512
493110,12.0,54.94959710219951,42.94959710219951
493126,12.0,54.94959710219951,42.94959710219951
493212,23.0,33.315439062121,10.315439062121001
493265,21.0,54.94959710219951,33.94959710219951
493490,82.0,54.94959710219951,-27.05040289780049
493497,22.0,54.94959710219951,32.94959710219951
493548,40.0,54.94959710219951,14.949597102199512
493561,7.0,54.94959710219951,47.94959710219951
493716,44.0,54.94959710219951,10.949597102199512
493766,44.0,54.94959710219951,10.949597102199512
493776,14.0,54.94959710219951,40.94959710219951
493828,43.0,54.94959710219951,11.949597102199512
493924,43.0,54.94959710219951,11.949597102199512
493977,54.0,54.94959710219951,0.9495971021995118
494039,38.0,33.315439062121,-4.684560937878999
494086,58.0,54.94959710219951,-3.0504028978004882
494145,32.0,33.315439062121,1.3154390621210013
494156,3.0,54.94959710219951,51.94959710219951
494159,19.0,54.94959710219951,35.94959710219951
494399,33.0,54.94959710219951,21.94959710219951
494431,35.0,54.94959710219951,19.94959710219951
494449,13.0,54.94959710219951,41.94959710219951
494450,58.0,54.94959710219951,-3.0504028978004882
494455,58.0,54.94959710219951,-3.0504028978004882
494570,29.0,33.315439062121,4.315439062121001
494657,29.0,54.94959710219951,25.94959710219951
494779,54.0,54.94959710219951,0.9495971021995118
494844,54.0,54.94959710219951,0.9495971021995118
494854,5.0,54.94959710219951,49.94959710219951
494965,49.0,54.94959710219951,5.949597102199512
495019,33.0,54.94959710219951,21.94959710219951
495101,33.0,54.94959710219951,21.94959710219951
495114,13.0,54.94959710219951,41.94959710219951
495117,12.0,32.71514350105437,20.71514350105437
495178,3.0,54.94959710219951,51.94959710219951
495283,3.0,54.94959710219951,51.94959710219951
495289,71.0,54.94959710219951,-16.05040289780049
495332,35.0,54.94959710219951,19.94959710219951
495433,47.0,54.94959710219951,7.949597102199512
495436,12.0,54.94959710219951,42.94959710219951
495498,29.0,54.94959710219951,25.94959710219951
495569,10.0,32.71514350105437,22.71514350105437
495655,27.0,54.94959710219951,27.94959710219951
495716,58.0,54.94959710219951,-3.0504028978004882
495773,40.0,54.94959710219951,14.949597102199512
495778,59.0,54.94959710219951,-4.050402897800488
495973,7.0,54.94959710219951,47.94959710219951
496004,25.0,32.71514350105437,7.715143501054371
496061,50.0,54.94959710219951,4.949597102199512
496175,28.0,54.94959710219951,26.94959710219951
496222,60.0,54.94959710219951,-5.050402897800488
496283,37.0,54.94959710219951,17.94959710219951
496312,26.0,54.94959710219951,28.94959710219951
496477,46.0,54.94959710219951,8.949597102199512
496485,16.0,33.315439062121,17.315439062121
496563,120.0,54.94959710219951,-65.0504028978005
496618,54.0,54.94959710219951,0.9495971021995118
496694,11.0,54.94959710219951,43.94959710219951
496737,26.0,54.94959710219951,28.94959710219951
496749,15.0,54.94959710219951,39.94959710219951
496761,4.0,54.94959710219951,50.94959710219951
496824,5.0,32.71514350105437,27.71514350105437
496832,61.0,54.94959710219951,-6.050402897800488
496895,53.0,54.94959710219951,1.9495971021995118
496914,26.0,33.315439062121,7.315439062121001
496930,98.0,54.94959710219951,-43.05040289780049
497081,28.0,54.94959710219951,26.94959710219951
497124,26.0,54.94959710219951,28.94959710219951
497137,54.0,54.94959710219951,0.9495971021995118
497141,49.0,54.94959710219951,5.949597102199512
497185,54.0,54.94959710219951,0.9495971021995118
497395,29.0,54.94959710219951,25.94959710219951
497495,47.0,54.94959710219951,7.949597102199512
497520,58.0,54.94959710219951,-3.0504028978004882
497524,2.0,54.94959710219951,52.94959710219951
497536,38.0,54.94959710219951,16.94959710219951
497550,26.0,32.71514350105437,6.715143501054371
497579,6.0,54.94959710219951,48.94959710219951
497604,41.0,54.94959710219951,13.949597102199512
497830,25.0,33.315439062121,8.315439062121001
497896,24.0,54.94959710219951,30.94959710219951
497997,60.0,54.94959710219951,-5.050402897800488
498012,1.0,54.94959710219951,53.94959710219951
498024,26.0,33.315439062121,7.315439062121001
498063,46.0,54.94959710219951,8.949597102199512
498094,60.0,54.94959710219951,-5.050402897800488
498110,5.0,54.94959710219951,49.94959710219951
498245,40.0,54.94959710219951,14.949597102199512
498251,12.0,54.94959710219951,42.94959710219951
498330,41.0,54.94959710219951,13.949597102199512
498353,40.0,33.315439062121,-6.684560937878999
498443,15.0,32.71514350105437,17.71514350105437
498475,44.0,54.94959710219951,10.949597102199512
498597,32.0,33.315439062121,1.3154390621210013
498655,57.0,54.94959710219951,-2.0504028978004882
498753,28.0,54.94959710219951,26.94959710219951
498925,59.0,54.94959710219951,-4.050402897800488
498933,25.0,33.315439062121,8.315439062121001
499027,48.0,54.94959710219951,6.949597102199512
499068,54.0,54.94959710219951,0.9495971021995118
499257,6.0,54.94959710219951,48.94959710219951
499833,40.0,54.94959710219951,14.949597102199512
499856,32.0,54.94959710219951,22.94959710219951
499866,33.0,54.94959710219951,21.94959710219951
499871,38.0,54.94959710219951,16.94959710219951
499915,68.0,54.94959710219951,-13.050402897800488
499959,3.0,54.94959710219951,51.94959710219951
499983,43.0,54.94959710219951,11.949597102199512
499998,40.0,54.94959710219951,14.949597102199512
500154,25.0,33.315439062121,8.315439062121001
500183,44.0,54.94959710219951,10.949597102199512
500398,50.0,33.315439062121,-16.684560937879
500401,30.0,54.94959710219951,24.94959710219951
500445,5.0,54.94959710219951,49.94959710219951
500455,42.0,54.94959710219951,12.949597102199512
500471,0.0,54.94959710219951,54.94959710219951
500608,27.0,54.94959710219951,27.94959710219951
500652,11.0,54.94959710219951,43.94959710219951
500701,5.0,54.94959710219951,49.94959710219951
500711,61.0,54.94959710219951,-6.050402897800488
500787,41.0,54.94959710219951,13.949597102199512
500864,9.0,54.94959710219951,45.94959710219951
500925,23.0,33.315439062121,10.315439062121001
500932,44.0,54.94959710219951,10.949597102199512
501099,63.0,54.94959710219951,-8.050402897800488
501243,61.0,54.94959710219951,-6.050402897800488
501289,28.0,54.94959710219951,26.94959710219951
501312,7.0,54.94959710219951,47.94959710219951
501319,40.0,54.94959710219951,14.949597102199512
501334,54.0,54.94959710219951,0.9495971021995118
501423,19.0,54.94959710219951,35.94959710219951
501472,58.0,54.94959710219951,-3.0504028978004882
501560,40.0,54.94959710219951,14.949597102199512
501601,26.0,54.94959710219951,28.94959710219951
501605,54.0,54.94959710219951,0.9495971021995118
501708,48.0,33.315439062121,-14.684560937878999
501861,58.0,54.94959710219951,-3.0504028978004882
501991,28.0,33.315439062121,5.315439062121001
502003,51.0,54.94959710219951,3.9495971021995118
502041,26.0,33.315439062121,7.315439062121001
502097,49.0,54.94959710219951,5.949597102199512
502173,3.0,54.94959710219951,51.94959710219951
502176,60.0,54.94959710219951,-5.050402897800488
502207,26.0,54.94959710219951,28.94959710219951
502216,6.0,32.71514350105437,26.71514350105437
502237,59.0,54.94959710219951,-4.050402897800488
502255,3.0,54.94959710219951,51.94959710219951
502286,2.0,54.94959710219951,52.94959710219951
502305,35.0,54.94959710219951,19.94959710219951
502322,2.0,54.94959710219951,52.94959710219951
502336,59.0,54.94959710219951,-4.050402897800488
502525,18.0,32.71514350105437,14.71514350105437
502807,12.0,33.315439062121,21.315439062121
503171,28.0,33.315439062121,5.315439062121001
503184,53.0,54.94959710219951,1.9495971021995118
503231,40.0,54.94959710219951,14.949597102199512
503280,60.0,54.94959710219951,-5.050402897800488
503322,59.0,54.94959710219951,-4.050402897800488
503472,5.0,54.94959710219951,49.94959710219951
503503,55.0,54.94959710219951,-0.05040289780048823
503547,5.0,54.94959710219951,49.94959710219951
503577,35.0,54.94959710219951,19.94959710219951
503642,30.0,54.94959710219951,24.94959710219951
503709,28.0,54.94959710219951,26.94959710219951
503802,60.0,54.94959710219951,-5.050402897800488
503898,12.0,54.94959710219951,42.94959710219951
503936,56.0,54.94959710219951,-1.0504028978004882
503961,29.0,33.315439062121,4.315439062121001
504017,54.0,54.94959710219951,0.9495971021995118
504100,54.0,54.94959710219951,0.9495971021995118
504156,51.0,54.94959710219951,3.9495971021995118
504216,30.0,54.94959710219951,24.94959710219951
504249,26.0,54.94959710219951,28.94959710219951
504265,40.0,54.94959710219951,14.949597102199512
504371,92.0,54.94959710219951,-37.05040289780049
504493,11.0,54.94959710219951,43.94959710219951
504500,33.0,54.94959710219951,21.94959710219951
504631,21.0,54.94959710219951,33.94959710219951
504643,31.0,54.94959710219951,23.94959710219951
504830,5.0,54.94959710219951,49.94959710219951
504999,53.0,54.94959710219951,1.9495971021995118
505037,33.0,54.94959710219951,21.94959710219951
505138,8.0,54.94959710219951,46.94959710219951
505175,21.0,33.315439062121,12.315439062121001
505209,53.0,54.94959710219951,1.9495971021995118
505245,27.0,33.315439062121,6.315439062121001
505262,11.0,54.94959710219951,43.94959710219951
505317,40.0,54.94959710219951,14.949597102199512
505319,25.0,54.94959710219951,29.94959710219951
505325,34.0,54.94959710219951,20.94959710219951
505443,19.0,54.94959710219951,35.94959710219951
505458,30.0,54.94959710219951,24.94959710219951
505497,9.0,54.94959710219951,45.94959710219951
505537,26.0,54.94959710219951,28.94959710219951
505593,40.0,54.94959710219951,14.949597102199512
505727,55.0,54.94959710219951,-0.05040289780048823
505750,41.0,54.94959710219951,13.949597102199512
505762,54.0,54.94959710219951,0.9495971021995118
505947,58.0,54.94959710219951,-3.0504028978004882
505966,54.0,54.94959710219951,0.9495971021995118
506099,6.0,54.94959710219951,48.94959710219951
506196,3.0,54.94959710219951,51.94959710219951
506308,62.0,54.94959710219951,-7.050402897800488
506368,5.0,54.94959710219951,49.94959710219951
506424,33.0,54.94959710219951,21.94959710219951
506557,2.0,54.94959710219951,52.94959710219951
506575,30.0,54.94959710219951,24.94959710219951
506955,61.0,54.94959710219951,-6.050402897800488
507007,44.0,54.94959710219951,10.949597102199512
507017,54.0,54.94959710219951,0.9495971021995118
507228,43.0,54.94959710219951,11.949597102199512
507366,56.0,54.94959710219951,-1.0504028978004882
507398,19.0,54.94959710219951,35.94959710219951
507424,4.0,32.71514350105437,28.71514350105437
507462,43.0,54.94959710219951,11.949597102199512
507477,5.0,54.94959710219951,49.94959710219951
507506,41.0,54.94959710219951,13.949597102199512
507523,8.0,54.94959710219951,46.94959710219951
507592,57.0,54.94959710219951,-2.0504028978004882
507792,2.0,54.94959710219951,52.94959710219951
507829,42.0,54.94959710219951,12.949597102199512
507877,5.0,54.94959710219951,49.94959710219951
507959,60.0,54.94959710219951,-5.050402897800488
508034,44.0,54.94959710219951,10.949597102199512
508070,5.0,54.94959710219951,49.94959710219951
508117,12.0,54.94959710219951,42.94959710219951
508135,49.0,54.94959710219951,5.949597102199512
508230,34.0,54.94959710219951,20.94959710219951
508309,48.0,33.315439062121,-14.684560937878999
508325,42.0,54.94959710219951,12.949597102199512
508390,28.0,54.94959710219951,26.94959710219951
508421,54.0,54.94959710219951,0.9495971021995118
508467,34.0,54.94959710219951,20.94959710219951
508504,6.0,54.94959710219951,48.94959710219951
508564,2.0,54.94959710219951,52.94959710219951
508616,47.0,54.94959710219951,7.949597102199512
508646,18.0,54.94959710219951,36.94959710219951
508679,26.0,33.315439062121,7.315439062121001
508732,84.0,54.94959710219951,-29.05040289780049
508751,40.0,54.94959710219951,14.949597102199512
509028,59.0,54.94959710219951,-4.050402897800488
509218,33.0,54.94959710219951,21.94959710219951
509279,8.0,54.94959710219951,46.94959710219951
509281,40.0,54.94959710219951,14.949597102199512
509409,41.0,54.94959710219951,13.949597102199512
509419,51.0,54.94959710219951,3.9495971021995118
509508,21.0,33.315439062121,12.315439062121001
509543,27.0,33.315439062121,6.315439062121001
509549,2.0,54.94959710219951,52.94959710219951
509705,25.0,54.94959710219951,29.94959710219951
509807,34.0,54.94959710219951,20.94959710219951
509876,40.0,54.94959710219951,14.949597102199512
509910,29.0,33.315439062121,4.315439062121001
509969,33.0,54.94959710219951,21.94959710219951
510007,26.0,54.94959710219951,28.94959710219951
510079,59.0,54.94959710219951,-4.050402897800488
510134,26.0,54.94959710219951,28.94959710219951
510206,61.0,54.94959710219951,-6.050402897800488
510268,51.0,54.94959710219951,3.9495971021995118
510375,7.0,54.94959710219951,47.94959710219951
510475,58.0,54.94959710219951,-3.0504028978004882
510549,47.0,54.94959710219951,7.949597102199512
510630,30.0,54.94959710219951,24.94959710219951
510755,28.0,54.94959710219951,26.94959710219951
510782,58.0,54.94959710219951,-3.0504028978004882
510853,21.0,33.315439062121,12.315439062121001
510928,14.0,54.94959710219951,40.94959710219951
510937,42.0,54.94959710219951,12.949597102199512
510950,26.0,33.315439062121,7.315439062121001
510993,5.0,33.315439062121,28.315439062121
511029,28.0,54.94959710219951,26.94959710219951
511032,44.0,54.94959710219951,10.949597102199512
511126,40.0,54.94959710219951,14.949597102199512
511170,20.0,33.315439062121,13.315439062121001
511221,27.0,33.315439062121,6.315439062121001
511284,37.0,54.94959710219951,17.94959710219951
511433,59.0,54.94959710219951,-4.050402897800488
511592,28.0,33.315439062121,5.315439062121001
511670,27.0,33.315439062121,6.315439062121001
511673,40.0,54.94959710219951,14.949597102199512
511676,58.0,54.94959710219951,-3.0504028978004882
511732,4.0,54.94959710219951,50.94959710219951
511778,12.0,54.94959710219951,42.94959710219951
511790,63.0,33.315439062121,-29.684560937879
511970,5.0,54.94959710219951,49.94959710219951
512023,25.0,33.315439062121,8.315439062121001
512038,2.0,54.94959710219951,52.94959710219951
512053,27.0,54.94959710219951,27.94959710219951
512167,54.0,33.315439062121,-20.684560937879
512201,64.0,54.94959710219951,-9.050402897800488
512222,41.0,54.94959710219951,13.949597102199512
512331,4.0,54.94959710219951,50.94959710219951
512504,11.0,54.94959710219951,43.94959710219951
512582,25.0,33.315439062121,8.315439062121001
512927,34.0,54.94959710219951,20.94959710219951
513007,38.0,32.71514350105437,-5.284856498945629
513142,57.0,54.94959710219951,-2.0504028978004882
513178,61.0,54.94959710219951,-6.050402897800488
513347,27.0,54.94959710219951,27.94959710219951
513355,55.0,54.94959710219951,-0.05040289780048823
513393,26.0,54.94959710219951,28.94959710219951
513465,19.0,54.94959710219951,35.94959710219951
513556,6.0,54.94959710219951,48.94959710219951
513593,6.0,54.94959710219951,48.94959710219951
513620,54.0,54.94959710219951,0.9495971021995118
513663,12.0,54.94959710219951,42.94959710219951
513874,45.0,54.94959710219951,9.949597102199512
514142,26.0,33.315439062121,7.315439062121001
514193,40.0,54.94959710219951,14.949597102199512
514199,59.0,54.94959710219951,-4.050402897800488
514245,6.0,54.94959710219951,48.94959710219951
514257,2.0,54.94959710219951,52.94959710219951
514271,60.0,54.94959710219951,-5.050402897800488
514335,42.0,54.94959710219951,12.949597102199512
514379,19.0,32.71514350105437,13.71514350105437
514382,60.0,54.94959710219951,-5.050402897800488
514447,30.0,54.94959710219951,24.94959710219951
514451,27.0,54.94959710219951,27.94959710219951
514530,54.0,54.94959710219951,0.9495971021995118
514605,80.0,54.94959710219951,-25.05040289780049
514637,61.0,54.94959710219951,-6.050402897800488
514676,8.0,54.94959710219951,46.94959710219951
514692,35.0,54.94959710219951,19.94959710219951
514715,2.0,54.94959710219951,52.94959710219951
514776,61.0,54.94959710219951,-6.050402897800488
514869,44.0,54.94959710219951,10.949597102199512
514891,5.0,32.71514350105437,27.71514350105437
514926,34.0,54.94959710219951,20.94959710219951
515012,40.0,54.94959710219951,14.949597102199512
515059,59.0,54.94959710219951,-4.050402897800488
515106,140.0,54.94959710219951,-85.0504028978005
515160,6.0,54.94959710219951,48.94959710219951
515168,53.0,54.94959710219951,1.9495971021995118
515299,47.0,54.94959710219951,7.949597102199512
515317,61.0,54.94959710219951,-6.050402897800488
515322,5.0,54.94959710219951,49.94959710219951
515435,19.0,54.94959710219951,35.94959710219951
515439,54.0,54.94959710219951,0.9495971021995118
515445,5.0,54.94959710219951,49.94959710219951
515453,5.0,32.71514350105437,27.71514350105437
515587,5.0,54.94959710219951,49.94959710219951
515607,26.0,54.94959710219951,28.94959710219951
515778,9.0,54.94959710219951,45.94959710219951
515865,33.0,54.94959710219951,21.94959710219951
515878,40.0,54.94959710219951,14.949597102199512
515916,28.0,33.315439062121,5.315439062121001
515993,54.0,54.94959710219951,0.9495971021995118
515997,32.0,33.315439062121,1.3154390621210013
516035,18.0,32.71514350105437,14.71514350105437
516055,5.0,54.94959710219951,49.94959710219951
516093,7.0,54.94959710219951,47.94959710219951
516133,28.0,54.94959710219951,26.94959710219951
516174,3.0,54.94959710219951,51.94959710219951
516203,12.0,33.315439062121,21.315439062121
516235,9.0,54.94959710219951,45.94959710219951
516369,25.0,54.94959710219951,29.94959710219951
516385,40.0,54.94959710219951,14.949597102199512
516400,6.0,54.94959710219951,48.94959710219951
516432,44.0,54.94959710219951,10.949597102199512
516697,57.0,54.94959710219951,-2.0504028978004882
516729,13.0,54.94959710219951,41.94959710219951
516827,40.0,54.94959710219951,14.949597102199512
516948,5.0,54.94959710219951,49.94959710219951
516991,20.0,54.94959710219951,34.94959710219951
517016,4.0,54.94959710219951,50.94959710219951
517115,59.0,54.94959710219951,-4.050402897800488
517461,58.0,54.94959710219951,-3.0504028978004882
517474,40.0,33.315439062121,-6.684560937878999
517759,6.0,54.94959710219951,48.94959710219951
518016,26.0,54.94959710219951,28.94959710219951
518066,40.0,54.94959710219951,14.949597102199512
518091,28.0,54.94959710219951,26.94959710219951
518197,53.0,54.94959710219951,1.9495971021995118
518371,58.0,54.94959710219951,-3.0504028978004882
518432,19.0,54.94959710219951,35.94959710219951
518483,26.0,33.315439062121,7.315439062121001
518498,63.0,54.94959710219951,-8.050402897800488
518556,62.0,54.94959710219951,-7.050402897800488
518581,4.0,54.94959710219951,50.94959710219951
518592,49.0,54.94959710219951,5.949597102199512
518620,27.0,33.315439062121,6.315439062121001
518637,5.0,54.94959710219951,49.94959710219951
518658,0.0,54.94959710219951,54.94959710219951
518732,47.0,54.94959710219951,7.949597102199512
518742,61.0,54.94959710219951,-6.050402897800488
518743,48.0,54.94959710219951,6.949597102199512
518772,27.0,33.315439062121,6.315439062121001
518930,140.0,54.94959710219951,-85.0504028978005
519029,26.0,33.315439062121,7.315439062121001
519083,53.0,54.94959710219951,1.9495971021995118
519188,59.0,54.94959710219951,-4.050402897800488
519235,40.0,54.94959710219951,14.949597102199512
519335,42.0,54.94959710219951,12.949597102199512
519388,23.0,33.315439062121,10.315439062121001
519451,26.0,54.94959710219951,28.94959710219951
519489,12.0,54.94959710219951,42.94959710219951
519579,26.0,54.94959710219951,28.94959710219951
519634,8.0,54.94959710219951,46.94959710219951
519686,29.0,54.94959710219951,25.94959710219951
519948,53.0,54.94959710219951,1.9495971021995118
520002,3.0,54.94959710219951,51.94959710219951
520013,59.0,54.94959710219951,-4.050402897800488
520066,48.0,54.94959710219951,6.949597102199512
520111,16.0,54.94959710219951,38.94959710219951
520152,27.0,33.315439062121,6.315439062121001
520409,58.0,54.94959710219951,-3.0504028978004882
520468,31.0,54.94959710219951,23.94959710219951
520748,44.0,54.94959710219951,10.949597102199512
520768,41.0,54.94959710219951,13.949597102199512
520799,65.0,54.94959710219951,-10.050402897800488
520978,60.0,54.94959710219951,-5.050402897800488
521146,59.0,54.94959710219951,-4.050402897800488
521176,44.0,54.94959710219951,10.949597102199512
521204,54.0,54.94959710219951,0.9495971021995118
521261,61.0,54.94959710219951,-6.050402897800488
521412,24.0,33.315439062121,9.315439062121001
521444,58.0,54.94959710219951,-3.0504028978004882
521522,27.0,33.315439062121,6.315439062121001
521555,27.0,33.315439062121,6.315439062121001
521587,15.0,32.71514350105437,17.71514350105437
521627,61.0,54.94959710219951,-6.050402897800488
521629,19.0,54.94959710219951,35.94959710219951
521812,16.0,54.94959710219951,38.94959710219951
521833,30.0,33.315439062121,3.3154390621210013
521851,25.0,32.71514350105437,7.715143501054371
521907,42.0,54.94959710219951,12.949597102199512
521913,42.0,54.94959710219951,12.949597102199512
521919,5.0,54.94959710219951,49.94959710219951
522002,40.0,54.94959710219951,14.949597102199512
522025,73.0,54.94959710219951,-18.05040289780049
522051,56.0,54.94959710219951,-1.0504028978004882
522120,26.0,54.94959710219951,28.94959710219951
522143,29.0,33.315439062121,4.315439062121001
522212,6.0,54.94959710219951,48.94959710219951
522260,50.0,54.94959710219951,4.949597102199512
522301,55.0,54.94959710219951,-0.05040289780048823
522324,26.0,33.315439062121,7.315439062121001
522397,46.0,54.94959710219951,8.949597102199512
522399,19.0,54.94959710219951,35.94959710219951
522632,31.0,54.94959710219951,23.94959710219951
522680,98.0,54.94959710219951,-43.05040289780049
522743,40.0,33.315439062121,-6.684560937878999
522766,43.0,54.94959710219951,11.949597102199512
522769,23.0,33.315439062121,10.315439062121001
522831,26.0,32.71514350105437,6.715143501054371
522848,24.0,33.315439062121,9.315439062121001
522853,47.0,32.71514350105437,-14.28485649894563
522865,26.0,33.315439062121,7.315439062121001
522971,42.0,54.94959710219951,12.949597102199512
523072,33.0,54.94959710219951,21.94959710219951
523114,27.0,54.94959710219951,27.94959710219951
523298,28.0,54.94959710219951,26.94959710219951
523305,11.0,54.94959710219951,43.94959710219951
523430,41.0,54.94959710219951,13.949597102199512
523469,43.0,54.94959710219951,11.949597102199512
523526,47.0,54.94959710219951,7.949597102199512
523527,43.0,54.94959710219951,11.949597102199512
523566,5.0,54.94959710219951,49.94959710219951
523587,1.0,54.94959710219951,53.94959710219951
523681,26.0,54.94959710219951,28.94959710219951
523722,23.0,33.315439062121,10.315439062121001
523725,42.0,54.94959710219951,12.949597102199512
523749,30.0,54.94959710219951,24.94959710219951
523814,48.0,54.94959710219951,6.949597102199512
523944,48.0,54.94959710219951,6.949597102199512
523954,37.0,54.94959710219951,17.94959710219951
524100,60.0,54.94959710219951,-5.050402897800488
524110,46.0,54.94959710219951,8.949597102199512
524143,140.0,54.94959710219951,-85.0504028978005
524151,58.0,54.94959710219951,-3.0504028978004882
524240,40.0,54.94959710219951,14.949597102199512
524243,58.0,54.94959710219951,-3.0504028978004882
524374,32.0,32.71514350105437,0.7151435010543707
524396,56.0,54.94959710219951,-1.0504028978004882
524416,26.0,54.94959710219951,28.94959710219951
524598,58.0,54.94959710219951,-3.0504028978004882
524604,88.0,54.94959710219951,-33.05040289780049
524668,33.0,54.94959710219951,21.94959710219951
524774,2.0,54.94959710219951,52.94959710219951
524814,2.0,54.94959710219951,52.94959710219951
524895,28.0,54.94959710219951,26.94959710219951
524906,7.0,32.71514350105437,25.71514350105437
524999,40.0,54.94959710219951,14.949597102199512
525013,6.0,54.94959710219951,48.94959710219951
525070,54.0,54.94959710219951,0.9495971021995118
525099,19.0,54.94959710219951,35.94959710219951
525127,9.0,54.94959710219951,45.94959710219951
525158,12.0,32.71514350105437,20.71514350105437
525207,41.0,54.94959710219951,13.949597102199512
525246,5.0,54.94959710219951,49.94959710219951
525266,27.0,54.94959710219951,27.94959710219951
525276,48.0,54.94959710219951,6.949597102199512
525524,66.0,54.94959710219951,-11.050402897800488
525552,8.0,54.94959710219951,46.94959710219951
525590,26.0,33.315439062121,7.315439062121001
525667,26.0,54.94959710219951,28.94959710219951
525687,51.0,33.315439062121,-17.684560937879
525774,40.0,54.94959710219951,14.949597102199512
525801,12.0,54.94959710219951,42.94959710219951
525865,19.0,54.94959710219951,35.94959710219951
525871,30.0,54.94959710219951,24.94959710219951
525874,26.0,33.315439062121,7.315439062121001
526034,29.0,54.94959710219951,25.94959710219951
526056,58.0,54.94959710219951,-3.0504028978004882
526115,26.0,54.94959710219951,28.94959710219951
526149,40.0,54.94959710219951,14.949597102199512
526180,29.0,54.94959710219951,25.94959710219951
526190,15.0,54.94959710219951,39.94959710219951
526200,3.0,54.94959710219951,51.94959710219951
526372,60.0,54.94959710219951,-5.050402897800488
526385,43.0,33.315439062121,-9.684560937878999
526398,54.0,54.94959710219951,0.9495971021995118
526406,58.0,54.94959710219951,-3.0504028978004882
526438,26.0,54.94959710219951,28.94959710219951
526496,8.0,54.94959710219951,46.94959710219951
526547,4.0,54.94959710219951,50.94959710219951
526573,38.0,54.94959710219951,16.94959710219951
526587,33.0,54.94959710219951,21.94959710219951
526823,34.0,54.94959710219951,20.94959710219951
526970,32.0,54.94959710219951,22.94959710219951
527018,47.0,54.94959710219951,7.949597102199512
527162,56.0,54.94959710219951,-1.0504028978004882
527192,34.0,54.94959710219951,20.94959710219951
527200,3.0,54.94959710219951,51.94959710219951
527280,40.0,54.94959710219951,14.949597102199512
527517,19.0,54.94959710219951,35.94959710219951
527526,26.0,54.94959710219951,28.94959710219951
527551,43.0,54.94959710219951,11.949597102199512
527636,25.0,33.315439062121,8.315439062121001
527700,39.0,33.315439062121,-5.684560937878999
527712,26.0,54.94959710219951,28.94959710219951
527713,4.0,54.94959710219951,50.94959710219951
527739,41.0,33.315439062121,-7.684560937878999
527741,26.0,54.94959710219951,28.94959710219951
527774,5.0,54.94959710219951,49.94959710219951
527825,56.0,54.94959710219951,-1.0504028978004882
527870,59.0,54.94959710219951,-4.050402897800488
527899,19.0,54.94959710219951,35.94959710219951
527909,40.0,54.94959710219951,14.949597102199512
527947,40.0,54.94959710219951,14.949597102199512
528154,51.0,54.94959710219951,3.9495971021995118
528238,28.0,33.315439062121,5.315439062121001
528278,5.0,54.94959710219951,49.94959710219951
528302,6.0,54.94959710219951,48.94959710219951
528706,1.0,54.94959710219951,53.94959710219951
528709,40.0,54.94959710219951,14.949597102199512
528825,53.0,54.94959710219951,1.9495971021995118
528838,58.0,54.94959710219951,-3.0504028978004882
528856,61.0,54.94959710219951,-6.050402897800488
528901,5.0,54.94959710219951,49.94959710219951
528949,26.0,54.94959710219951,28.94959710219951
528965,37.0,32.71514350105437,-4.284856498945629
528982,49.0,54.94959710219951,5.949597102199512
529000,59.0,54.94959710219951,-4.050402897800488
529182,58.0,54.94959710219951,-3.0504028978004882
529189,40.0,33.315439062121,-6.684560937878999
529199,4.0,54.94959710219951,50.94959710219951
529276,30.0,54.94959710219951,24.94959710219951
529346,39.0,54.94959710219951,15.949597102199512
529413,74.0,54.94959710219951,-19.05040289780049
529473,28.0,54.94959710219951,26.94959710219951
529493,61.0,54.94959710219951,-6.050402897800488
529609,6.0,54.94959710219951,48.94959710219951
529622,44.0,54.94959710219951,10.949597102199512
529753,2.0,54.94959710219951,52.94959710219951
529858,39.0,54.94959710219951,15.949597102199512
530018,63.0,54.94959710219951,-8.050402897800488
530058,113.0,54.94959710219951,-58.05040289780049
530144,19.0,54.94959710219951,35.94959710219951
530159,52.0,54.94959710219951,2.9495971021995118
530196,6.0,54.94959710219951,48.94959710219951
530206,60.0,54.94959710219951,-5.050402897800488
530226,62.0,54.94959710219951,-7.050402897800488
530259,45.0,54.94959710219951,9.949597102199512
530269,26.0,54.94959710219951,28.94959710219951
530270,33.0,54.94959710219951,21.94959710219951
530324,26.0,33.315439062121,7.315439062121001
530417,51.0,54.94959710219951,3.9495971021995118
530504,54.0,54.94959710219951,0.9495971021995118
530559,40.0,54.94959710219951,14.949597102199512
530597,4.0,54.94959710219951,50.94959710219951
530663,40.0,54.94959710219951,14.949597102199512
530670,58.0,54.94959710219951,-3.0504028978004882
530750,58.0,54.94959710219951,-3.0504028978004882
530771,12.0,54.94959710219951,42.94959710219951
530798,48.0,54.94959710219951,6.949597102199512
530872,58.0,54.94959710219951,-3.0504028978004882
531068,33.0,54.94959710219951,21.94959710219951
531070,46.0,54.94959710219951,8.949597102199512
531086,118.0,54.94959710219951,-63.05040289780049
531095,26.0,54.94959710219951,28.94959710219951
531109,6.0,54.94959710219951,48.94959710219951
531129,58.0,54.94959710219951,-3.0504028978004882
531186,12.0,54.94959710219951,42.94959710219951
531214,2.0,54.94959710219951,52.94959710219951
531352,11.0,54.94959710219951,43.94959710219951
531591,29.0,54.94959710219951,25.94959710219951
531598,47.0,54.94959710219951,7.949597102199512
531621,107.0,54.94959710219951,-52.05040289780049
531651,54.0,54.94959710219951,0.9495971021995118
531785,60.0,54.94959710219951,-5.050402897800488
531884,45.0,54.94959710219951,9.949597102199512
531954,2.0,54.94959710219951,52.94959710219951
532009,19.0,54.94959710219951,35.94959710219951
532067,50.0,54.94959710219951,4.949597102199512
532118,34.0,54.94959710219951,20.94959710219951
532132,4.0,32.71514350105437,28.71514350105437
532230,58.0,54.94959710219951,-3.0504028978004882
532306,40.0,54.94959710219951,14.949597102199512
532308,26.0,54.94959710219951,28.94959710219951
532326,26.0,54.94959710219951,28.94959710219951
532400,44.0,54.94959710219951,10.949597102199512
532544,26.0,54.94959710219951,28.94959710219951
532565,26.0,54.94959710219951,28.94959710219951
532603,60.0,54.94959710219951,-5.050402897800488
532652,33.0,54.94959710219951,21.94959710219951
532659,28.0,54.94959710219951,26.94959710219951
532662,52.0,54.94959710219951,2.9495971021995118
532718,39.0,54.94959710219951,15.949597102199512
532725,5.0,54.94959710219951,49.94959710219951
532903,10.0,54.94959710219951,44.94959710219951
533056,53.0,54.94959710219951,1.9495971021995118
533138,16.0,32.71514350105437,16.71514350105437
533169,7.0,33.315439062121,26.315439062121
533220,62.0,54.94959710219951,-7.050402897800488
533306,40.0,54.94959710219951,14.949597102199512
533356,6.0,54.94959710219951,48.94959710219951
533382,5.0,54.94959710219951,49.94959710219951
533474,26.0,32.71514350105437,6.715143501054371
533499,48.0,54.94959710219951,6.949597102199512
533630,59.0,33.315439062121,-25.684560937879
533642,53.0,54.94959710219951,1.9495971021995118
533688,5.0,54.94959710219951,49.94959710219951
533694,58.0,54.94959710219951,-3.0504028978004882
533784,26.0,33.315439062121,7.315439062121001
533817,20.0,54.94959710219951,34.94959710219951
533904,41.0,54.94959710219951,13.949597102199512
533990,26.0,33.315439062121,7.315439062121001
533998,40.0,54.94959710219951,14.949597102199512
534017,5.0,54.94959710219951,49.94959710219951
534126,54.0,54.94959710219951,0.9495971021995118
534275,59.0,54.94959710219951,-4.050402897800488
534281,29.0,54.94959710219951,25.94959710219951
534309,62.0,54.94959710219951,-7.050402897800488
534320,19.0,32.71514350105437,13.71514350105437
534363,49.0,54.94959710219951,5.949597102199512
534411,12.0,54.94959710219951,42.94959710219951
534454,27.0,33.315439062121,6.315439062121001
534554,30.0,54.94959710219951,24.94959710219951
534575,5.0,54.94959710219951,49.94959710219951
534588,6.0,54.94959710219951,48.94959710219951
534616,44.0,54.94959710219951,10.949597102199512
534661,46.0,54.94959710219951,8.949597102199512
534696,23.0,33.315439062121,10.315439062121001
534763,12.0,54.94959710219951,42.94959710219951
534790,7.0,32.71514350105437,25.71514350105437
534801,40.0,54.94959710219951,14.949597102199512
534804,11.0,54.94959710219951,43.94959710219951
534820,54.0,54.94959710219951,0.9495971021995118
534880,5.0,54.94959710219951,49.94959710219951
534951,0.0,54.94959710219951,54.94959710219951
534974,46.0,54.94959710219951,8.949597102199512
535007,8.0,54.94959710219951,46.94959710219951
535056,40.0,54.94959710219951,14.949597102199512
535083,46.0,54.94959710219951,8.949597102199512
535120,40.0,54.94959710219951,14.949597102199512
535170,37.0,54.94959710219951,17.94959710219951
535183,22.0,54.94959710219951,32.94959710219951
535215,27.0,33.315439062121,6.315439062121001
535217,47.0,54.94959710219951,7.949597102199512
535235,26.0,33.315439062121,7.315439062121001
535311,27.0,33.315439062121,6.315439062121001
535339,28.0,33.315439062121,5.315439062121001
535400,72.0,54.94959710219951,-17.05040289780049
535457,54.0,54.94959710219951,0.9495971021995118
535463,23.0,54.94959710219951,31.94959710219951
535468,59.0,54.94959710219951,-4.050402897800488
535488,60.0,54.94959710219951,-5.050402897800488
535508,59.0,54.94959710219951,-4.050402897800488
535592,12.0,54.94959710219951,42.94959710219951
535601,58.0,54.94959710219951,-3.0504028978004882
535667,29.0,54.94959710219951,25.94959710219951
535676,5.0,54.94959710219951,49.94959710219951
535693,60.0,54.94959710219951,-5.050402897800488
535704,50.0,33.315439062121,-16.684560937879
536045,22.0,54.94959710219951,32.94959710219951
536133,22.0,32.71514350105437,10.71514350105437
536178,44.0,54.94959710219951,10.949597102199512
536248,24.0,33.315439062121,9.315439062121001
536267,23.0,33.315439062121,10.315439062121001
536334,54.0,54.94959710219951,0.9495971021995118
536354,41.0,54.94959710219951,13.949597102199512
536386,33.0,54.94959710219951,21.94959710219951
536435,39.0,54.94959710219951,15.949597102199512
536466,24.0,33.315439062121,9.315439062121001
536805,45.0,54.94959710219951,9.949597102199512
536822,5.0,54.94959710219951,49.94959710219951
536845,5.0,54.94959710219951,49.94959710219951
536893,52.0,54.94959710219951,2.9495971021995118
536896,54.0,54.94959710219951,0.9495971021995118
537015,55.0,54.94959710219951,-0.05040289780048823
537042,22.0,33.315439062121,11.315439062121001
537180,53.0,54.94959710219951,1.9495971021995118
537184,20.0,33.315439062121,13.315439062121001
537261,44.0,54.94959710219951,10.949597102199512
537395,47.0,54.94959710219951,7.949597102199512
537396,41.0,54.94959710219951,13.949597102199512
537515,7.0,54.94959710219951,47.94959710219951
537588,48.0,54.94959710219951,6.949597102199512
537645,5.0,54.94959710219951,49.94959710219951
537892,26.0,54.94959710219951,28.94959710219951
537968,6.0,54.94959710219951,48.94959710219951
538015,59.0,54.94959710219951,-4.050402897800488
538084,39.0,54.94959710219951,15.949597102199512
538089,9.0,54.94959710219951,45.94959710219951
538105,59.0,54.94959710219951,-4.050402897800488
538191,30.0,54.94959710219951,24.94959710219951
538209,1.0,54.94959710219951,53.94959710219951
538380,21.0,54.94959710219951,33.94959710219951
538408,36.0,54.94959710219951,18.94959710219951
538491,39.0,54.94959710219951,15.949597102199512
538497,30.0,33.315439062121,3.3154390621210013
538523,7.0,54.94959710219951,47.94959710219951
538529,47.0,54.94959710219951,7.949597102199512
538568,13.0,54.94959710219951,41.94959710219951
538684,6.0,33.315439062121,27.315439062121
538693,29.0,54.94959710219951,25.94959710219951
538725,49.0,54.94959710219951,5.949597102199512
538734,44.0,54.94959710219951,10.949597102199512
538960,28.0,54.94959710219951,26.94959710219951
539071,4.0,54.94959710219951,50.94959710219951
539148,53.0,54.94959710219951,1.9495971021995118
539200,40.0,54.94959710219951,14.949597102199512
539207,4.0,54.94959710219951,50.94959710219951
539249,9.0,54.94959710219951,45.94959710219951
539487,55.0,54.94959710219951,-0.05040289780048823
539616,41.0,54.94959710219951,13.949597102199512
539618,39.0,54.94959710219951,15.949597102199512
539651,32.0,54.94959710219951,22.94959710219951
539687,40.0,54.94959710219951,14.949597102199512
539768,57.0,54.94959710219951,-2.0504028978004882
539789,61.0,54.94959710219951,-6.050402897800488
539841,19.0,32.71514350105437,13.71514350105437
539902,40.0,54.94959710219951,14.949597102199512
539926,28.0,54.94959710219951,26.94959710219951
539966,40.0,54.94959710219951,14.949597102199512
539975,15.0,54.94959710219951,39.94959710219951
540023,41.0,54.94959710219951,13.949597102199512
540141,25.0,33.315439062121,8.315439062121001
540236,114.0,54.94959710219951,-59.05040289780049
540329,48.0,54.94959710219951,6.949597102199512
540384,40.0,54.94959710219951,14.949597102199512
540458,33.0,33.315439062121,0.31543906212100126
540487,40.0,54.94959710219951,14.949597102199512
540510,52.0,54.94959710219951,2.9495971021995118
540693,23.0,33.315439062121,10.315439062121001
540724,58.0,54.94959710219951,-3.0504028978004882
540761,55.0,54.94959710219951,-0.05040289780048823
541001,41.0,54.94959710219951,13.949597102199512
541002,11.0,54.94959710219951,43.94959710219951
541010,21.0,54.94959710219951,33.94959710219951
541070,3.0,54.94959710219951,51.94959710219951
541188,48.0,54.94959710219951,6.949597102199512
541273,42.0,54.94959710219951,12.949597102199512
541280,40.0,54.94959710219951,14.949597102199512
541292,25.0,33.315439062121,8.315439062121001
541366,0.0,54.94959710219951,54.94959710219951
541386,58.0,54.94959710219951,-3.0504028978004882
541433,61.0,54.94959710219951,-6.050402897800488
541440,29.0,54.94959710219951,25.94959710219951
541486,61.0,54.94959710219951,-6.050402897800488
541537,4.0,54.94959710219951,50.94959710219951
541601,64.0,54.94959710219951,-9.050402897800488
541623,54.0,54.94959710219951,0.9495971021995118
541757,9.0,54.94959710219951,45.94959710219951
541776,56.0,54.94959710219951,-1.0504028978004882
541805,43.0,54.94959710219951,11.949597102199512
541817,3.0,54.94959710219951,51.94959710219951
541831,57.0,54.94959710219951,-2.0504028978004882
541850,32.0,54.94959710219951,22.94959710219951
542088,43.0,54.94959710219951,11.949597102199512
542092,12.0,32.71514350105437,20.71514350105437
542106,40.0,54.94959710219951,14.949597102199512
542111,26.0,54.94959710219951,28.94959710219951
542133,57.0,54.94959710219951,-2.0504028978004882
542224,5.0,54.94959710219951,49.94959710219951
542276,0.0,54.94959710219951,54.94959710219951
542286,57.0,54.94959710219951,-2.0504028978004882
542440,26.0,33.315439062121,7.315439062121001
542470,26.0,54.94959710219951,28.94959710219951
542491,61.0,54.94959710219951,-6.050402897800488
542498,23.0,33.315439062121,10.315439062121001
542576,69.0,54.94959710219951,-14.050402897800488
542642,59.0,54.94959710219951,-4.050402897800488
542708,4.0,54.94959710219951,50.94959710219951
542787,12.0,54.94959710219951,42.94959710219951
542842,68.0,54.94959710219951,-13.050402897800488
543141,59.0,54.94959710219951,-4.050402897800488
543163,5.0,54.94959710219951,49.94959710219951
543241,28.0,33.315439062121,5.315439062121001
543275,3.0,54.94959710219951,51.94959710219951
543332,26.0,32.71514350105437,6.715143501054371
543353,3.0,54.94959710219951,51.94959710219951
543372,2.0,54.94959710219951,52.94959710219951
543390,6.0,54.94959710219951,48.94959710219951
543403,26.0,54.94959710219951,28.94959710219951
543419,16.0,54.94959710219951,38.94959710219951
543482,44.0,54.94959710219951,10.949597102199512
543536,49.0,33.315439062121,-15.684560937878999
543573,59.0,54.94959710219951,-4.050402897800488
543651,40.0,54.94959710219951,14.949597102199512
543695,14.0,54.94959710219951,40.94959710219951
543931,11.0,54.94959710219951,43.94959710219951
543935,29.0,33.315439062121,4.315439062121001
544036,40.0,54.94959710219951,14.949597102199512
544125,19.0,54.94959710219951,35.94959710219951
544235,62.0,54.94959710219951,-7.050402897800488
544280,40.0,54.94959710219951,14.949597102199512
544298,47.0,54.94959710219951,7.949597102199512
544328,24.0,33.315439062121,9.315439062121001
544391,1.0,54.94959710219951,53.94959710219951
544435,28.0,54.94959710219951,26.94959710219951
544439,40.0,54.94959710219951,14.949597102199512
544721,47.0,54.94959710219951,7.949597102199512
544753,51.0,54.94959710219951,3.9495971021995118
544772,12.0,54.94959710219951,42.94959710219951
544806,5.0,54.94959710219951,49.94959710219951
544817,79.0,54.94959710219951,-24.05040289780049
544846,5.0,54.94959710219951,49.94959710219951
544905,44.0,54.94959710219951,10.949597102199512
544947,47.0,54.94959710219951,7.949597102199512
545106,33.0,54.94959710219951,21.94959710219951
545119,28.0,33.315439062121,5.315439062121001
545132,5.0,54.94959710219951,49.94959710219951
545153,6.0,54.94959710219951,48.94959710219951
545156,6.0,54.94959710219951,48.94959710219951
545259,5.0,54.94959710219951,49.94959710219951
545270,6.0,33.315439062121,27.315439062121
545297,21.0,54.94959710219951,33.94959710219951
545406,27.0,33.315439062121,6.315439062121001
545428,11.0,54.94959710219951,43.94959710219951
545525,26.0,54.94959710219951,28.94959710219951
545542,33.0,54.94959710219951,21.94959710219951
545592,48.0,54.94959710219951,6.949597102199512
545632,52.0,54.94959710219951,2.9495971021995118
545746,40.0,54.94959710219951,14.949597102199512
545814,44.0,54.94959710219951,10.949597102199512
545992,18.0,54.94959710219951,36.94959710219951
546291,60.0,54.94959710219951,-5.050402897800488
546384,31.0,33.315439062121,2.3154390621210013
546404,59.0,54.94959710219951,-4.050402897800488
546465,26.0,33.315439062121,7.315439062121001
546619,40.0,54.94959710219951,14.949597102199512
546663,26.0,54.94959710219951,28.94959710219951
546698,26.0,54.94959710219951,28.94959710219951
546773,45.0,54.94959710219951,9.949597102199512
546780,98.0,54.94959710219951,-43.05040289780049
546834,25.0,33.315439062121,8.315439062121001
546934,0.0,54.94959710219951,54.94959710219951
546975,5.0,54.94959710219951,49.94959710219951
546998,79.0,54.94959710219951,-24.05040289780049
547036,5.0,54.94959710219951,49.94959710219951
547044,26.0,54.94959710219951,28.94959710219951
547085,24.0,33.315439062121,9.315439062121001
547218,4.0,32.71514350105437,28.71514350105437
547311,9.0,54.94959710219951,45.94959710219951
547659,60.0,54.94959710219951,-5.050402897800488
547926,60.0,54.94959710219951,-5.050402897800488
547960,61.0,54.94959710219951,-6.050402897800488
547990,39.0,54.94959710219951,15.949597102199512
548030,55.0,54.94959710219951,-0.05040289780048823
548082,27.0,33.315439062121,6.315439062121001
548160,45.0,54.94959710219951,9.949597102199512
548174,12.0,32.71514350105437,20.71514350105437
548180,33.0,54.94959710219951,21.94959710219951
548275,45.0,54.94959710219951,9.949597102199512
548283,40.0,54.94959710219951,14.949597102199512
548461,59.0,54.94959710219951,-4.050402897800488
548488,48.0,54.94959710219951,6.949597102199512
548615,61.0,54.94959710219951,-6.050402897800488
548630,3.0,54.94959710219951,51.94959710219951
548756,5.0,54.94959710219951,49.94959710219951
548777,12.0,54.94959710219951,42.94959710219951
548778,4.0,54.94959710219951,50.94959710219951
548929,39.0,54.94959710219951,15.949597102199512
549088,5.0,54.94959710219951,49.94959710219951
549094,48.0,54.94959710219951,6.949597102199512
549106,55.0,54.94959710219951,-0.05040289780048823
549193,27.0,33.315439062121,6.315439062121001
549197,54.0,54.94959710219951,0.9495971021995118
549243,33.0,32.71514350105437,-0.28485649894562926
549330,28.0,54.94959710219951,26.94959710219951
549375,51.0,33.315439062121,-17.684560937879
549385,30.0,54.94959710219951,24.94959710219951
549481,36.0,54.94959710219951,18.94959710219951
549489,44.0,54.94959710219951,10.949597102199512
549549,20.0,54.94959710219951,34.94959710219951
549664,14.0,54.94959710219951,40.94959710219951
549733,26.0,54.94959710219951,28.94959710219951
549795,52.0,54.94959710219951,2.9495971021995118
549796,47.0,54.94959710219951,7.949597102199512
549813,30.0,54.94959710219951,24.94959710219951
549816,98.0,54.94959710219951,-43.05040289780049
549885,3.0,54.94959710219951,51.94959710219951
549923,23.0,33.315439062121,10.315439062121001
549936,46.0,54.94959710219951,8.949597102199512
549996,26.0,54.94959710219951,28.94959710219951
550053,41.0,54.94959710219951,13.949597102199512
550116,72.0,54.94959710219951,-17.05040289780049
550203,40.0,54.94959710219951,14.949597102199512
550243,25.0,33.315439062121,8.315439062121001
550260,59.0,54.94959710219951,-4.050402897800488
550265,56.0,54.94959710219951,-1.0504028978004882
550326,70.0,54.94959710219951,-15.050402897800488
550393,110.0,54.94959710219951,-55.05040289780049
550544,57.0,54.94959710219951,-2.0504028978004882
550693,12.0,54.94959710219951,42.94959710219951
550716,33.0,54.94959710219951,21.94959710219951
550757,28.0,54.94959710219951,26.94959710219951
550785,43.0,54.94959710219951,11.949597102199512
551014,60.0,54.94959710219951,-5.050402897800488
551075,1.0,54.94959710219951,53.94959710219951
551080,52.0,54.94959710219951,2.9495971021995118
551143,29.0,54.94959710219951,25.94959710219951
551146,54.0,54.94959710219951,0.9495971021995118
551267,30.0,54.94959710219951,24.94959710219951
551323,41.0,54.94959710219951,13.949597102199512
551328,51.0,54.94959710219951,3.9495971021995118
551343,2.0,54.94959710219951,52.94959710219951
551360,56.0,54.94959710219951,-1.0504028978004882
551606,3.0,54.94959710219951,51.94959710219951
551666,56.0,54.94959710219951,-1.0504028978004882
551839,5.0,32.71514350105437,27.71514350105437
551876,48.0,54.94959710219951,6.949597102199512
552085,24.0,33.315439062121,9.315439062121001
552123,52.0,54.94959710219951,2.9495971021995118
552197,40.0,54.94959710219951,14.949597102199512
552212,4.0,54.94959710219951,50.94959710219951
552238,40.0,54.94959710219951,14.949597102199512
552298,5.0,54.94959710219951,49.94959710219951
552500,19.0,33.315439062121,14.315439062121001
552515,73.0,54.94959710219951,-18.05040289780049
552591,30.0,33.315439062121,3.3154390621210013
552663,40.0,54.94959710219951,14.949597102199512
552727,59.0,54.94959710219951,-4.050402897800488
552831,49.0,54.94959710219951,5.949597102199512
552854,54.0,54.94959710219951,0.9495971021995118
553034,6.0,54.94959710219951,48.94959710219951
553108,12.0,54.94959710219951,42.94959710219951
553115,43.0,54.94959710219951,11.949597102199512
553159,43.0,54.94959710219951,11.949597102199512
553291,39.0,54.94959710219951,15.949597102199512
553387,13.0,54.94959710219951,41.94959710219951
553540,12.0,54.94959710219951,42.94959710219951
553591,29.0,33.315439062121,4.315439062121001
553593,19.0,54.94959710219951,35.94959710219951
553609,5.0,54.94959710219951,49.94959710219951
553688,51.0,54.94959710219951,3.9495971021995118
553690,5.0,54.94959710219951,49.94959710219951
553755,5.0,54.94959710219951,49.94959710219951
553772,26.0,54.94959710219951,28.94959710219951
553911,0.0,54.94959710219951,54.94959710219951
553934,0.0,54.94959710219951,54.94959710219951
553940,23.0,33.315439062121,10.315439062121001
554044,32.0,33.315439062121,1.3154390621210013
554066,5.0,54.94959710219951,49.94959710219951
554155,1.0,54.94959710219951,53.94959710219951
554227,28.0,33.315439062121,5.315439062121001
554271,56.0,54.94959710219951,-1.0504028978004882
554299,2.0,54.94959710219951,52.94959710219951
554331,55.0,54.94959710219951,-0.05040289780048823
554336,54.0,54.94959710219951,0.9495971021995118
554343,58.0,54.94959710219951,-3.0504028978004882
554501,40.0,54.94959710219951,14.949597102199512
554531,25.0,33.315439062121,8.315439062121001
554570,1.0,54.94959710219951,53.94959710219951
554579,43.0,54.94959710219951,11.949597102199512
554593,48.0,33.315439062121,-14.684560937878999
554630,39.0,54.94959710219951,15.949597102199512
554792,18.0,54.94959710219951,36.94959710219951
554842,37.0,33.315439062121,-3.6845609378789987
554864,12.0,54.94959710219951,42.94959710219951
554956,5.0,54.94959710219951,49.94959710219951
554973,64.0,54.94959710219951,-9.050402897800488
555090,54.0,54.94959710219951,0.9495971021995118
555109,61.0,54.94959710219951,-6.050402897800488
555112,3.0,54.94959710219951,51.94959710219951
555189,58.0,54.94959710219951,-3.0504028978004882
555215,58.0,54.94959710219951,-3.0504028978004882
555235,52.0,54.94959710219951,2.9495971021995118
555251,4.0,54.94959710219951,50.94959710219951
555413,4.0,54.94959710219951,50.94959710219951
555477,30.0,54.94959710219951,24.94959710219951
555603,45.0,54.94959710219951,9.949597102199512
555621,48.0,54.94959710219951,6.949597102199512
555658,27.0,33.315439062121,6.315439062121001
555740,47.0,54.94959710219951,7.949597102199512
555923,31.0,54.94959710219951,23.94959710219951
555957,19.0,54.94959710219951,35.94959710219951
556015,6.0,54.94959710219951,48.94959710219951
556057,21.0,54.94959710219951,33.94959710219951
556108,48.0,54.94959710219951,6.949597102199512
556261,26.0,54.94959710219951,28.94959710219951
556304,7.0,54.94959710219951,47.94959710219951
556319,1.0,54.94959710219951,53.94959710219951
556495,61.0,54.94959710219951,-6.050402897800488
556510,63.0,54.94959710219951,-8.050402897800488
556667,12.0,54.94959710219951,42.94959710219951
556690,5.0,54.94959710219951,49.94959710219951
556738,54.0,54.94959710219951,0.9495971021995118
556800,26.0,54.94959710219951,28.94959710219951
556886,2.0,54.94959710219951,52.94959710219951
557189,0.0,54.94959710219951,54.94959710219951
557295,48.0,54.94959710219951,6.949597102199512
557341,5.0,54.94959710219951,49.94959710219951
557583,62.0,54.94959710219951,-7.050402897800488
557709,26.0,54.94959710219951,28.94959710219951
557801,34.0,54.94959710219951,20.94959710219951
557817,64.0,54.94959710219951,-9.050402897800488
557983,61.0,54.94959710219951,-6.050402897800488
557998,43.0,54.94959710219951,11.949597102199512
558050,6.0,54.94959710219951,48.94959710219951
558080,61.0,54.94959710219951,-6.050402897800488
558081,58.0,54.94959710219951,-3.0504028978004882
558132,11.0,54.94959710219951,43.94959710219951
558168,26.0,33.315439062121,7.315439062121001
558175,39.0,54.94959710219951,15.949597102199512
558181,27.0,33.315439062121,6.315439062121001
558184,53.0,54.94959710219951,1.9495971021995118
558187,58.0,54.94959710219951,-3.0504028978004882
558352,40.0,54.94959710219951,14.949597102199512
558445,28.0,54.94959710219951,26.94959710219951
558600,5.0,54.94959710219951,49.94959710219951
558689,4.0,54.94959710219951,50.94959710219951
558714,45.0,54.94959710219951,9.949597102199512
558719,43.0,54.94959710219951,11.949597102199512
558775,44.0,54.94959710219951,10.949597102199512
558778,28.0,54.94959710219951,26.94959710219951
558843,5.0,32.71514350105437,27.71514350105437
558855,26.0,54.94959710219951,28.94959710219951
558860,59.0,54.94959710219951,-4.050402897800488
558911,27.0,54.94959710219951,27.94959710219951
558944,36.0,54.94959710219951,18.94959710219951
558970,2.0,54.94959710219951,52.94959710219951
559016,25.0,33.315439062121,8.315439062121001
559049,60.0,54.94959710219951,-5.050402897800488
559110,28.0,33.315439062121,5.315439062121001
559277,28.0,54.94959710219951,26.94959710219951
559349,5.0,54.94959710219951,49.94959710219951
559356,40.0,33.315439062121,-6.684560937878999
559456,50.0,54.94959710219951,4.949597102199512
559719,47.0,54.94959710219951,7.949597102199512
559736,4.0,54.94959710219951,50.94959710219951
559737,30.0,54.94959710219951,24.94959710219951
559835,58.0,54.94959710219951,-3.0504028978004882
559854,11.0,54.94959710219951,43.94959710219951
560044,11.0,54.94959710219951,43.94959710219951
560183,49.0,54.94959710219951,5.949597102199512
560218,2.0,54.94959710219951,52.94959710219951
560254,27.0,54.94959710219951,27.94959710219951
560340,12.0,54.94959710219951,42.94959710219951
560400,28.0,54.94959710219951,26.94959710219951
560407,60.0,54.94959710219951,-5.050402897800488
560479,28.0,54.94959710219951,26.94959710219951
560517,58.0,54.94959710219951,-3.0504028978004882
560532,47.0,54.94959710219951,7.949597102199512
560535,15.0,54.94959710219951,39.94959710219951
560709,59.0,54.94959710219951,-4.050402897800488
560800,30.0,54.94959710219951,24.94959710219951
560812,13.0,54.94959710219951,41.94959710219951
560820,58.0,54.94959710219951,-3.0504028978004882
560977,5.0,54.94959710219951,49.94959710219951
561048,5.0,54.94959710219951,49.94959710219951
561077,40.0,54.94959710219951,14.949597102199512
561237,5.0,54.94959710219951,49.94959710219951
561262,3.0,33.315439062121,30.315439062121
561335,28.0,54.94959710219951,26.94959710219951
561392,26.0,33.315439062121,7.315439062121001
561451,58.0,54.94959710219951,-3.0504028978004882
561499,12.0,32.71514350105437,20.71514350105437
561507,55.0,54.94959710219951,-0.05040289780048823
561538,44.0,54.94959710219951,10.949597102199512
561580,42.0,54.94959710219951,12.949597102199512
561686,20.0,54.94959710219951,34.94959710219951
561737,26.0,33.315439062121,7.315439062121001
561835,62.0,54.94959710219951,-7.050402897800488
561847,47.0,54.94959710219951,7.949597102199512
561977,27.0,33.315439062121,6.315439062121001
562033,25.0,54.94959710219951,29.94959710219951
562196,26.0,54.94959710219951,28.94959710219951
562277,5.0,32.71514350105437,27.71514350105437
562289,53.0,54.94959710219951,1.9495971021995118
562426,40.0,54.94959710219951,14.949597102199512
562440,39.0,33.315439062121,-5.684560937878999
562597,61.0,54.94959710219951,-6.050402897800488
562655,58.0,54.94959710219951,-3.0504028978004882
562658,31.0,33.315439062121,2.3154390621210013
562712,27.0,33.315439062121,6.315439062121001
562722,5.0,54.94959710219951,49.94959710219951
562771,61.0,54.94959710219951,-6.050402897800488
562784,48.0,54.94959710219951,6.949597102199512
562805,59.0,54.94959710219951,-4.050402897800488
562828,7.0,54.94959710219951,47.94959710219951
562884,60.0,54.94959710219951,-5.050402897800488
562939,39.0,54.94959710219951,15.949597102199512
562951,26.0,54.94959710219951,28.94959710219951
563189,33.0,54.94959710219951,21.94959710219951
563235,41.0,54.94959710219951,13.949597102199512
563239,38.0,32.71514350105437,-5.284856498945629
563277,40.0,54.94959710219951,14.949597102199512
563321,60.0,54.94959710219951,-5.050402897800488
563396,42.0,54.94959710219951,12.949597102199512
563474,39.0,33.315439062121,-5.684560937878999
563605,4.0,54.94959710219951,50.94959710219951
563612,5.0,54.94959710219951,49.94959710219951
563616,34.0,54.94959710219951,20.94959710219951
563636,45.0,54.94959710219951,9.949597102199512
563703,47.0,54.94959710219951,7.949597102199512
563741,30.0,33.315439062121,3.3154390621210013
563799,47.0,54.94959710219951,7.949597102199512
563841,27.0,54.94959710219951,27.94959710219951
563975,41.0,54.94959710219951,13.949597102199512
564067,73.0,54.94959710219951,-18.05040289780049
564251,59.0,54.94959710219951,-4.050402897800488
564261,58.0,54.94959710219951,-3.0504028978004882
564276,24.0,33.315439062121,9.315439062121001
564286,2.0,32.71514350105437,30.71514350105437
564327,25.0,33.315439062121,8.315439062121001
564333,41.0,54.94959710219951,13.949597102199512
564377,10.0,54.94959710219951,44.94959710219951
564433,26.0,54.94959710219951,28.94959710219951
564458,44.0,54.94959710219951,10.949597102199512
564507,24.0,33.315439062121,9.315439062121001
564558,3.0,54.94959710219951,51.94959710219951
564588,58.0,54.94959710219951,-3.0504028978004882
564590,43.0,54.94959710219951,11.949597102199512
564602,33.0,54.94959710219951,21.94959710219951
564749,54.0,54.94959710219951,0.9495971021995118
564827,3.0,54.94959710219951,51.94959710219951
564853,21.0,33.315439062121,12.315439062121001
564937,88.0,54.94959710219951,-33.05040289780049
564962,30.0,54.94959710219951,24.94959710219951
564996,40.0,54.94959710219951,14.949597102199512
565037,40.0,54.94959710219951,14.949597102199512
565244,44.0,54.94959710219951,10.949597102199512
565283,3.0,54.94959710219951,51.94959710219951
565321,61.0,54.94959710219951,-6.050402897800488
565352,61.0,54.94959710219951,-6.050402897800488
565391,32.0,54.94959710219951,22.94959710219951
565456,41.0,54.94959710219951,13.949597102199512
565460,6.0,54.94959710219951,48.94959710219951
565485,62.0,54.94959710219951,-7.050402897800488
565536,60.0,54.94959710219951,-5.050402897800488
565635,69.0,54.94959710219951,-14.050402897800488
565660,49.0,54.94959710219951,5.949597102199512
565710,54.0,54.94959710219951,0.9495971021995118
565882,7.0,54.94959710219951,47.94959710219951
565885,40.0,54.94959710219951,14.949597102199512
565941,60.0,54.94959710219951,-5.050402897800488
565994,53.0,54.94959710219951,1.9495971021995118
566023,48.0,54.94959710219951,6.949597102199512
566087,5.0,54.94959710219951,49.94959710219951
566114,40.0,54.94959710219951,14.949597102199512
566158,39.0,54.94959710219951,15.949597102199512
566177,34.0,54.94959710219951,20.94959710219951
566291,23.0,54.94959710219951,31.94959710219951
566297,37.0,54.94959710219951,17.94959710219951
566604,12.0,54.94959710219951,42.94959710219951
566673,4.0,54.94959710219951,50.94959710219951
566792,26.0,33.315439062121,7.315439062121001
566815,24.0,33.315439062121,9.315439062121001
566878,28.0,54.94959710219951,26.94959710219951
566883,24.0,33.315439062121,9.315439062121001
567089,5.0,54.94959710219951,49.94959710219951
567157,5.0,32.71514350105437,27.71514350105437
567180,12.0,54.94959710219951,42.94959710219951
567279,54.0,54.94959710219951,0.9495971021995118
567591,61.0,54.94959710219951,-6.050402897800488
567609,40.0,54.94959710219951,14.949597102199512
567666,85.0,54.94959710219951,-30.05040289780049
567737,13.0,54.94959710219951,41.94959710219951
567850,66.0,54.94959710219951,-11.050402897800488
567937,33.0,33.315439062121,0.31543906212100126
567973,43.0,54.94959710219951,11.949597102199512
568018,49.0,54.94959710219951,5.949597102199512
568101,28.0,54.94959710219951,26.94959710219951
568215,82.0,54.94959710219951,-27.05040289780049
568217,55.0,54.94959710219951,-0.05040289780048823
568256,60.0,54.94959710219951,-5.050402897800488
568326,25.0,33.315439062121,8.315439062121001
568330,39.0,54.94959710219951,15.949597102199512
568406,12.0,54.94959710219951,42.94959710219951
568439,62.0,54.94959710219951,-7.050402897800488
568456,58.0,54.94959710219951,-3.0504028978004882
568460,40.0,54.94959710219951,14.949597102199512
568472,33.0,54.94959710219951,21.94959710219951
568474,24.0,33.315439062121,9.315439062121001
568507,54.0,54.94959710219951,0.9495971021995118
568518,55.0,54.94959710219951,-0.05040289780048823
568520,25.0,33.315439062121,8.315439062121001
568603,5.0,54.94959710219951,49.94959710219951
568613,7.0,54.94959710219951,47.94959710219951
568625,58.0,54.94959710219951,-3.0504028978004882
568762,40.0,54.94959710219951,14.949597102199512
569008,5.0,54.94959710219951,49.94959710219951
569045,11.0,54.94959710219951,43.94959710219951
569106,28.0,33.315439062121,5.315439062121001
569135,56.0,54.94959710219951,-1.0504028978004882
569145,26.0,33.315439062121,7.315439062121001
569198,5.0,54.94959710219951,49.94959710219951
569414,41.0,54.94959710219951,13.949597102199512
569415,88.0,54.94959710219951,-33.05040289780049
569447,58.0,54.94959710219951,-3.0504028978004882
569460,58.0,54.94959710219951,-3.0504028978004882
569555,5.0,54.94959710219951,49.94959710219951
569627,107.0,54.94959710219951,-52.05040289780049
569634,28.0,54.94959710219951,26.94959710219951
569661,45.0,54.94959710219951,9.949597102199512
569676,28.0,54.94959710219951,26.94959710219951
569686,24.0,54.94959710219951,30.94959710219951
569822,39.0,54.94959710219951,15.949597102199512
569826,53.0,54.94959710219951,1.9495971021995118
569893,86.0,54.94959710219951,-31.05040289780049
569898,50.0,54.94959710219951,4.949597102199512
569949,47.0,54.94959710219951,7.949597102199512
570015,17.0,33.315439062121,16.315439062121
570124,9.0,54.94959710219951,45.94959710219951
570158,1.0,54.94959710219951,53.94959710219951
570334,40.0,54.94959710219951,14.949597102199512
570362,5.0,54.94959710219951,49.94959710219951
570385,61.0,54.94959710219951,-6.050402897800488
570392,58.0,54.94959710219951,-3.0504028978004882
570425,57.0,54.94959710219951,-2.0504028978004882
570489,22.0,54.94959710219951,32.94959710219951
570576,54.0,54.94959710219951,0.9495971021995118
570616,22.0,33.315439062121,11.315439062121001
570678,61.0,54.94959710219951,-6.050402897800488
570679,60.0,54.94959710219951,-5.050402897800488
570756,15.0,54.94959710219951,39.94959710219951
570822,55.0,54.94959710219951,-0.05040289780048823
570847,6.0,54.94959710219951,48.94959710219951
570853,40.0,54.94959710219951,14.949597102199512
570859,36.0,54.94959710219951,18.94959710219951
570885,30.0,54.94959710219951,24.94959710219951
570985,58.0,54.94959710219951,-3.0504028978004882
571113,28.0,33.315439062121,5.315439062121001
571127,40.0,54.94959710219951,14.949597102199512
571130,46.0,54.94959710219951,8.949597102199512
571164,35.0,33.315439062121,-1.6845609378789987
571254,47.0,54.94959710219951,7.949597102199512
571261,27.0,33.315439062121,6.315439062121001
571303,32.0,54.94959710219951,22.94959710219951
571313,27.0,33.315439062121,6.315439062121001
571326,12.0,54.94959710219951,42.94959710219951
571327,54.0,54.94959710219951,0.9495971021995118
571348,33.0,54.94959710219951,21.94959710219951
571386,3.0,54.94959710219951,51.94959710219951
571424,5.0,54.94959710219951,49.94959710219951
571469,28.0,54.94959710219951,26.94959710219951
571481,40.0,54.94959710219951,14.949597102199512
571495,40.0,54.94959710219951,14.949597102199512
571512,13.0,54.94959710219951,41.94959710219951
571547,5.0,54.94959710219951,49.94959710219951
571551,58.0,54.94959710219951,-3.0504028978004882
571662,33.0,32.71514350105437,-0.28485649894562926
571712,5.0,54.94959710219951,49.94959710219951
571768,5.0,54.94959710219951,49.94959710219951
571872,27.0,33.315439062121,6.315439062121001
572001,0.0,54.94959710219951,54.94959710219951
572146,138.0,54.94959710219951,-83.0504028978005
572204,112.0,54.94959710219951,-57.05040289780049
572226,18.0,54.94959710219951,36.94959710219951
572249,51.0,54.94959710219951,3.9495971021995118
572257,28.0,54.94959710219951,26.94959710219951
572283,27.0,33.315439062121,6.315439062121001
572292,5.0,54.94959710219951,49.94959710219951
572363,48.0,54.94959710219951,6.949597102199512
572483,30.0,54.94959710219951,24.94959710219951
572527,10.0,54.94959710219951,44.94959710219951
572572,5.0,54.94959710219951,49.94959710219951
572583,24.0,33.315439062121,9.315439062121001
572600,26.0,54.94959710219951,28.94959710219951
572791,20.0,54.94959710219951,34.94959710219951
572897,47.0,54.94959710219951,7.949597102199512
572938,12.0,32.71514350105437,20.71514350105437
573313,44.0,54.94959710219951,10.949597102199512
573328,19.0,32.71514350105437,13.71514350105437
573358,43.0,54.94959710219951,11.949597102199512
573379,19.0,32.71514350105437,13.71514350105437
573399,58.0,54.94959710219951,-3.0504028978004882
573429,29.0,54.94959710219951,25.94959710219951
573650,44.0,54.94959710219951,10.949597102199512
573724,62.0,54.94959710219951,-7.050402897800488
573749,4.0,54.94959710219951,50.94959710219951
573845,4.0,54.94959710219951,50.94959710219951
573853,26.0,54.94959710219951,28.94959710219951
573949,53.0,54.94959710219951,1.9495971021995118
574248,39.0,54.94959710219951,15.949597102199512
574289,60.0,54.94959710219951,-5.050402897800488
574300,42.0,54.94959710219951,12.949597102199512
574352,2.0,54.94959710219951,52.94959710219951
574427,35.0,54.94959710219951,19.94959710219951
574430,88.0,54.94959710219951,-33.05040289780049
574612,31.0,33.315439062121,2.3154390621210013
574641,47.0,54.94959710219951,7.949597102199512
574715,12.0,54.94959710219951,42.94959710219951
574750,28.0,54.94959710219951,26.94959710219951
574792,27.0,54.94959710219951,27.94959710219951
574871,54.0,54.94959710219951,0.9495971021995118
574918,7.0,54.94959710219951,47.94959710219951
574977,43.0,54.94959710219951,11.949597102199512
575128,24.0,33.315439062121,9.315439062121001
575165,31.0,33.315439062121,2.3154390621210013
575250,29.0,54.94959710219951,25.94959710219951
575267,28.0,33.315439062121,5.315439062121001
575278,30.0,54.94959710219951,24.94959710219951
575404,61.0,54.94959710219951,-6.050402897800488
575442,64.0,54.94959710219951,-9.050402897800488
575455,12.0,32.71514350105437,20.71514350105437
575529,12.0,32.71514350105437,20.71514350105437
575577,32.0,54.94959710219951,22.94959710219951
575602,33.0,54.94959710219951,21.94959710219951
575649,31.0,54.94959710219951,23.94959710219951
575921,5.0,54.94959710219951,49.94959710219951
576059,49.0,54.94959710219951,5.949597102199512
576081,5.0,32.71514350105437,27.71514350105437
576134,59.0,54.94959710219951,-4.050402897800488
576161,23.0,54.94959710219951,31.94959710219951
576295,60.0,54.94959710219951,-5.050402897800488
576302,59.0,54.94959710219951,-4.050402897800488
576332,58.0,54.94959710219951,-3.0504028978004882
576397,91.0,33.315439062121,-57.684560937879
576435,55.0,54.94959710219951,-0.05040289780048823
576450,4.0,54.94959710219951,50.94959710219951
576479,5.0,54.94959710219951,49.94959710219951
576529,8.0,32.71514350105437,24.71514350105437
576563,54.0,54.94959710219951,0.9495971021995118
576592,39.0,54.94959710219951,15.949597102199512
576637,57.0,54.94959710219951,-2.0504028978004882
576701,36.0,54.94959710219951,18.94959710219951
576814,41.0,54.94959710219951,13.949597102199512
576936,5.0,54.94959710219951,49.94959710219951
577177,60.0,54.94959710219951,-5.050402897800488
577262,5.0,54.94959710219951,49.94959710219951
577576,42.0,54.94959710219951,12.949597102199512
577709,34.0,54.94959710219951,20.94959710219951
577724,5.0,54.94959710219951,49.94959710219951
577809,3.0,54.94959710219951,51.94959710219951
577896,5.0,33.315439062121,28.315439062121
577919,3.0,54.94959710219951,51.94959710219951
577992,47.0,54.94959710219951,7.949597102199512
578070,12.0,54.94959710219951,42.94959710219951
578081,5.0,54.94959710219951,49.94959710219951
578100,54.0,54.94959710219951,0.9495971021995118
578116,0.0,54.94959710219951,54.94959710219951
578154,3.0,54.94959710219951,51.94959710219951
578171,49.0,33.315439062121,-15.684560937878999
578186,60.0,54.94959710219951,-5.050402897800488
578229,3.0,54.94959710219951,51.94959710219951
578230,4.0,54.94959710219951,50.94959710219951
578238,54.0,54.94959710219951,0.9495971021995118
578329,4.0,32.71514350105437,28.71514350105437
578370,26.0,54.94959710219951,28.94959710219951
578483,58.0,54.94959710219951,-3.0504028978004882
578506,58.0,54.94959710219951,-3.0504028978004882
578544,14.0,54.94959710219951,40.94959710219951
578550,5.0,54.94959710219951,49.94959710219951
578595,6.0,33.315439062121,27.315439062121
578600,44.0,54.94959710219951,10.949597102199512
578649,58.0,54.94959710219951,-3.0504028978004882
578739,0.0,54.94959710219951,54.94959710219951
578773,47.0,54.94959710219951,7.949597102199512
578815,25.0,33.315439062121,8.315439062121001
578858,52.0,54.94959710219951,2.9495971021995118
578862,39.0,54.94959710219951,15.949597102199512
578875,54.0,54.94959710219951,0.9495971021995118
579028,29.0,33.315439062121,4.315439062121001
579076,25.0,54.94959710219951,29.94959710219951
579207,26.0,54.94959710219951,28.94959710219951
579326,41.0,54.94959710219951,13.949597102199512
579341,60.0,54.94959710219951,-5.050402897800488
579342,47.0,54.94959710219951,7.949597102199512
579518,39.0,54.94959710219951,15.949597102199512
579545,53.0,54.94959710219951,1.9495971021995118
579623,14.0,54.94959710219951,40.94959710219951
579744,5.0,54.94959710219951,49.94959710219951
579746,7.0,32.71514350105437,25.71514350105437
579781,47.0,54.94959710219951,7.949597102199512
579930,45.0,54.94959710219951,9.949597102199512
580070,45.0,54.94959710219951,9.949597102199512
580074,30.0,54.94959710219951,24.94959710219951
580090,29.0,33.315439062121,4.315439062121001
580119,68.0,54.94959710219951,-13.050402897800488
580304,1.0,54.94959710219951,53.94959710219951
580349,53.0,54.94959710219951,1.9495971021995118
580363,35.0,54.94959710219951,19.94959710219951
580398,5.0,54.94959710219951,49.94959710219951
580411,28.0,54.94959710219951,26.94959710219951
580485,61.0,54.94959710219951,-6.050402897800488
580625,43.0,54.94959710219951,11.949597102199512
580640,40.0,54.94959710219951,14.949597102199512
580756,30.0,54.94959710219951,24.94959710219951
580833,40.0,54.94959710219951,14.949597102199512
580857,48.0,33.315439062121,-14.684560937878999
581063,29.0,33.315439062121,4.315439062121001
581183,50.0,54.94959710219951,4.949597102199512
581187,0.0,54.94959710219951,54.94959710219951
581260,33.0,54.94959710219951,21.94959710219951
581326,6.0,54.94959710219951,48.94959710219951
581691,28.0,54.94959710219951,26.94959710219951
581923,47.0,33.315439062121,-13.684560937878999
581933,27.0,33.315439062121,6.315439062121001
581970,58.0,54.94959710219951,-3.0504028978004882
581980,50.0,54.94959710219951,4.949597102199512
582039,0.0,54.94959710219951,54.94959710219951
582382,22.0,33.315439062121,11.315439062121001
582389,40.0,54.94959710219951,14.949597102199512
582481,33.0,54.94959710219951,21.94959710219951
582486,39.0,54.94959710219951,15.949597102199512
582540,43.0,54.94959710219951,11.949597102199512
582625,26.0,33.315439062121,7.315439062121001
582691,26.0,33.315439062121,7.315439062121001
582732,79.0,33.315439062121,-45.684560937879
582740,3.0,54.94959710219951,51.94959710219951
582750,24.0,33.315439062121,9.315439062121001
582817,55.0,54.94959710219951,-0.05040289780048823
582931,36.0,54.94959710219951,18.94959710219951
582993,40.0,33.315439062121,-6.684560937878999
583083,58.0,54.94959710219951,-3.0504028978004882
583133,58.0,54.94959710219951,-3.0504028978004882
583225,54.0,54.94959710219951,0.9495971021995118
583270,26.0,54.94959710219951,28.94959710219951
583329,6.0,54.94959710219951,48.94959710219951
583349,55.0,54.94959710219951,-0.05040289780048823
583371,5.0,54.94959710219951,49.94959710219951
583387,13.0,54.94959710219951,41.94959710219951
583488,48.0,54.94959710219951,6.949597102199512
583540,59.0,54.94959710219951,-4.050402897800488
583546,58.0,54.94959710219951,-3.0504028978004882
583559,33.0,54.94959710219951,21.94959710219951
583626,27.0,33.315439062121,6.315439062121001
583669,3.0,54.94959710219951,51.94959710219951
583683,12.0,32.71514350105437,20.71514350105437
583701,58.0,54.94959710219951,-3.0504028978004882
583864,39.0,54.94959710219951,15.949597102199512
583920,5.0,54.94959710219951,49.94959710219951
583935,40.0,54.94959710219951,14.949597102199512
583982,5.0,54.94959710219951,49.94959710219951
584153,51.0,33.315439062121,-17.684560937879
584215,5.0,32.71514350105437,27.71514350105437
584260,59.0,54.94959710219951,-4.050402897800488
584404,25.0,54.94959710219951,29.94959710219951
584504,29.0,54.94959710219951,25.94959710219951
584520,51.0,54.94959710219951,3.9495971021995118
584521,4.0,54.94959710219951,50.94959710219951
584537,24.0,33.315439062121,9.315439062121001
584571,54.0,54.94959710219951,0.9495971021995118
584676,54.0,54.94959710219951,0.9495971021995118
584950,40.0,54.94959710219951,14.949597102199512
585035,23.0,33.315439062121,10.315439062121001
585183,58.0,54.94959710219951,-3.0504028978004882
585205,42.0,54.94959710219951,12.949597102199512
585238,26.0,33.315439062121,7.315439062121001
585269,31.0,54.94959710219951,23.94959710219951
585281,59.0,54.94959710219951,-4.050402897800488
585290,26.0,54.94959710219951,28.94959710219951
585306,58.0,54.94959710219951,-3.0504028978004882
585350,40.0,54.94959710219951,14.949597102199512
585473,54.0,54.94959710219951,0.9495971021995118
585601,61.0,54.94959710219951,-6.050402897800488
585697,4.0,32.71514350105437,28.71514350105437
585780,61.0,54.94959710219951,-6.050402897800488
585845,1.0,32.71514350105437,31.71514350105437
585905,12.0,54.94959710219951,42.94959710219951
586065,5.0,54.94959710219951,49.94959710219951
586066,31.0,54.94959710219951,23.94959710219951
586115,42.0,54.94959710219951,12.949597102199512
586153,40.0,54.94959710219951,14.949597102199512
586199,26.0,32.71514350105437,6.715143501054371
586200,4.0,54.94959710219951,50.94959710219951
586296,5.0,54.94959710219951,49.94959710219951
586322,55.0,54.94959710219951,-0.05040289780048823
586412,37.0,54.94959710219951,17.94959710219951
586485,47.0,54.94959710219951,7.949597102199512
586693,62.0,54.94959710219951,-7.050402897800488
586739,5.0,54.94959710219951,49.94959710219951
586875,54.0,54.94959710219951,0.9495971021995118
586916,43.0,54.94959710219951,11.949597102199512
586978,2.0,54.94959710219951,52.94959710219951
587001,27.0,54.94959710219951,27.94959710219951
587016,37.0,54.94959710219951,17.94959710219951
587025,50.0,54.94959710219951,4.949597102199512
587103,14.0,54.94959710219951,40.94959710219951
587205,28.0,54.94959710219951,26.94959710219951
587295,44.0,54.94959710219951,10.949597102199512
587301,24.0,33.315439062121,9.315439062121001
587383,7.0,54.94959710219951,47.94959710219951
587408,6.0,54.94959710219951,48.94959710219951
587437,6.0,54.94959710219951,48.94959710219951
587489,60.0,54.94959710219951,-5.050402897800488
587495,26.0,33.315439062121,7.315439062121001
587511,68.0,54.94959710219951,-13.050402897800488
587535,50.0,54.94959710219951,4.949597102199512
587577,59.0,54.94959710219951,-4.050402897800488
587624,3.0,54.94959710219951,51.94959710219951
587676,25.0,54.94959710219951,29.94959710219951
587697,0.0,54.94959710219951,54.94959710219951
587830,12.0,32.71514350105437,20.71514350105437
587859,57.0,54.94959710219951,-2.0504028978004882
587905,28.0,54.94959710219951,26.94959710219951
588032,4.0,54.94959710219951,50.94959710219951
588107,33.0,54.94959710219951,21.94959710219951
588108,28.0,54.94959710219951,26.94959710219951
588113,27.0,33.315439062121,6.315439062121001
588216,50.0,54.94959710219951,4.949597102199512
588267,64.0,54.94959710219951,-9.050402897800488
588280,25.0,54.94959710219951,29.94959710219951
588341,54.0,54.94959710219951,0.9495971021995118
588343,12.0,32.71514350105437,20.71514350105437
588415,6.0,54.94959710219951,48.94959710219951
588417,28.0,54.94959710219951,26.94959710219951
588437,54.0,54.94959710219951,0.9495971021995118
588439,42.0,54.94959710219951,12.949597102199512
588450,43.0,32.71514350105437,-10.28485649894563
588545,36.0,54.94959710219951,18.94959710219951
588553,58.0,54.94959710219951,-3.0504028978004882
588571,46.0,54.94959710219951,8.949597102199512
588620,50.0,54.94959710219951,4.949597102199512
588637,54.0,54.94959710219951,0.9495971021995118
588814,49.0,54.94959710219951,5.949597102199512
589060,5.0,54.94959710219951,49.94959710219951
589417,48.0,54.94959710219951,6.949597102199512
589507,58.0,54.94959710219951,-3.0504028978004882
589541,39.0,54.94959710219951,15.949597102199512
589636,7.0,54.94959710219951,47.94959710219951
589640,27.0,33.315439062121,6.315439062121001
589643,38.0,54.94959710219951,16.94959710219951
589724,58.0,54.94959710219951,-3.0504028978004882
589733,39.0,54.94959710219951,15.949597102199512
589806,5.0,54.94959710219951,49.94959710219951
589848,60.0,54.94959710219951,-5.050402897800488
589859,41.0,54.94959710219951,13.949597102199512
589893,28.0,54.94959710219951,26.94959710219951
589899,24.0,33.315439062121,9.315439062121001
589913,33.0,32.71514350105437,-0.28485649894562926
589952,29.0,54.94959710219951,25.94959710219951
590011,45.0,54.94959710219951,9.949597102199512
590026,31.0,54.94959710219951,23.94959710219951
590416,19.0,32.71514350105437,13.71514350105437
590501,58.0,54.94959710219951,-3.0504028978004882
590599,5.0,54.94959710219951,49.94959710219951
590626,5.0,54.94959710219951,49.94959710219951
590679,50.0,54.94959710219951,4.949597102199512
590767,55.0,54.94959710219951,-0.05040289780048823
591109,47.0,54.94959710219951,7.949597102199512
591123,30.0,54.94959710219951,24.94959710219951
591319,58.0,54.94959710219951,-3.0504028978004882
591336,45.0,54.94959710219951,9.949597102199512
591458,72.0,54.94959710219951,-17.05040289780049
591619,43.0,54.94959710219951,11.949597102199512
591853,32.0,54.94959710219951,22.94959710219951
591887,27.0,54.94959710219951,27.94959710219951
591900,19.0,54.94959710219951,35.94959710219951
591927,58.0,54.94959710219951,-3.0504028978004882
592003,97.0,54.94959710219951,-42.05040289780049
592102,4.0,54.94959710219951,50.94959710219951
592178,6.0,54.94959710219951,48.94959710219951
592186,43.0,54.94959710219951,11.949597102199512
592300,69.0,54.94959710219951,-14.050402897800488
592305,5.0,54.94959710219951,49.94959710219951
592414,49.0,54.94959710219951,5.949597102199512
592473,33.0,54.94959710219951,21.94959710219951
592488,26.0,54.94959710219951,28.94959710219951
592495,40.0,54.94959710219951,14.949597102199512
592655,19.0,32.71514350105437,13.71514350105437
592683,62.0,54.94959710219951,-7.050402897800488
592827,35.0,54.94959710219951,19.94959710219951
592969,18.0,54.94959710219951,36.94959710219951
592982,40.0,54.94959710219951,14.949597102199512
593018,13.0,54.94959710219951,41.94959710219951
593248,30.0,54.94959710219951,24.94959710219951
593319,60.0,54.94959710219951,-5.050402897800488
593328,92.0,54.94959710219951,-37.05040289780049
593369,28.0,33.315439062121,5.315439062121001
593415,16.0,54.94959710219951,38.94959710219951
593520,2.0,54.94959710219951,52.94959710219951
593634,58.0,54.94959710219951,-3.0504028978004882
593699,26.0,54.94959710219951,28.94959710219951
593738,30.0,54.94959710219951,24.94959710219951
593863,41.0,54.94959710219951,13.949597102199512
593916,6.0,54.94959710219951,48.94959710219951
593979,65.0,54.94959710219951,-10.050402897800488
594055,40.0,54.94959710219951,14.949597102199512
594083,19.0,54.94959710219951,35.94959710219951
594206,70.0,54.94959710219951,-15.050402897800488
594298,30.0,54.94959710219951,24.94959710219951
594357,1.0,54.94959710219951,53.94959710219951
594367,26.0,54.94959710219951,28.94959710219951
594460,39.0,54.94959710219951,15.949597102199512
594490,40.0,54.94959710219951,14.949597102199512
594932,41.0,33.315439062121,-7.684560937878999
594977,61.0,54.94959710219951,-6.050402897800488
595051,5.0,32.71514350105437,27.71514350105437
595100,24.0,33.315439062121,9.315439062121001
595249,5.0,54.94959710219951,49.94959710219951
595334,58.0,54.94959710219951,-3.0504028978004882
595402,46.0,54.94959710219951,8.949597102199512
595455,40.0,54.94959710219951,14.949597102199512
595516,3.0,54.94959710219951,51.94959710219951
595536,25.0,33.315439062121,8.315439062121001
595573,5.0,54.94959710219951,49.94959710219951
595576,25.0,54.94959710219951,29.94959710219951
595617,47.0,54.94959710219951,7.949597102199512
595636,45.0,54.94959710219951,9.949597102199512
595683,28.0,33.315439062121,5.315439062121001
595709,5.0,54.94959710219951,49.94959710219951
595791,41.0,54.94959710219951,13.949597102199512
595794,30.0,54.94959710219951,24.94959710219951
595829,46.0,54.94959710219951,8.949597102199512
595924,25.0,54.94959710219951,29.94959710219951
595986,59.0,54.94959710219951,-4.050402897800488
596001,18.0,32.71514350105437,14.71514350105437
596066,56.0,54.94959710219951,-1.0504028978004882
596265,56.0,54.94959710219951,-1.0504028978004882
596290,25.0,33.315439062121,8.315439062121001
596346,17.0,54.94959710219951,37.94959710219951
596389,61.0,54.94959710219951,-6.050402897800488
596568,0.0,54.94959710219951,54.94959710219951
596630,27.0,33.315439062121,6.315439062121001
596681,47.0,54.94959710219951,7.949597102199512
596751,59.0,54.94959710219951,-4.050402897800488
596781,59.0,54.94959710219951,-4.050402897800488
596860,50.0,33.315439062121,-16.684560937879
596916,60.0,54.94959710219951,-5.050402897800488
597017,5.0,54.94959710219951,49.94959710219951
597038,3.0,33.315439062121,30.315439062121
597122,43.0,54.94959710219951,11.949597102199512
597161,5.0,32.71514350105437,27.71514350105437
597177,58.0,54.94959710219951,-3.0504028978004882
597258,16.0,54.94959710219951,38.94959710219951
597303,40.0,54.94959710219951,14.949597102199512
597329,27.0,33.315439062121,6.315439062121001
597429,40.0,54.94959710219951,14.949597102199512
597440,61.0,54.94959710219951,-6.050402897800488
597455,25.0,54.94959710219951,29.94959710219951
597494,29.0,54.94959710219951,25.94959710219951
597513,28.0,33.315439062121,5.315439062121001
597653,29.0,54.94959710219951,25.94959710219951
597822,19.0,33.315439062121,14.315439062121001
597848,35.0,54.94959710219951,19.94959710219951
597910,27.0,33.315439062121,6.315439062121001
597946,38.0,54.94959710219951,16.94959710219951
597947,4.0,54.94959710219951,50.94959710219951
597974,24.0,33.315439062121,9.315439062121001
598033,38.0,54.94959710219951,16.94959710219951
598043,6.0,54.94959710219951,48.94959710219951
598066,43.0,54.94959710219951,11.949597102199512
598109,54.0,54.94959710219951,0.9495971021995118
598211,22.0,33.315439062121,11.315439062121001
598266,45.0,54.94959710219951,9.949597102199512
598308,27.0,33.315439062121,6.315439062121001
598502,54.0,54.94959710219951,0.9495971021995118
598632,60.0,54.94959710219951,-5.050402897800488
598661,48.0,54.94959710219951,6.949597102199512
598708,48.0,54.94959710219951,6.949597102199512
598747,32.0,54.94959710219951,22.94959710219951
598792,37.0,54.94959710219951,17.94959710219951
598808,10.0,32.71514350105437,22.71514350105437
598863,38.0,54.94959710219951,16.94959710219951
598872,51.0,54.94959710219951,3.9495971021995118
598935,140.0,54.94959710219951,-85.0504028978005
598958,7.0,54.94959710219951,47.94959710219951
599007,12.0,54.94959710219951,42.94959710219951
599116,5.0,54.94959710219951,49.94959710219951
599138,64.0,54.94959710219951,-9.050402897800488
599161,5.0,54.94959710219951,49.94959710219951
599165,59.0,54.94959710219951,-4.050402897800488
599168,12.0,54.94959710219951,42.94959710219951
599232,23.0,54.94959710219951,31.94959710219951
599311,53.0,54.94959710219951,1.9495971021995118
599353,47.0,54.94959710219951,7.949597102199512
599360,34.0,33.315439062121,-0.6845609378789987
599381,6.0,33.315439062121,27.315439062121
599399,30.0,54.94959710219951,24.94959710219951
599410,3.0,54.94959710219951,51.94959710219951
599523,44.0,54.94959710219951,10.949597102199512
599551,28.0,54.94959710219951,26.94959710219951
599619,38.0,33.315439062121,-4.684560937878999
599652,58.0,54.94959710219951,-3.0504028978004882
599772,21.0,54.94959710219951,33.94959710219951
599861,28.0,54.94959710219951,26.94959710219951
599903,29.0,54.94959710219951,25.94959710219951
599913,40.0,54.94959710219951,14.949597102199512
599926,28.0,54.94959710219951,26.94959710219951
599973,58.0,54.94959710219951,-3.0504028978004882
600072,27.0,54.94959710219951,27.94959710219951
600090,22.0,54.94959710219951,32.94959710219951
600096,5.0,54.94959710219951,49.94959710219951
600169,40.0,54.94959710219951,14.949597102199512
600353,30.0,54.94959710219951,24.94959710219951
600526,5.0,54.94959710219951,49.94959710219951
600594,33.0,54.94959710219951,21.94959710219951
600784,2.0,54.94959710219951,52.94959710219951
600927,15.0,54.94959710219951,39.94959710219951
601003,47.0,54.94959710219951,7.949597102199512
601006,43.0,54.94959710219951,11.949597102199512
601047,26.0,54.94959710219951,28.94959710219951
601055,5.0,54.94959710219951,49.94959710219951
601208,35.0,54.94959710219951,19.94959710219951
601233,43.0,54.94959710219951,11.949597102199512
601299,0.0,54.94959710219951,54.94959710219951
601341,1.0,54.94959710219951,53.94959710219951
601383,43.0,54.94959710219951,11.949597102199512
601417,5.0,54.94959710219951,49.94959710219951
601639,60.0,54.94959710219951,-5.050402897800488
601711,29.0,54.94959710219951,25.94959710219951
601738,40.0,54.94959710219951,14.949597102199512
601807,49.0,33.315439062121,-15.684560937878999
601894,65.0,54.94959710219951,-10.050402897800488
601938,29.0,54.94959710219951,25.94959710219951
601959,5.0,54.94959710219951,49.94959710219951
601966,40.0,33.315439062121,-6.684560937878999
601996,5.0,54.94959710219951,49.94959710219951
602007,25.0,33.315439062121,8.315439062121001
602151,29.0,33.315439062121,4.315439062121001
602252,34.0,54.94959710219951,20.94959710219951
602430,13.0,54.94959710219951,41.94959710219951
602450,41.0,33.315439062121,-7.684560937878999
602563,46.0,54.94959710219951,8.949597102199512
602570,46.0,54.94959710219951,8.949597102199512
602680,59.0,54.94959710219951,-4.050402897800488
602853,60.0,54.94959710219951,-5.050402897800488
603010,45.0,54.94959710219951,9.949597102199512
603109,5.0,54.94959710219951,49.94959710219951
603195,36.0,54.94959710219951,18.94959710219951
603228,49.0,54.94959710219951,5.949597102199512
603314,5.0,54.94959710219951,49.94959710219951
603432,5.0,54.94959710219951,49.94959710219951
603467,45.0,54.94959710219951,9.949597102199512
603494,28.0,33.315439062121,5.315439062121001
603595,55.0,54.94959710219951,-0.05040289780048823
603845,26.0,33.315439062121,7.315439062121001
603940,27.0,33.315439062121,6.315439062121001
603964,5.0,54.94959710219951,49.94959710219951
604071,24.0,33.315439062121,9.315439062121001
604193,39.0,32.71514350105437,-6.284856498945629
604209,13.0,54.94959710219951,41.94959710219951
604236,59.0,54.94959710219951,-4.050402897800488
604311,38.0,54.94959710219951,16.94959710219951
604402,27.0,33.315439062121,6.315439062121001
604576,25.0,33.315439062121,8.315439062121001
604582,45.0,54.94959710219951,9.949597102199512
604588,1.0,54.94959710219951,53.94959710219951
604641,47.0,54.94959710219951,7.949597102199512
604761,27.0,33.315439062121,6.315439062121001
604932,18.0,54.94959710219951,36.94959710219951
604978,43.0,54.94959710219951,11.949597102199512
605071,5.0,54.94959710219951,49.94959710219951
605248,47.0,54.94959710219951,7.949597102199512
605319,5.0,32.71514350105437,27.71514350105437
605481,4.0,54.94959710219951,50.94959710219951
605552,61.0,54.94959710219951,-6.050402897800488
605611,19.0,54.94959710219951,35.94959710219951
605660,59.0,54.94959710219951,-4.050402897800488
605682,22.0,33.315439062121,11.315439062121001
605691,12.0,54.94959710219951,42.94959710219951
605722,58.0,54.94959710219951,-3.0504028978004882
605838,40.0,54.94959710219951,14.949597102199512
605906,43.0,54.94959710219951,11.949597102199512
605978,4.0,54.94959710219951,50.94959710219951
606050,5.0,54.94959710219951,49.94959710219951
606083,20.0,54.94959710219951,34.94959710219951
606157,19.0,54.94959710219951,35.94959710219951
606229,52.0,54.94959710219951,2.9495971021995118
606280,3.0,54.94959710219951,51.94959710219951
606297,12.0,54.94959710219951,42.94959710219951
606304,28.0,54.94959710219951,26.94959710219951
606514,5.0,54.94959710219951,49.94959710219951
606519,28.0,54.94959710219951,26.94959710219951
606547,45.0,54.94959710219951,9.949597102199512
606650,27.0,33.315439062121,6.315439062121001
606659,27.0,33.315439062121,6.315439062121001
606767,48.0,54.94959710219951,6.949597102199512
606835,16.0,54.94959710219951,38.94959710219951
606915,30.0,33.315439062121,3.3154390621210013
607061,5.0,54.94959710219951,49.94959710219951
607146,28.0,54.94959710219951,26.94959710219951
607241,26.0,54.94959710219951,28.94959710219951
607381,5.0,54.94959710219951,49.94959710219951
607421,56.0,54.94959710219951,-1.0504028978004882
607497,40.0,54.94959710219951,14.949597102199512
607581,30.0,54.94959710219951,24.94959710219951
607609,31.0,54.94959710219951,23.94959710219951
607719,5.0,54.94959710219951,49.94959710219951
607732,58.0,54.94959710219951,-3.0504028978004882
607748,49.0,54.94959710219951,5.949597102199512
607764,44.0,54.94959710219951,10.949597102199512
607785,27.0,33.315439062121,6.315439062121001
607843,26.0,33.315439062121,7.315439062121001
607882,27.0,33.315439062121,6.315439062121001
607963,5.0,54.94959710219951,49.94959710219951
608037,26.0,33.315439062121,7.315439062121001
608092,52.0,54.94959710219951,2.9495971021995118
608320,49.0,54.94959710219951,5.949597102199512
608441,4.0,54.94959710219951,50.94959710219951
608480,32.0,54.94959710219951,22.94959710219951
608495,4.0,54.94959710219951,50.94959710219951
608518,59.0,54.94959710219951,-4.050402897800488
608561,54.0,54.94959710219951,0.9495971021995118
608602,33.0,54.94959710219951,21.94959710219951
608697,61.0,54.94959710219951,-6.050402897800488
608729,26.0,54.94959710219951,28.94959710219951
608836,2.0,54.94959710219951,52.94959710219951
609048,60.0,54.94959710219951,-5.050402897800488
609352,33.0,33.315439062121,0.31543906212100126
609448,38.0,54.94959710219951,16.94959710219951
609612,112.0,54.94959710219951,-57.05040289780049
609645,47.0,54.94959710219951,7.949597102199512
609765,44.0,54.94959710219951,10.949597102199512
609808,27.0,33.315439062121,6.315439062121001
609821,23.0,33.315439062121,10.315439062121001
609841,5.0,54.94959710219951,49.94959710219951
609916,5.0,54.94959710219951,49.94959710219951
609967,5.0,32.71514350105437,27.71514350105437
610048,41.0,54.94959710219951,13.949597102199512
610055,26.0,33.315439062121,7.315439062121001
610089,22.0,54.94959710219951,32.94959710219951
610127,26.0,54.94959710219951,28.94959710219951
610133,5.0,54.94959710219951,49.94959710219951
610254,16.0,54.94959710219951,38.94959710219951
610309,19.0,54.94959710219951,35.94959710219951
610328,58.0,54.94959710219951,-3.0504028978004882
610360,54.0,54.94959710219951,0.9495971021995118
610364,42.0,33.315439062121,-8.684560937878999
610418,13.0,54.94959710219951,41.94959710219951
610493,35.0,54.94959710219951,19.94959710219951
610836,21.0,33.315439062121,12.315439062121001
610890,27.0,54.94959710219951,27.94959710219951
610896,11.0,54.94959710219951,43.94959710219951
610950,24.0,33.315439062121,9.315439062121001
611150,59.0,54.94959710219951,-4.050402897800488
611237,22.0,54.94959710219951,32.94959710219951
611332,58.0,54.94959710219951,-3.0504028978004882
611346,0.0,54.94959710219951,54.94959710219951
611436,4.0,32.71514350105437,28.71514350105437
611438,5.0,32.71514350105437,27.71514350105437
611467,23.0,33.315439062121,10.315439062121001
611522,56.0,54.94959710219951,-1.0504028978004882
611666,36.0,54.94959710219951,18.94959710219951
611699,4.0,54.94959710219951,50.94959710219951
611735,62.0,54.94959710219951,-7.050402897800488
611850,51.0,54.94959710219951,3.9495971021995118
611907,40.0,54.94959710219951,14.949597102199512
611932,60.0,54.94959710219951,-5.050402897800488
611965,26.0,54.94959710219951,28.94959710219951
611992,47.0,54.94959710219951,7.949597102199512
612015,40.0,54.94959710219951,14.949597102199512
612085,12.0,54.94959710219951,42.94959710219951
612207,61.0,54.94959710219951,-6.050402897800488
612272,113.0,54.94959710219951,-58.05040289780049
612285,26.0,54.94959710219951,28.94959710219951
612315,26.0,33.315439062121,7.315439062121001
612319,6.0,54.94959710219951,48.94959710219951
612414,5.0,54.94959710219951,49.94959710219951
612446,40.0,54.94959710219951,14.949597102199512
612515,58.0,54.94959710219951,-3.0504028978004882
612828,5.0,54.94959710219951,49.94959710219951
613119,5.0,54.94959710219951,49.94959710219951
613135,24.0,33.315439062121,9.315439062121001
613142,10.0,54.94959710219951,44.94959710219951
613237,35.0,54.94959710219951,19.94959710219951
613244,5.0,32.71514350105437,27.71514350105437
613271,43.0,54.94959710219951,11.949597102199512
613411,60.0,54.94959710219951,-5.050402897800488
613415,59.0,54.94959710219951,-4.050402897800488
613549,5.0,54.94959710219951,49.94959710219951
613551,107.0,54.94959710219951,-52.05040289780049
613602,61.0,54.94959710219951,-6.050402897800488
613662,42.0,54.94959710219951,12.949597102199512
613668,26.0,54.94959710219951,28.94959710219951
613703,49.0,33.315439062121,-15.684560937878999
613822,5.0,54.94959710219951,49.94959710219951
613848,16.0,54.94959710219951,38.94959710219951
613876,8.0,54.94959710219951,46.94959710219951
613879,28.0,54.94959710219951,26.94959710219951
613931,25.0,33.315439062121,8.315439062121001
613941,47.0,54.94959710219951,7.949597102199512
614026,18.0,54.94959710219951,36.94959710219951
614064,46.0,54.94959710219951,8.949597102199512
614088,61.0,54.94959710219951,-6.050402897800488
614141,38.0,54.94959710219951,16.94959710219951
614278,27.0,33.315439062121,6.315439062121001
614353,19.0,32.71514350105437,13.71514350105437
614447,59.0,54.94959710219951,-4.050402897800488
614494,48.0,54.94959710219951,6.949597102199512
614617,22.0,54.94959710219951,32.94959710219951
614621,56.0,54.94959710219951,-1.0504028978004882
614712,6.0,54.94959710219951,48.94959710219951
614821,19.0,54.94959710219951,35.94959710219951
614906,37.0,54.94959710219951,17.94959710219951
614928,13.0,54.94959710219951,41.94959710219951
614946,60.0,54.94959710219951,-5.050402897800488
614960,29.0,54.94959710219951,25.94959710219951
614997,6.0,32.71514350105437,26.71514350105437
615043,12.0,54.94959710219951,42.94959710219951
615046,28.0,54.94959710219951,26.94959710219951
615110,3.0,54.94959710219951,51.94959710219951
615111,59.0,54.94959710219951,-4.050402897800488
615118,33.0,54.94959710219951,21.94959710219951
615125,26.0,54.94959710219951,28.94959710219951
615173,28.0,54.94959710219951,26.94959710219951
615293,48.0,54.94959710219951,6.949597102199512
615322,42.0,54.94959710219951,12.949597102199512
615446,60.0,54.94959710219951,-5.050402897800488
615646,26.0,33.315439062121,7.315439062121001
615698,40.0,54.94959710219951,14.949597102199512
615784,138.0,54.94959710219951,-83.0504028978005
615785,21.0,54.94959710219951,33.94959710219951
615823,24.0,33.315439062121,9.315439062121001
616041,64.0,54.94959710219951,-9.050402897800488
616110,58.0,54.94959710219951,-3.0504028978004882
616115,27.0,54.94959710219951,27.94959710219951
616148,33.0,33.315439062121,0.31543906212100126
616170,32.0,54.94959710219951,22.94959710219951
616174,3.0,54.94959710219951,51.94959710219951
616190,37.0,54.94959710219951,17.94959710219951
616325,28.0,54.94959710219951,26.94959710219951
616479,43.0,54.94959710219951,11.949597102199512
616673,5.0,54.94959710219951,49.94959710219951
616842,42.0,54.94959710219951,12.949597102199512
616931,37.0,54.94959710219951,17.94959710219951
616982,41.0,54.94959710219951,13.949597102199512
617003,40.0,54.94959710219951,14.949597102199512
617048,55.0,54.94959710219951,-0.05040289780048823
617182,54.0,54.94959710219951,0.9495971021995118
617192,47.0,54.94959710219951,7.949597102199512
617221,6.0,54.94959710219951,48.94959710219951
617286,47.0,54.94959710219951,7.949597102199512
617395,18.0,54.94959710219951,36.94959710219951
617470,19.0,54.94959710219951,35.94959710219951
617545,6.0,54.94959710219951,48.94959710219951
617646,58.0,54.94959710219951,-3.0504028978004882
617694,43.0,54.94959710219951,11.949597102199512
617758,56.0,54.94959710219951,-1.0504028978004882
617776,26.0,54.94959710219951,28.94959710219951
617879,5.0,54.94959710219951,49.94959710219951
618173,40.0,54.94959710219951,14.949597102199512
618228,18.0,33.315439062121,15.315439062121001
618348,44.0,54.94959710219951,10.949597102199512
618353,26.0,54.94959710219951,28.94959710219951
618360,4.0,54.94959710219951,50.94959710219951
618476,26.0,33.315439062121,7.315439062121001
618602,39.0,54.94959710219951,15.949597102199512
618652,40.0,54.94959710219951,14.949597102199512
618726,2.0,54.94959710219951,52.94959710219951
618736,5.0,54.94959710219951,49.94959710219951
618749,10.0,54.94959710219951,44.94959710219951
618788,36.0,54.94959710219951,18.94959710219951
618839,5.0,54.94959710219951,49.94959710219951
618927,68.0,54.94959710219951,-13.050402897800488
618964,51.0,54.94959710219951,3.9495971021995118
619029,40.0,54.94959710219951,14.949597102199512
619043,23.0,33.315439062121,10.315439062121001
619189,59.0,54.94959710219951,-4.050402897800488
619195,5.0,54.94959710219951,49.94959710219951
619298,5.0,54.94959710219951,49.94959710219951
619347,54.0,54.94959710219951,0.9495971021995118
619367,58.0,54.94959710219951,-3.0504028978004882
619482,41.0,54.94959710219951,13.949597102199512
619525,26.0,54.94959710219951,28.94959710219951
619575,46.0,54.94959710219951,8.949597102199512
619589,73.0,54.94959710219951,-18.05040289780049
619685,47.0,54.94959710219951,7.949597102199512
619845,24.0,33.315439062121,9.315439062121001
619917,59.0,54.94959710219951,-4.050402897800488
620102,4.0,54.94959710219951,50.94959710219951
620178,65.0,54.94959710219951,-10.050402897800488
620387,4.0,54.94959710219951,50.94959710219951
620410,58.0,54.94959710219951,-3.0504028978004882
620472,59.0,54.94959710219951,-4.050402897800488
620557,38.0,54.94959710219951,16.94959710219951
620717,48.0,54.94959710219951,6.949597102199512
620814,43.0,54.94959710219951,11.949597102199512
620819,38.0,54.94959710219951,16.94959710219951
620845,47.0,54.94959710219951,7.949597102199512
620872,45.0,54.94959710219951,9.949597102199512
620873,4.0,54.94959710219951,50.94959710219951
620918,46.0,54.94959710219951,8.949597102199512
621124,73.0,54.94959710219951,-18.05040289780049
621193,8.0,54.94959710219951,46.94959710219951
621197,60.0,54.94959710219951,-5.050402897800488
621250,38.0,54.94959710219951,16.94959710219951
621296,42.0,54.94959710219951,12.949597102199512
621335,54.0,54.94959710219951,0.9495971021995118
621354,8.0,54.94959710219951,46.94959710219951
621367,27.0,33.315439062121,6.315439062121001
621417,55.0,54.94959710219951,-0.05040289780048823
621489,6.0,54.94959710219951,48.94959710219951
621494,5.0,54.94959710219951,49.94959710219951
621547,54.0,54.94959710219951,0.9495971021995118
621577,43.0,54.94959710219951,11.949597102199512
621678,40.0,54.94959710219951,14.949597102199512
621689,62.0,54.94959710219951,-7.050402897800488
621703,47.0,54.94959710219951,7.949597102199512
621737,5.0,54.94959710219951,49.94959710219951
621805,61.0,54.94959710219951,-6.050402897800488
621917,26.0,32.71514350105437,6.715143501054371
621986,71.0,54.94959710219951,-16.05040289780049
622022,40.0,54.94959710219951,14.949597102199512
622070,57.0,54.94959710219951,-2.0504028978004882
622155,59.0,54.94959710219951,-4.050402897800488
622234,5.0,54.94959710219951,49.94959710219951
622251,35.0,33.315439062121,-1.6845609378789987
622267,33.0,54.94959710219951,21.94959710219951
622291,23.0,33.315439062121,10.315439062121001
622316,61.0,54.94959710219951,-6.050402897800488
622364,13.0,54.94959710219951,41.94959710219951
622382,13.0,54.94959710219951,41.94959710219951
622486,60.0,54.94959710219951,-5.050402897800488
622531,40.0,33.315439062121,-6.684560937878999
622611,43.0,54.94959710219951,11.949597102199512
622712,58.0,54.94959710219951,-3.0504028978004882
622815,67.0,54.94959710219951,-12.050402897800488
622931,47.0,54.94959710219951,7.949597102199512
622952,25.0,33.315439062121,8.315439062121001
623074,2.0,54.94959710219951,52.94959710219951
623076,2.0,54.94959710219951,52.94959710219951
623084,31.0,33.315439062121,2.3154390621210013
623171,33.0,54.94959710219951,21.94959710219951
623180,25.0,33.315439062121,8.315439062121001
623413,4.0,54.94959710219951,50.94959710219951
623455,5.0,54.94959710219951,49.94959710219951
623505,43.0,54.94959710219951,11.949597102199512
623683,48.0,54.94959710219951,6.949597102199512
623752,40.0,54.94959710219951,14.949597102199512
623812,29.0,54.94959710219951,25.94959710219951
623847,46.0,54.94959710219951,8.949597102199512
623890,45.0,54.94959710219951,9.949597102199512
623938,41.0,33.315439062121,-7.684560937878999
623968,54.0,54.94959710219951,0.9495971021995118
624053,60.0,54.94959710219951,-5.050402897800488
624081,52.0,54.94959710219951,2.9495971021995118
624115,60.0,54.94959710219951,-5.050402897800488
624131,7.0,54.94959710219951,47.94959710219951
624268,24.0,33.315439062121,9.315439062121001
624273,40.0,54.94959710219951,14.949597102199512
624280,43.0,54.94959710219951,11.949597102199512
624366,12.0,32.71514350105437,20.71514350105437
624387,0.0,54.94959710219951,54.94959710219951
624402,5.0,54.94959710219951,49.94959710219951
624403,29.0,54.94959710219951,25.94959710219951
624414,35.0,33.315439062121,-1.6845609378789987
624510,54.0,54.94959710219951,0.9495971021995118
624526,58.0,54.94959710219951,-3.0504028978004882
624536,41.0,54.94959710219951,13.949597102199512
624561,60.0,54.94959710219951,-5.050402897800488
624590,4.0,54.94959710219951,50.94959710219951
624686,52.0,54.94959710219951,2.9495971021995118
624722,56.0,54.94959710219951,-1.0504028978004882
624773,43.0,54.94959710219951,11.949597102199512
624859,25.0,33.315439062121,8.315439062121001
625052,44.0,54.94959710219951,10.949597102199512
625074,27.0,54.94959710219951,27.94959710219951
625087,29.0,54.94959710219951,25.94959710219951
625104,10.0,54.94959710219951,44.94959710219951
625143,49.0,54.94959710219951,5.949597102199512
625411,38.0,54.94959710219951,16.94959710219951
625424,12.0,54.94959710219951,42.94959710219951
625433,0.0,54.94959710219951,54.94959710219951
625528,54.0,54.94959710219951,0.9495971021995118
625549,28.0,33.315439062121,5.315439062121001
625714,34.0,54.94959710219951,20.94959710219951
625754,47.0,54.94959710219951,7.949597102199512
625849,41.0,54.94959710219951,13.949597102199512
625922,9.0,54.94959710219951,45.94959710219951
625998,56.0,54.94959710219951,-1.0504028978004882
626005,26.0,54.94959710219951,28.94959710219951
626246,112.0,54.94959710219951,-57.05040289780049
626276,31.0,54.94959710219951,23.94959710219951
626294,17.0,54.94959710219951,37.94959710219951
626305,44.0,54.94959710219951,10.949597102199512
626310,58.0,54.94959710219951,-3.0504028978004882
626311,60.0,54.94959710219951,-5.050402897800488
626336,28.0,54.94959710219951,26.94959710219951
626571,25.0,54.94959710219951,29.94959710219951
626731,21.0,54.94959710219951,33.94959710219951
626767,33.0,54.94959710219951,21.94959710219951
626785,40.0,54.94959710219951,14.949597102199512
626809,38.0,54.94959710219951,16.94959710219951
627076,27.0,33.315439062121,6.315439062121001
627174,43.0,54.94959710219951,11.949597102199512
627210,3.0,54.94959710219951,51.94959710219951
627218,12.0,54.94959710219951,42.94959710219951
627280,33.0,54.94959710219951,21.94959710219951
627367,1.0,54.94959710219951,53.94959710219951
627452,61.0,54.94959710219951,-6.050402897800488
627529,58.0,54.94959710219951,-3.0504028978004882
627538,3.0,33.315439062121,30.315439062121
627546,48.0,54.94959710219951,6.949597102199512
627589,59.0,54.94959710219951,-4.050402897800488
627629,60.0,54.94959710219951,-5.050402897800488
627741,54.0,54.94959710219951,0.9495971021995118
627742,4.0,54.94959710219951,50.94959710219951
627884,19.0,54.94959710219951,35.94959710219951
628019,39.0,54.94959710219951,15.949597102199512
628390,10.0,54.94959710219951,44.94959710219951
628414,3.0,54.94959710219951,51.94959710219951
628437,37.0,33.315439062121,-3.6845609378789987
628455,28.0,54.94959710219951,26.94959710219951
628489,40.0,54.94959710219951,14.949597102199512
628528,36.0,33.315439062121,-2.6845609378789987
628560,29.0,54.94959710219951,25.94959710219951
628640,16.0,54.94959710219951,38.94959710219951
628646,41.0,54.94959710219951,13.949597102199512
628669,5.0,54.94959710219951,49.94959710219951
628772,0.0,54.94959710219951,54.94959710219951
628814,41.0,54.94959710219951,13.949597102199512
628856,40.0,54.94959710219951,14.949597102199512
629080,65.0,54.94959710219951,-10.050402897800488
629258,26.0,54.94959710219951,28.94959710219951
629279,37.0,54.94959710219951,17.94959710219951
629393,23.0,54.94959710219951,31.94959710219951
629587,26.0,54.94959710219951,28.94959710219951
629687,61.0,54.94959710219951,-6.050402897800488
629708,22.0,54.94959710219951,32.94959710219951
629729,54.0,54.94959710219951,0.9495971021995118
629768,43.0,54.94959710219951,11.949597102199512
629795,32.0,33.315439062121,1.3154390621210013
629897,50.0,54.94959710219951,4.949597102199512
629945,1.0,54.94959710219951,53.94959710219951
629976,40.0,54.94959710219951,14.949597102199512
630029,61.0,54.94959710219951,-6.050402897800488
630034,34.0,33.315439062121,-0.6845609378789987
630098,27.0,33.315439062121,6.315439062121001
630203,40.0,54.94959710219951,14.949597102199512
630241,54.0,54.94959710219951,0.9495971021995118
630281,59.0,54.94959710219951,-4.050402897800488
630429,18.0,32.71514350105437,14.71514350105437
630434,41.0,54.94959710219951,13.949597102199512
630478,58.0,32.71514350105437,-25.28485649894563
630501,27.0,33.315439062121,6.315439062121001
630610,5.0,54.94959710219951,49.94959710219951
630655,48.0,54.94959710219951,6.949597102199512
630886,54.0,54.94959710219951,0.9495971021995118
630982,61.0,54.94959710219951,-6.050402897800488
631009,76.0,33.315439062121,-42.684560937879
631256,61.0,54.94959710219951,-6.050402897800488
631292,18.0,33.315439062121,15.315439062121001
631357,82.0,54.94959710219951,-27.05040289780049
631435,26.0,33.315439062121,7.315439062121001
631589,58.0,54.94959710219951,-3.0504028978004882
631710,43.0,54.94959710219951,11.949597102199512
631733,33.0,54.94959710219951,21.94959710219951
631830,40.0,54.94959710219951,14.949597102199512
632138,18.0,32.71514350105437,14.71514350105437
632150,26.0,54.94959710219951,28.94959710219951
632179,4.0,54.94959710219951,50.94959710219951
632220,41.0,54.94959710219951,13.949597102199512
632308,40.0,54.94959710219951,14.949597102199512
632369,28.0,54.94959710219951,26.94959710219951
632376,54.0,54.94959710219951,0.9495971021995118
632388,26.0,54.94959710219951,28.94959710219951
632412,29.0,54.94959710219951,25.94959710219951
632598,5.0,54.94959710219951,49.94959710219951
632602,26.0,33.315439062121,7.315439062121001
632763,12.0,54.94959710219951,42.94959710219951
632769,12.0,32.71514350105437,20.71514350105437
632785,28.0,54.94959710219951,26.94959710219951
632803,50.0,54.94959710219951,4.949597102199512
632853,5.0,54.94959710219951,49.94959710219951
632906,3.0,54.94959710219951,51.94959710219951
632961,27.0,33.315439062121,6.315439062121001
632985,60.0,54.94959710219951,-5.050402897800488
633052,26.0,54.94959710219951,28.94959710219951
633101,68.0,54.94959710219951,-13.050402897800488
633137,60.0,54.94959710219951,-5.050402897800488
633154,55.0,54.94959710219951,-0.05040289780048823
633203,24.0,33.315439062121,9.315439062121001
633226,27.0,33.315439062121,6.315439062121001
633271,39.0,54.94959710219951,15.949597102199512
633309,31.0,33.315439062121,2.3154390621210013
633318,19.0,54.94959710219951,35.94959710219951
633339,5.0,54.94959710219951,49.94959710219951
633385,60.0,54.94959710219951,-5.050402897800488
633416,60.0,54.94959710219951,-5.050402897800488
633563,20.0,54.94959710219951,34.94959710219951
633565,41.0,54.94959710219951,13.949597102199512
633653,3.0,54.94959710219951,51.94959710219951
633741,43.0,54.94959710219951,11.949597102199512
633788,54.0,54.94959710219951,0.9495971021995118
633824,40.0,54.94959710219951,14.949597102199512
633853,29.0,54.94959710219951,25.94959710219951
633873,24.0,54.94959710219951,30.94959710219951
633945,2.0,54.94959710219951,52.94959710219951
634112,20.0,54.94959710219951,34.94959710219951
634132,54.0,54.94959710219951,0.9495971021995118
634136,5.0,54.94959710219951,49.94959710219951
634192,40.0,54.94959710219951,14.949597102199512
634268,54.0,54.94959710219951,0.9495971021995118
634318,58.0,54.94959710219951,-3.0504028978004882
634329,49.0,54.94959710219951,5.949597102199512
634379,32.0,54.94959710219951,22.94959710219951
634433,4.0,54.94959710219951,50.94959710219951
634445,12.0,32.71514350105437,20.71514350105437
634488,28.0,54.94959710219951,26.94959710219951
634506,70.0,54.94959710219951,-15.050402897800488
634512,30.0,54.94959710219951,24.94959710219951
634516,58.0,54.94959710219951,-3.0504028978004882
634555,41.0,54.94959710219951,13.949597102199512
634636,5.0,54.94959710219951,49.94959710219951
634679,40.0,54.94959710219951,14.949597102199512
634845,33.0,54.94959710219951,21.94959710219951
634873,34.0,54.94959710219951,20.94959710219951
635069,64.0,54.94959710219951,-9.050402897800488
635217,26.0,33.315439062121,7.315439062121001
635240,8.0,54.94959710219951,46.94959710219951
635320,31.0,54.94959710219951,23.94959710219951
635420,20.0,54.94959710219951,34.94959710219951
635563,60.0,54.94959710219951,-5.050402897800488
635663,18.0,54.94959710219951,36.94959710219951
635712,62.0,54.94959710219951,-7.050402897800488
635763,23.0,54.94959710219951,31.94959710219951
635787,25.0,33.315439062121,8.315439062121001
635789,4.0,32.71514350105437,28.71514350105437
635811,47.0,54.94959710219951,7.949597102199512
635838,30.0,54.94959710219951,24.94959710219951
635933,40.0,54.94959710219951,14.949597102199512
635990,26.0,54.94959710219951,28.94959710219951
636107,58.0,54.94959710219951,-3.0504028978004882
636159,2.0,54.94959710219951,52.94959710219951
636273,40.0,54.94959710219951,14.949597102199512
636349,12.0,32.71514350105437,20.71514350105437
636417,15.0,32.71514350105437,17.71514350105437
636552,31.0,54.94959710219951,23.94959710219951
636581,41.0,33.315439062121,-7.684560937878999
636677,5.0,54.94959710219951,49.94959710219951
636731,59.0,54.94959710219951,-4.050402897800488
636770,49.0,54.94959710219951,5.949597102199512
636845,46.0,54.94959710219951,8.949597102199512
636872,55.0,54.94959710219951,-0.05040289780048823
637017,18.0,32.71514350105437,14.71514350105437
637045,22.0,54.94959710219951,32.94959710219951
637107,5.0,54.94959710219951,49.94959710219951
637121,40.0,54.94959710219951,14.949597102199512
637140,6.0,54.94959710219951,48.94959710219951
637148,5.0,33.315439062121,28.315439062121
637275,45.0,32.71514350105437,-12.28485649894563
637306,40.0,54.94959710219951,14.949597102199512
637346,56.0,54.94959710219951,-1.0504028978004882
637514,52.0,54.94959710219951,2.9495971021995118
637620,12.0,54.94959710219951,42.94959710219951
637665,84.0,54.94959710219951,-29.05040289780049
637678,25.0,33.315439062121,8.315439062121001
637744,84.0,54.94959710219951,-29.05040289780049
637837,28.0,32.71514350105437,4.715143501054371
637877,40.0,54.94959710219951,14.949597102199512
637882,9.0,54.94959710219951,45.94959710219951
637914,25.0,33.315439062121,8.315439062121001
637975,47.0,54.94959710219951,7.949597102199512
638031,28.0,33.315439062121,5.315439062121001
638074,33.0,54.94959710219951,21.94959710219951
638110,40.0,54.94959710219951,14.949597102199512
638135,45.0,54.94959710219951,9.949597102199512
638147,47.0,54.94959710219951,7.949597102199512
638161,56.0,54.94959710219951,-1.0504028978004882
638169,4.0,54.94959710219951,50.94959710219951
638206,67.0,54.94959710219951,-12.050402897800488
638216,37.0,33.315439062121,-3.6845609378789987
638231,40.0,54.94959710219951,14.949597102199512
638266,54.0,54.94959710219951,0.9495971021995118
638313,44.0,33.315439062121,-10.684560937878999
638333,4.0,54.94959710219951,50.94959710219951
638370,12.0,54.94959710219951,42.94959710219951
638559,58.0,54.94959710219951,-3.0504028978004882
638578,5.0,32.71514350105437,27.71514350105437
638687,54.0,54.94959710219951,0.9495971021995118
638889,33.0,54.94959710219951,21.94959710219951
638936,25.0,33.315439062121,8.315439062121001
639006,5.0,32.71514350105437,27.71514350105437
639018,44.0,54.94959710219951,10.949597102199512
639115,33.0,54.94959710219951,21.94959710219951
639116,56.0,54.94959710219951,-1.0504028978004882
639120,29.0,54.94959710219951,25.94959710219951
639235,54.0,54.94959710219951,0.9495971021995118
639267,12.0,32.71514350105437,20.71514350105437
639289,41.0,54.94959710219951,13.949597102199512
639300,48.0,33.315439062121,-14.684560937878999
639314,5.0,54.94959710219951,49.94959710219951
639402,61.0,54.94959710219951,-6.050402897800488
639427,0.0,54.94959710219951,54.94959710219951
639474,15.0,32.71514350105437,17.71514350105437
639609,40.0,54.94959710219951,14.949597102199512
639683,26.0,54.94959710219951,28.94959710219951
639906,59.0,54.94959710219951,-4.050402897800488
639992,54.0,54.94959710219951,0.9495971021995118
640026,23.0,33.315439062121,10.315439062121001
640054,47.0,54.94959710219951,7.949597102199512
640104,27.0,33.315439062121,6.315439062121001
640171,18.0,54.94959710219951,36.94959710219951
640254,39.0,33.315439062121,-5.684560937878999
640440,59.0,54.94959710219951,-4.050402897800488
640514,60.0,54.94959710219951,-5.050402897800488
640524,32.0,54.94959710219951,22.94959710219951
640580,0.0,32.71514350105437,32.71514350105437
640585,47.0,54.94959710219951,7.949597102199512
640594,25.0,54.94959710219951,29.94959710219951
640685,64.0,54.94959710219951,-9.050402897800488
640691,1.0,54.94959710219951,53.94959710219951
640704,43.0,54.94959710219951,11.949597102199512
640715,58.0,54.94959710219951,-3.0504028978004882
640869,61.0,54.94959710219951,-6.050402897800488
640882,12.0,54.94959710219951,42.94959710219951
640897,26.0,54.94959710219951,28.94959710219951
640963,28.0,54.94959710219951,26.94959710219951
641021,59.0,54.94959710219951,-4.050402897800488
641094,1.0,54.94959710219951,53.94959710219951
641133,4.0,32.71514350105437,28.71514350105437
641193,28.0,54.94959710219951,26.94959710219951
641214,4.0,54.94959710219951,50.94959710219951
641234,56.0,54.94959710219951,-1.0504028978004882
641244,41.0,54.94959710219951,13.949597102199512
641336,45.0,54.94959710219951,9.949597102199512
641555,4.0,54.94959710219951,50.94959710219951
641595,40.0,54.94959710219951,14.949597102199512
641880,61.0,54.94959710219951,-6.050402897800488
641886,5.0,54.94959710219951,49.94959710219951
641997,33.0,54.94959710219951,21.94959710219951
641998,5.0,54.94959710219951,49.94959710219951
642021,55.0,54.94959710219951,-0.05040289780048823
642043,51.0,54.94959710219951,3.9495971021995118
642099,34.0,54.94959710219951,20.94959710219951
642167,38.0,54.94959710219951,16.94959710219951
642173,3.0,32.71514350105437,29.71514350105437
642209,40.0,54.94959710219951,14.949597102199512
642366,54.0,54.94959710219951,0.9495971021995118
642539,40.0,54.94959710219951,14.949597102199512
642570,40.0,54.94959710219951,14.949597102199512
642743,110.0,54.94959710219951,-55.05040289780049
642769,60.0,54.94959710219951,-5.050402897800488
642785,51.0,54.94959710219951,3.9495971021995118
642852,3.0,54.94959710219951,51.94959710219951
642862,41.0,54.94959710219951,13.949597102199512
642898,60.0,54.94959710219951,-5.050402897800488
642948,25.0,54.94959710219951,29.94959710219951
643046,5.0,54.94959710219951,49.94959710219951
643360,30.0,54.94959710219951,24.94959710219951
643421,29.0,54.94959710219951,25.94959710219951
643435,28.0,33.315439062121,5.315439062121001
643498,4.0,54.94959710219951,50.94959710219951
643706,42.0,33.315439062121,-8.684560937878999
643764,54.0,54.94959710219951,0.9495971021995118
643846,39.0,54.94959710219951,15.949597102199512
643892,58.0,54.94959710219951,-3.0504028978004882
643934,5.0,54.94959710219951,49.94959710219951
643962,59.0,54.94959710219951,-4.050402897800488
644014,26.0,33.315439062121,7.315439062121001
644055,65.0,54.94959710219951,-10.050402897800488
644073,28.0,54.94959710219951,26.94959710219951
644074,20.0,54.94959710219951,34.94959710219951
644082,29.0,54.94959710219951,25.94959710219951
644234,7.0,33.315439062121,26.315439062121
644247,3.0,54.94959710219951,51.94959710219951
644292,20.0,54.94959710219951,34.94959710219951
644302,59.0,54.94959710219951,-4.050402897800488
644557,59.0,54.94959710219951,-4.050402897800488
644576,33.0,54.94959710219951,21.94959710219951
644627,42.0,54.94959710219951,12.949597102199512
644631,39.0,54.94959710219951,15.949597102199512
644639,5.0,54.94959710219951,49.94959710219951
644677,31.0,54.94959710219951,23.94959710219951
644716,40.0,54.94959710219951,14.949597102199512
644739,41.0,54.94959710219951,13.949597102199512
644923,12.0,54.94959710219951,42.94959710219951
644926,47.0,54.94959710219951,7.949597102199512
645044,23.0,54.94959710219951,31.94959710219951
645222,44.0,54.94959710219951,10.949597102199512
645227,30.0,54.94959710219951,24.94959710219951
645247,45.0,33.315439062121,-11.684560937878999
645295,27.0,54.94959710219951,27.94959710219951
645365,39.0,54.94959710219951,15.949597102199512
645406,43.0,54.94959710219951,11.949597102199512
645429,17.0,32.71514350105437,15.71514350105437
645494,4.0,54.94959710219951,50.94959710219951
645599,79.0,54.94959710219951,-24.05040289780049
645620,43.0,54.94959710219951,11.949597102199512
645627,5.0,54.94959710219951,49.94959710219951
645641,58.0,54.94959710219951,-3.0504028978004882
645681,30.0,54.94959710219951,24.94959710219951
645718,4.0,54.94959710219951,50.94959710219951
645776,54.0,54.94959710219951,0.9495971021995118
645888,4.0,54.94959710219951,50.94959710219951
645907,31.0,54.94959710219951,23.94959710219951
646014,58.0,54.94959710219951,-3.0504028978004882
646038,3.0,54.94959710219951,51.94959710219951
646139,53.0,54.94959710219951,1.9495971021995118
646141,87.0,54.94959710219951,-32.05040289780049
646176,33.0,54.94959710219951,21.94959710219951
646233,28.0,54.94959710219951,26.94959710219951
646263,25.0,54.94959710219951,29.94959710219951
646287,55.0,54.94959710219951,-0.05040289780048823
646344,1.0,32.71514350105437,31.71514350105437
646385,33.0,54.94959710219951,21.94959710219951
646420,5.0,54.94959710219951,49.94959710219951
646521,6.0,54.94959710219951,48.94959710219951
646628,23.0,33.315439062121,10.315439062121001
646794,41.0,54.94959710219951,13.949597102199512
646868,13.0,33.315439062121,20.315439062121
646871,58.0,54.94959710219951,-3.0504028978004882
646946,28.0,54.94959710219951,26.94959710219951
647059,27.0,54.94959710219951,27.94959710219951
647114,5.0,32.71514350105437,27.71514350105437
647295,62.0,54.94959710219951,-7.050402897800488
647335,45.0,54.94959710219951,9.949597102199512
647367,4.0,54.94959710219951,50.94959710219951
647372,19.0,54.94959710219951,35.94959710219951
647433,32.0,32.71514350105437,0.7151435010543707
647461,26.0,54.94959710219951,28.94959710219951
647493,43.0,54.94959710219951,11.949597102199512
647575,19.0,54.94959710219951,35.94959710219951
647640,34.0,54.94959710219951,20.94959710219951
647736,48.0,54.94959710219951,6.949597102199512
647847,41.0,54.94959710219951,13.949597102199512
647902,50.0,54.94959710219951,4.949597102199512
648002,14.0,54.94959710219951,40.94959710219951
648030,5.0,54.94959710219951,49.94959710219951
648095,12.0,54.94959710219951,42.94959710219951
648112,25.0,33.315439062121,8.315439062121001
648153,43.0,54.94959710219951,11.949597102199512
648194,4.0,54.94959710219951,50.94959710219951
648268,24.0,33.315439062121,9.315439062121001
648313,5.0,54.94959710219951,49.94959710219951
648371,19.0,54.94959710219951,35.94959710219951
648417,5.0,54.94959710219951,49.94959710219951
648507,16.0,54.94959710219951,38.94959710219951
648541,60.0,54.94959710219951,-5.050402897800488
648571,29.0,54.94959710219951,25.94959710219951
648577,50.0,54.94959710219951,4.949597102199512
648614,19.0,32.71514350105437,13.71514350105437
648664,60.0,54.94959710219951,-5.050402897800488
648683,24.0,33.315439062121,9.315439062121001
648690,43.0,54.94959710219951,11.949597102199512
648806,12.0,32.71514350105437,20.71514350105437
648956,56.0,54.94959710219951,-1.0504028978004882
649032,23.0,33.315439062121,10.315439062121001
649098,40.0,54.94959710219951,14.949597102199512
649178,26.0,54.94959710219951,28.94959710219951
649198,7.0,54.94959710219951,47.94959710219951
649211,20.0,54.94959710219951,34.94959710219951
649221,6.0,54.94959710219951,48.94959710219951
649281,47.0,54.94959710219951,7.949597102199512
649385,38.0,54.94959710219951,16.94959710219951
649569,62.0,54.94959710219951,-7.050402897800488
649590,0.0,54.94959710219951,54.94959710219951
649624,54.0,54.94959710219951,0.9495971021995118
649689,5.0,54.94959710219951,49.94959710219951
649830,43.0,54.94959710219951,11.949597102199512
649929,5.0,54.94959710219951,49.94959710219951
649934,4.0,32.71514350105437,28.71514350105437
650010,5.0,32.71514350105437,27.71514350105437
650031,27.0,33.315439062121,6.315439062121001
650061,54.0,54.94959710219951,0.9495971021995118
650121,34.0,54.94959710219951,20.94959710219951
650306,6.0,54.94959710219951,48.94959710219951
650333,41.0,54.94959710219951,13.949597102199512
650334,55.0,54.94959710219951,-0.05040289780048823
650343,60.0,54.94959710219951,-5.050402897800488
650350,23.0,54.94959710219951,31.94959710219951
650477,60.0,54.94959710219951,-5.050402897800488
650501,47.0,54.94959710219951,7.949597102199512
650518,25.0,33.315439062121,8.315439062121001
650574,7.0,54.94959710219951,47.94959710219951
650806,43.0,54.94959710219951,11.949597102199512
650901,43.0,54.94959710219951,11.949597102199512
650915,18.0,33.315439062121,15.315439062121001
651027,40.0,54.94959710219951,14.949597102199512
651039,19.0,54.94959710219951,35.94959710219951
651056,60.0,54.94959710219951,-5.050402897800488
651268,56.0,54.94959710219951,-1.0504028978004882
651280,11.0,32.71514350105437,21.71514350105437
651345,32.0,54.94959710219951,22.94959710219951
651381,168.0,54.94959710219951,-113.0504028978005
651391,28.0,54.94959710219951,26.94959710219951
651465,42.0,54.94959710219951,12.949597102199512
651736,12.0,54.94959710219951,42.94959710219951
651824,38.0,32.71514350105437,-5.284856498945629
651846,60.0,54.94959710219951,-5.050402897800488
651858,51.0,54.94959710219951,3.9495971021995118
651912,44.0,54.94959710219951,10.949597102199512
652038,60.0,54.94959710219951,-5.050402897800488
652045,112.0,54.94959710219951,-57.05040289780049
652071,46.0,54.94959710219951,8.949597102199512
652098,42.0,54.94959710219951,12.949597102199512
652116,28.0,54.94959710219951,26.94959710219951
652138,2.0,54.94959710219951,52.94959710219951
652156,62.0,54.94959710219951,-7.050402897800488
652205,19.0,54.94959710219951,35.94959710219951
652391,54.0,54.94959710219951,0.9495971021995118
652407,48.0,54.94959710219951,6.949597102199512
652500,28.0,54.94959710219951,26.94959710219951
652564,28.0,54.94959710219951,26.94959710219951
652580,58.0,54.94959710219951,-3.0504028978004882
652610,1.0,54.94959710219951,53.94959710219951
652846,5.0,54.94959710219951,49.94959710219951
653061,41.0,54.94959710219951,13.949597102199512
653092,26.0,54.94959710219951,28.94959710219951
653129,19.0,54.94959710219951,35.94959710219951
653175,5.0,54.94959710219951,49.94959710219951
653207,59.0,54.94959710219951,-4.050402897800488
653265,40.0,54.94959710219951,14.949597102199512
653286,60.0,54.94959710219951,-5.050402897800488
653332,54.0,54.94959710219951,0.9495971021995118
653357,5.0,54.94959710219951,49.94959710219951
653358,5.0,54.94959710219951,49.94959710219951
653412,33.0,54.94959710219951,21.94959710219951
653549,12.0,54.94959710219951,42.94959710219951
653560,13.0,54.94959710219951,41.94959710219951
653578,28.0,54.94959710219951,26.94959710219951
653605,26.0,54.94959710219951,28.94959710219951
653612,55.0,54.94959710219951,-0.05040289780048823
653622,25.0,33.315439062121,8.315439062121001
653689,29.0,54.94959710219951,25.94959710219951
653740,54.0,54.94959710219951,0.9495971021995118
653829,49.0,54.94959710219951,5.949597102199512
653922,54.0,54.94959710219951,0.9495971021995118
654017,58.0,54.94959710219951,-3.0504028978004882
654114,19.0,32.71514350105437,13.71514350105437
654207,61.0,54.94959710219951,-6.050402897800488
654309,59.0,54.94959710219951,-4.050402897800488
654397,25.0,33.315439062121,8.315439062121001
654482,0.0,54.94959710219951,54.94959710219951
654593,18.0,54.94959710219951,36.94959710219951
654625,5.0,54.94959710219951,49.94959710219951
654663,37.0,54.94959710219951,17.94959710219951
654849,50.0,54.94959710219951,4.949597102199512
654993,54.0,54.94959710219951,0.9495971021995118
655110,1.0,54.94959710219951,53.94959710219951
655133,19.0,54.94959710219951,35.94959710219951
655187,4.0,32.71514350105437,28.71514350105437
655190,41.0,54.94959710219951,13.949597102199512
655233,45.0,54.94959710219951,9.949597102199512
655297,24.0,32.71514350105437,8.71514350105437
655355,2.0,54.94959710219951,52.94959710219951
655459,48.0,54.94959710219951,6.949597102199512
655483,59.0,54.94959710219951,-4.050402897800488
655572,27.0,33.315439062121,6.315439062121001
655605,46.0,54.94959710219951,8.949597102199512
655617,27.0,33.315439062121,6.315439062121001
655623,40.0,54.94959710219951,14.949597102199512
655732,47.0,54.94959710219951,7.949597102199512
655876,67.0,54.94959710219951,-12.050402897800488
656106,26.0,33.315439062121,7.315439062121001
656134,42.0,54.94959710219951,12.949597102199512
656156,59.0,54.94959710219951,-4.050402897800488
656213,28.0,54.94959710219951,26.94959710219951
656411,5.0,54.94959710219951,49.94959710219951
656445,54.0,54.94959710219951,0.9495971021995118
656597,5.0,54.94959710219951,49.94959710219951
656621,29.0,54.94959710219951,25.94959710219951
656681,29.0,54.94959710219951,25.94959710219951
656748,5.0,54.94959710219951,49.94959710219951
656750,8.0,54.94959710219951,46.94959710219951
656798,44.0,54.94959710219951,10.949597102199512
656839,3.0,54.94959710219951,51.94959710219951
656993,25.0,54.94959710219951,29.94959710219951
657124,26.0,54.94959710219951,28.94959710219951
657151,13.0,54.94959710219951,41.94959710219951
657291,0.0,54.94959710219951,54.94959710219951
657295,23.0,54.94959710219951,31.94959710219951
657395,26.0,54.94959710219951,28.94959710219951
657494,58.0,54.94959710219951,-3.0504028978004882
657501,1.0,54.94959710219951,53.94959710219951
657554,5.0,54.94959710219951,49.94959710219951
657648,2.0,54.94959710219951,52.94959710219951
657713,9.0,33.315439062121,24.315439062121
657728,34.0,54.94959710219951,20.94959710219951
657735,48.0,54.94959710219951,6.949597102199512
657835,40.0,54.94959710219951,14.949597102199512
657966,40.0,54.94959710219951,14.949597102199512
657997,25.0,33.315439062121,8.315439062121001
658088,28.0,33.315439062121,5.315439062121001
658108,10.0,54.94959710219951,44.94959710219951
658165,29.0,54.94959710219951,25.94959710219951
658207,58.0,54.94959710219951,-3.0504028978004882
658323,54.0,54.94959710219951,0.9495971021995118
658569,5.0,54.94959710219951,49.94959710219951
658653,3.0,54.94959710219951,51.94959710219951
658654,24.0,33.315439062121,9.315439062121001
658659,5.0,54.94959710219951,49.94959710219951
658796,16.0,54.94959710219951,38.94959710219951
658806,41.0,54.94959710219951,13.949597102199512
658840,63.0,54.94959710219951,-8.050402897800488
658857,6.0,54.94959710219951,48.94959710219951
659047,40.0,54.94959710219951,14.949597102199512
659054,29.0,54.94959710219951,25.94959710219951
659092,59.0,54.94959710219951,-4.050402897800488
659107,5.0,54.94959710219951,49.94959710219951
659144,60.0,54.94959710219951,-5.050402897800488
659189,33.0,54.94959710219951,21.94959710219951
659236,49.0,54.94959710219951,5.949597102199512
659256,39.0,54.94959710219951,15.949597102199512
659314,59.0,54.94959710219951,-4.050402897800488
659331,87.0,54.94959710219951,-32.05040289780049
659338,3.0,54.94959710219951,51.94959710219951
659347,61.0,54.94959710219951,-6.050402897800488
659365,58.0,54.94959710219951,-3.0504028978004882
659371,61.0,54.94959710219951,-6.050402897800488
659375,58.0,54.94959710219951,-3.0504028978004882
659569,28.0,54.94959710219951,26.94959710219951
659623,28.0,33.315439062121,5.315439062121001
659625,51.0,54.94959710219951,3.9495971021995118
659629,5.0,54.94959710219951,49.94959710219951
659658,34.0,33.315439062121,-0.6845609378789987
659743,54.0,54.94959710219951,0.9495971021995118
659770,4.0,54.94959710219951,50.94959710219951
659798,29.0,33.315439062121,4.315439062121001
659881,37.0,54.94959710219951,17.94959710219951
659996,24.0,33.315439062121,9.315439062121001
660069,33.0,54.94959710219951,21.94959710219951
660170,58.0,54.94959710219951,-3.0504028978004882
660221,67.0,54.94959710219951,-12.050402897800488
660265,27.0,54.94959710219951,27.94959710219951
660310,6.0,54.94959710219951,48.94959710219951
660465,50.0,54.94959710219951,4.949597102199512
660548,26.0,54.94959710219951,28.94959710219951
660703,3.0,54.94959710219951,51.94959710219951
660727,3.0,54.94959710219951,51.94959710219951
660829,26.0,54.94959710219951,28.94959710219951
660872,54.0,54.94959710219951,0.9495971021995118
661060,61.0,54.94959710219951,-6.050402897800488
661078,14.0,32.71514350105437,18.71514350105437
661137,27.0,33.315439062121,6.315439062121001
661206,12.0,54.94959710219951,42.94959710219951
661245,26.0,54.94959710219951,28.94959710219951
661278,25.0,54.94959710219951,29.94959710219951
661291,55.0,54.94959710219951,-0.05040289780048823
661311,0.0,54.94959710219951,54.94959710219951
661531,6.0,54.94959710219951,48.94959710219951
661567,44.0,54.94959710219951,10.949597102199512
661584,61.0,54.94959710219951,-6.050402897800488
661728,10.0,54.94959710219951,44.94959710219951
661803,39.0,54.94959710219951,15.949597102199512
661817,47.0,54.94959710219951,7.949597102199512
661873,5.0,54.94959710219951,49.94959710219951
661995,6.0,54.94959710219951,48.94959710219951
661999,43.0,54.94959710219951,11.949597102199512
662071,33.0,54.94959710219951,21.94959710219951
662103,54.0,54.94959710219951,0.9495971021995118
662341,82.0,54.94959710219951,-27.05040289780049
662351,41.0,54.94959710219951,13.949597102199512
662366,25.0,54.94959710219951,29.94959710219951
662415,58.0,54.94959710219951,-3.0504028978004882
662450,5.0,54.94959710219951,49.94959710219951
662505,19.0,32.71514350105437,13.71514350105437
662570,40.0,54.94959710219951,14.949597102199512
662642,28.0,33.315439062121,5.315439062121001
662670,65.0,54.94959710219951,-10.050402897800488
662784,42.0,54.94959710219951,12.949597102199512
662804,39.0,54.94959710219951,15.949597102199512
662834,14.0,54.94959710219951,40.94959710219951
662885,40.0,54.94959710219951,14.949597102199512
662891,4.0,54.94959710219951,50.94959710219951
662953,60.0,54.94959710219951,-5.050402897800488
662956,48.0,54.94959710219951,6.949597102199512
663014,47.0,54.94959710219951,7.949597102199512
663030,60.0,54.94959710219951,-5.050402897800488
663144,18.0,54.94959710219951,36.94959710219951
663158,40.0,54.94959710219951,14.949597102199512
663159,27.0,33.315439062121,6.315439062121001
663164,7.0,54.94959710219951,47.94959710219951
663194,12.0,32.71514350105437,20.71514350105437
663204,4.0,32.71514350105437,28.71514350105437
663455,5.0,54.94959710219951,49.94959710219951
663586,28.0,54.94959710219951,26.94959710219951
663658,58.0,54.94959710219951,-3.0504028978004882
663698,2.0,54.94959710219951,52.94959710219951
663757,30.0,54.94959710219951,24.94959710219951
663805,4.0,54.94959710219951,50.94959710219951
663819,61.0,54.94959710219951,-6.050402897800488
663894,3.0,32.71514350105437,29.71514350105437
663911,4.0,54.94959710219951,50.94959710219951
664051,26.0,54.94959710219951,28.94959710219951
664066,59.0,54.94959710219951,-4.050402897800488
664095,12.0,54.94959710219951,42.94959710219951
664101,18.0,54.94959710219951,36.94959710219951
664104,5.0,54.94959710219951,49.94959710219951
664133,5.0,54.94959710219951,49.94959710219951
664154,0.0,54.94959710219951,54.94959710219951
664170,25.0,33.315439062121,8.315439062121001
664173,59.0,54.94959710219951,-4.050402897800488
664198,20.0,32.71514350105437,12.71514350105437
664315,12.0,54.94959710219951,42.94959710219951
664348,10.0,54.94959710219951,44.94959710219951
664475,19.0,54.94959710219951,35.94959710219951
664479,7.0,54.94959710219951,47.94959710219951
664512,37.0,33.315439062121,-3.6845609378789987
664621,58.0,54.94959710219951,-3.0504028978004882
664696,58.0,54.94959710219951,-3.0504028978004882
664713,25.0,54.94959710219951,29.94959710219951
664749,27.0,33.315439062121,6.315439062121001
664840,53.0,54.94959710219951,1.9495971021995118
664971,47.0,54.94959710219951,7.949597102199512
664981,42.0,54.94959710219951,12.949597102199512
665127,24.0,33.315439062121,9.315439062121001
665179,19.0,54.94959710219951,35.94959710219951
665232,23.0,33.315439062121,10.315439062121001
665252,52.0,54.94959710219951,2.9495971021995118
665255,15.0,54.94959710219951,39.94959710219951
665381,47.0,54.94959710219951,7.949597102199512
665427,43.0,54.94959710219951,11.949597102199512
665478,5.0,54.94959710219951,49.94959710219951
665492,4.0,54.94959710219951,50.94959710219951
665595,41.0,54.94959710219951,13.949597102199512
665628,49.0,54.94959710219951,5.949597102199512
665648,43.0,54.94959710219951,11.949597102199512
665801,40.0,54.94959710219951,14.949597102199512
665882,5.0,54.94959710219951,49.94959710219951
666004,7.0,54.94959710219951,47.94959710219951
666033,22.0,54.94959710219951,32.94959710219951
666038,6.0,54.94959710219951,48.94959710219951
666055,42.0,54.94959710219951,12.949597102199512
666146,3.0,54.94959710219951,51.94959710219951
666201,58.0,54.94959710219951,-3.0504028978004882
666429,27.0,33.315439062121,6.315439062121001
666464,56.0,54.94959710219951,-1.0504028978004882
666546,26.0,33.315439062121,7.315439062121001
666560,18.0,32.71514350105437,14.71514350105437
666586,6.0,54.94959710219951,48.94959710219951
666588,5.0,54.94959710219951,49.94959710219951
666687,27.0,54.94959710219951,27.94959710219951
666729,47.0,54.94959710219951,7.949597102199512
666887,8.0,54.94959710219951,46.94959710219951
667003,52.0,54.94959710219951,2.9495971021995118
667034,43.0,54.94959710219951,11.949597102199512
667058,40.0,54.94959710219951,14.949597102199512
667193,14.0,54.94959710219951,40.94959710219951
667242,58.0,54.94959710219951,-3.0504028978004882
667307,48.0,33.315439062121,-14.684560937878999
667344,40.0,54.94959710219951,14.949597102199512
667427,13.0,54.94959710219951,41.94959710219951
667452,52.0,54.94959710219951,2.9495971021995118
667630,32.0,54.94959710219951,22.94959710219951
667704,58.0,54.94959710219951,-3.0504028978004882
667718,13.0,32.71514350105437,19.71514350105437
667746,43.0,54.94959710219951,11.949597102199512
667869,25.0,33.315439062121,8.315439062121001
667881,12.0,32.71514350105437,20.71514350105437
668016,40.0,54.94959710219951,14.949597102199512
668164,43.0,54.94959710219951,11.949597102199512
668173,55.0,54.94959710219951,-0.05040289780048823
668372,42.0,54.94959710219951,12.949597102199512
668406,7.0,54.94959710219951,47.94959710219951
668461,26.0,33.315439062121,7.315439062121001
668465,42.0,54.94959710219951,12.949597102199512
668690,40.0,54.94959710219951,14.949597102199512
668809,49.0,54.94959710219951,5.949597102199512
668818,30.0,33.315439062121,3.3154390621210013
668897,59.0,54.94959710219951,-4.050402897800488
669033,49.0,54.94959710219951,5.949597102199512
669038,25.0,33.315439062121,8.315439062121001
669070,27.0,33.315439062121,6.315439062121001
669079,28.0,54.94959710219951,26.94959710219951
669131,58.0,54.94959710219951,-3.0504028978004882
669231,48.0,54.94959710219951,6.949597102199512
669238,12.0,32.71514350105437,20.71514350105437
669273,41.0,54.94959710219951,13.949597102199512
669309,51.0,54.94959710219951,3.9495971021995118
669335,26.0,33.315439062121,7.315439062121001
669379,11.0,54.94959710219951,43.94959710219951
669452,32.0,54.94959710219951,22.94959710219951
669518,19.0,32.71514350105437,13.71514350105437
669526,59.0,54.94959710219951,-4.050402897800488
669573,40.0,54.94959710219951,14.949597102199512
669618,5.0,54.94959710219951,49.94959710219951
669739,60.0,54.94959710219951,-5.050402897800488
669741,33.0,54.94959710219951,21.94959710219951
669746,54.0,54.94959710219951,0.9495971021995118
669747,5.0,54.94959710219951,49.94959710219951
669924,2.0,54.94959710219951,52.94959710219951
669994,25.0,33.315439062121,8.315439062121001
670064,26.0,54.94959710219951,28.94959710219951
670230,27.0,33.315439062121,6.315439062121001
670239,48.0,54.94959710219951,6.949597102199512
670245,1.0,54.94959710219951,53.94959710219951
670318,25.0,54.94959710219951,29.94959710219951
670354,37.0,54.94959710219951,17.94959710219951
670465,59.0,54.94959710219951,-4.050402897800488
670500,29.0,54.94959710219951,25.94959710219951
670538,5.0,54.94959710219951,49.94959710219951
670577,24.0,33.315439062121,9.315439062121001
670600,4.0,54.94959710219951,50.94959710219951
670643,2.0,54.94959710219951,52.94959710219951
670677,24.0,54.94959710219951,30.94959710219951
670723,5.0,54.94959710219951,49.94959710219951
670798,3.0,54.94959710219951,51.94959710219951
671031,43.0,54.94959710219951,11.949597102199512
671090,62.0,54.94959710219951,-7.050402897800488
671241,39.0,54.94959710219951,15.949597102199512
671291,30.0,54.94959710219951,24.94959710219951
671326,58.0,54.94959710219951,-3.0504028978004882
671423,23.0,54.94959710219951,31.94959710219951
671479,5.0,54.94959710219951,49.94959710219951
671483,0.0,54.94959710219951,54.94959710219951
671497,27.0,33.315439062121,6.315439062121001
671515,47.0,54.94959710219951,7.949597102199512
671517,40.0,54.94959710219951,14.949597102199512
671523,0.0,54.94959710219951,54.94959710219951
671554,25.0,54.94959710219951,29.94959710219951
671706,23.0,33.315439062121,10.315439062121001
671716,24.0,54.94959710219951,30.94959710219951
671809,25.0,33.315439062121,8.315439062121001
671855,58.0,54.94959710219951,-3.0504028978004882
671917,58.0,54.94959710219951,-3.0504028978004882
671929,5.0,54.94959710219951,49.94959710219951
671985,1.0,54.94959710219951,53.94959710219951
671996,30.0,54.94959710219951,24.94959710219951
672021,5.0,32.71514350105437,27.71514350105437
672065,41.0,54.94959710219951,13.949597102199512
672149,27.0,33.315439062121,6.315439062121001
672235,5.0,54.94959710219951,49.94959710219951
672356,0.0,54.94959710219951,54.94959710219951
672385,0.0,54.94959710219951,54.94959710219951
672602,27.0,33.315439062121,6.315439062121001
672608,45.0,54.94959710219951,9.949597102199512
672618,26.0,54.94959710219951,28.94959710219951
672635,54.0,54.94959710219951,0.9495971021995118
672650,29.0,33.315439062121,4.315439062121001
672652,26.0,54.94959710219951,28.94959710219951
672658,29.0,54.94959710219951,25.94959710219951
672766,58.0,54.94959710219951,-3.0504028978004882
672842,48.0,54.94959710219951,6.949597102199512
672927,18.0,54.94959710219951,36.94959710219951
672991,48.0,33.315439062121,-14.684560937878999
673104,26.0,54.94959710219951,28.94959710219951
673105,24.0,33.315439062121,9.315439062121001
673296,23.0,33.315439062121,10.315439062121001
673640,33.0,33.315439062121,0.31543906212100126
673651,3.0,54.94959710219951,51.94959710219951
673665,58.0,54.94959710219951,-3.0504028978004882
673685,47.0,54.94959710219951,7.949597102199512
673782,40.0,54.94959710219951,14.949597102199512
673990,27.0,33.315439062121,6.315439062121001
674030,43.0,54.94959710219951,11.949597102199512
674109,17.0,54.94959710219951,37.94959710219951
674120,43.0,54.94959710219951,11.949597102199512
674165,38.0,54.94959710219951,16.94959710219951
674185,5.0,54.94959710219951,49.94959710219951
674194,40.0,54.94959710219951,14.949597102199512
674229,5.0,54.94959710219951,49.94959710219951
674359,40.0,54.94959710219951,14.949597102199512
674381,55.0,54.94959710219951,-0.05040289780048823
674613,44.0,54.94959710219951,10.949597102199512
674617,59.0,54.94959710219951,-4.050402897800488
674771,13.0,54.94959710219951,41.94959710219951
674825,41.0,54.94959710219951,13.949597102199512
674906,59.0,54.94959710219951,-4.050402897800488
674965,5.0,54.94959710219951,49.94959710219951
675142,5.0,54.94959710219951,49.94959710219951
675337,59.0,54.94959710219951,-4.050402897800488
675550,58.0,54.94959710219951,-3.0504028978004882
675590,54.0,54.94959710219951,0.9495971021995118
675760,58.0,54.94959710219951,-3.0504028978004882
675772,38.0,54.94959710219951,16.94959710219951
675818,62.0,54.94959710219951,-7.050402897800488
675892,35.0,54.94959710219951,19.94959710219951
675926,40.0,54.94959710219951,14.949597102199512
675930,49.0,54.94959710219951,5.949597102199512
675964,4.0,54.94959710219951,50.94959710219951
675967,60.0,54.94959710219951,-5.050402897800488
676038,1.0,54.94959710219951,53.94959710219951
676231,24.0,54.94959710219951,30.94959710219951
676282,30.0,33.315439062121,3.3154390621210013
676370,42.0,54.94959710219951,12.949597102199512
676414,5.0,54.94959710219951,49.94959710219951
676550,57.0,54.94959710219951,-2.0504028978004882
676725,49.0,33.315439062121,-15.684560937878999
676774,43.0,54.94959710219951,11.949597102199512
676855,56.0,54.94959710219951,-1.0504028978004882
676887,28.0,54.94959710219951,26.94959710219951
676891,25.0,33.315439062121,8.315439062121001
676893,8.0,54.94959710219951,46.94959710219951
676894,25.0,33.315439062121,8.315439062121001
676962,6.0,54.94959710219951,48.94959710219951
676973,40.0,54.94959710219951,14.949597102199512
677006,5.0,54.94959710219951,49.94959710219951
677025,27.0,54.94959710219951,27.94959710219951
677026,38.0,54.94959710219951,16.94959710219951
677115,61.0,54.94959710219951,-6.050402897800488
677163,30.0,54.94959710219951,24.94959710219951
677199,6.0,54.94959710219951,48.94959710219951
677210,34.0,54.94959710219951,20.94959710219951
677319,59.0,54.94959710219951,-4.050402897800488
677329,26.0,33.315439062121,7.315439062121001
677458,30.0,54.94959710219951,24.94959710219951
677575,4.0,32.71514350105437,28.71514350105437
677671,27.0,33.315439062121,6.315439062121001
677675,48.0,54.94959710219951,6.949597102199512
677709,60.0,54.94959710219951,-5.050402897800488
677712,1.0,54.94959710219951,53.94959710219951
677787,59.0,54.94959710219951,-4.050402897800488
677799,56.0,54.94959710219951,-1.0504028978004882
677850,1.0,54.94959710219951,53.94959710219951
677961,24.0,33.315439062121,9.315439062121001
677964,40.0,54.94959710219951,14.949597102199512
677992,37.0,54.94959710219951,17.94959710219951
678090,20.0,54.94959710219951,34.94959710219951
678096,32.0,54.94959710219951,22.94959710219951
678300,40.0,54.94959710219951,14.949597102199512
678509,60.0,54.94959710219951,-5.050402897800488
678625,15.0,54.94959710219951,39.94959710219951
678631,26.0,33.315439062121,7.315439062121001
678704,6.0,54.94959710219951,48.94959710219951
678716,33.0,54.94959710219951,21.94959710219951
678722,11.0,54.94959710219951,43.94959710219951
678751,114.0,54.94959710219951,-59.05040289780049
678782,40.0,54.94959710219951,14.949597102199512
678796,1.0,54.94959710219951,53.94959710219951
678798,9.0,54.94959710219951,45.94959710219951
678835,82.0,54.94959710219951,-27.05040289780049
678977,22.0,32.71514350105437,10.71514350105437
678993,41.0,54.94959710219951,13.949597102199512
679097,28.0,54.94959710219951,26.94959710219951
679123,28.0,54.94959710219951,26.94959710219951
679132,29.0,54.94959710219951,25.94959710219951
679269,50.0,54.94959710219951,4.949597102199512
679327,55.0,54.94959710219951,-0.05040289780048823
679328,56.0,54.94959710219951,-1.0504028978004882
679364,74.0,54.94959710219951,-19.05040289780049
679366,32.0,54.94959710219951,22.94959710219951
679741,5.0,54.94959710219951,49.94959710219951
679779,40.0,54.94959710219951,14.949597102199512
679796,56.0,54.94959710219951,-1.0504028978004882
679836,6.0,54.94959710219951,48.94959710219951
679854,29.0,33.315439062121,4.315439062121001
679892,59.0,54.94959710219951,-4.050402897800488
680009,58.0,54.94959710219951,-3.0504028978004882
680050,33.0,54.94959710219951,21.94959710219951
680174,26.0,33.315439062121,7.315439062121001
680286,15.0,54.94959710219951,39.94959710219951
680372,36.0,54.94959710219951,18.94959710219951
680386,36.0,54.94959710219951,18.94959710219951
680399,26.0,33.315439062121,7.315439062121001
680428,33.0,54.94959710219951,21.94959710219951
680472,44.0,54.94959710219951,10.949597102199512
680474,27.0,33.315439062121,6.315439062121001
680501,32.0,54.94959710219951,22.94959710219951
680509,60.0,54.94959710219951,-5.050402897800488
680569,47.0,54.94959710219951,7.949597102199512
680632,32.0,54.94959710219951,22.94959710219951
680665,26.0,33.315439062121,7.315439062121001
680680,12.0,54.94959710219951,42.94959710219951
680759,54.0,54.94959710219951,0.9495971021995118
680859,41.0,54.94959710219951,13.949597102199512
680869,5.0,54.94959710219951,49.94959710219951
680918,14.0,54.94959710219951,40.94959710219951
680920,43.0,54.94959710219951,11.949597102199512
680985,5.0,32.71514350105437,27.71514350105437
681132,52.0,54.94959710219951,2.9495971021995118
681142,29.0,54.94959710219951,25.94959710219951
681296,41.0,54.94959710219951,13.949597102199512
681381,5.0,54.94959710219951,49.94959710219951
681578,19.0,54.94959710219951,35.94959710219951
681624,12.0,54.94959710219951,42.94959710219951
681655,23.0,33.315439062121,10.315439062121001
681689,33.0,54.94959710219951,21.94959710219951
681732,58.0,54.94959710219951,-3.0504028978004882
681832,4.0,54.94959710219951,50.94959710219951
681840,31.0,54.94959710219951,23.94959710219951
681904,47.0,54.94959710219951,7.949597102199512
681960,39.0,54.94959710219951,15.949597102199512
682049,9.0,54.94959710219951,45.94959710219951
682062,26.0,54.94959710219951,28.94959710219951
682106,40.0,54.94959710219951,14.949597102199512
682163,19.0,54.94959710219951,35.94959710219951
682176,29.0,54.94959710219951,25.94959710219951
682205,5.0,54.94959710219951,49.94959710219951
682316,7.0,33.315439062121,26.315439062121
682488,26.0,54.94959710219951,28.94959710219951
682560,58.0,54.94959710219951,-3.0504028978004882
682586,27.0,33.315439062121,6.315439062121001
682635,32.0,54.94959710219951,22.94959710219951
682691,40.0,54.94959710219951,14.949597102199512
682858,5.0,54.94959710219951,49.94959710219951
682884,0.0,54.94959710219951,54.94959710219951
682927,54.0,54.94959710219951,0.9495971021995118
682945,34.0,54.94959710219951,20.94959710219951
683023,11.0,54.94959710219951,43.94959710219951
683106,27.0,33.315439062121,6.315439062121001
683135,5.0,54.94959710219951,49.94959710219951
683170,44.0,54.94959710219951,10.949597102199512
683281,39.0,54.94959710219951,15.949597102199512
683303,20.0,33.315439062121,13.315439062121001
683342,4.0,54.94959710219951,50.94959710219951
683361,59.0,54.94959710219951,-4.050402897800488
683404,28.0,33.315439062121,5.315439062121001
683529,38.0,54.94959710219951,16.94959710219951
683532,54.0,54.94959710219951,0.9495971021995118
683623,23.0,33.315439062121,10.315439062121001
683707,7.0,54.94959710219951,47.94959710219951
683889,40.0,54.94959710219951,14.949597102199512
683934,26.0,33.315439062121,7.315439062121001
684249,78.0,54.94959710219951,-23.05040289780049
684366,43.0,54.94959710219951,11.949597102199512
684510,33.0,54.94959710219951,21.94959710219951
684539,15.0,54.94959710219951,39.94959710219951
684629,39.0,33.315439062121,-5.684560937878999
684638,26.0,54.94959710219951,28.94959710219951
684650,64.0,54.94959710219951,-9.050402897800488
684688,1.0,54.94959710219951,53.94959710219951
684709,19.0,54.94959710219951,35.94959710219951
684717,27.0,33.315439062121,6.315439062121001
684751,33.0,54.94959710219951,21.94959710219951
684846,15.0,54.94959710219951,39.94959710219951
684913,27.0,33.315439062121,6.315439062121001
685018,64.0,54.94959710219951,-9.050402897800488
685040,13.0,54.94959710219951,41.94959710219951
685183,44.0,54.94959710219951,10.949597102199512
685409,40.0,54.94959710219951,14.949597102199512
685519,24.0,54.94959710219951,30.94959710219951
685646,5.0,54.94959710219951,49.94959710219951
685796,59.0,54.94959710219951,-4.050402897800488
685885,26.0,33.315439062121,7.315439062121001
685934,36.0,54.94959710219951,18.94959710219951
685961,58.0,54.94959710219951,-3.0504028978004882
685980,40.0,54.94959710219951,14.949597102199512
686010,27.0,33.315439062121,6.315439062121001
686054,7.0,54.94959710219951,47.94959710219951
686197,36.0,54.94959710219951,18.94959710219951
686268,58.0,54.94959710219951,-3.0504028978004882
686284,60.0,54.94959710219951,-5.050402897800488
686293,2.0,54.94959710219951,52.94959710219951
686382,56.0,54.94959710219951,-1.0504028978004882
686504,5.0,54.94959710219951,49.94959710219951
686518,6.0,54.94959710219951,48.94959710219951
686651,48.0,54.94959710219951,6.949597102199512
686840,33.0,33.315439062121,0.31543906212100126
686845,53.0,54.94959710219951,1.9495971021995118
686896,0.0,54.94959710219951,54.94959710219951
687002,61.0,54.94959710219951,-6.050402897800488
687036,58.0,54.94959710219951,-3.0504028978004882
687115,58.0,32.71514350105437,-25.28485649894563
687135,33.0,54.94959710219951,21.94959710219951
687247,134.0,54.94959710219951,-79.0504028978005
687263,5.0,54.94959710219951,49.94959710219951
687414,5.0,54.94959710219951,49.94959710219951
687445,27.0,33.315439062121,6.315439062121001
687476,41.0,54.94959710219951,13.949597102199512
687650,33.0,54.94959710219951,21.94959710219951
687764,39.0,54.94959710219951,15.949597102199512
687787,40.0,54.94959710219951,14.949597102199512
687956,49.0,54.94959710219951,5.949597102199512
687966,59.0,54.94959710219951,-4.050402897800488
688055,38.0,54.94959710219951,16.94959710219951
688078,28.0,54.94959710219951,26.94959710219951
688109,5.0,54.94959710219951,49.94959710219951
688175,25.0,33.315439062121,8.315439062121001
688263,19.0,33.315439062121,14.315439062121001
688370,4.0,54.94959710219951,50.94959710219951
688465,24.0,33.315439062121,9.315439062121001
688721,41.0,54.94959710219951,13.949597102199512
688812,98.0,54.94959710219951,-43.05040289780049
688878,62.0,54.94959710219951,-7.050402897800488
689004,44.0,33.315439062121,-10.684560937878999
689009,7.0,54.94959710219951,47.94959710219951
689123,11.0,54.94959710219951,43.94959710219951
689252,32.0,54.94959710219951,22.94959710219951
689308,58.0,54.94959710219951,-3.0504028978004882
689413,22.0,54.94959710219951,32.94959710219951
689482,40.0,54.94959710219951,14.949597102199512
689536,9.0,54.94959710219951,45.94959710219951
689556,60.0,54.94959710219951,-5.050402897800488
689667,30.0,54.94959710219951,24.94959710219951
689892,30.0,54.94959710219951,24.94959710219951
689918,0.0,54.94959710219951,54.94959710219951
689958,5.0,54.94959710219951,49.94959710219951
689965,25.0,33.315439062121,8.315439062121001
690032,5.0,54.94959710219951,49.94959710219951
690093,5.0,54.94959710219951,49.94959710219951
690110,26.0,54.94959710219951,28.94959710219951
690138,27.0,33.315439062121,6.315439062121001
690179,39.0,54.94959710219951,15.949597102199512
690186,58.0,54.94959710219951,-3.0504028978004882
690314,44.0,54.94959710219951,10.949597102199512
690369,38.0,54.94959710219951,16.94959710219951
690545,40.0,54.94959710219951,14.949597102199512
690557,49.0,54.94959710219951,5.949597102199512
690602,46.0,33.315439062121,-12.684560937878999
690694,7.0,54.94959710219951,47.94959710219951
690709,28.0,54.94959710219951,26.94959710219951
690738,5.0,54.94959710219951,49.94959710219951
690819,53.0,54.94959710219951,1.9495971021995118
690822,33.0,54.94959710219951,21.94959710219951
690943,18.0,33.315439062121,15.315439062121001
690999,39.0,33.315439062121,-5.684560937878999
691102,6.0,54.94959710219951,48.94959710219951
691196,2.0,54.94959710219951,52.94959710219951
691270,27.0,54.94959710219951,27.94959710219951
691298,22.0,54.94959710219951,32.94959710219951
691373,58.0,54.94959710219951,-3.0504028978004882
691463,18.0,54.94959710219951,36.94959710219951
691605,26.0,33.315439062121,7.315439062121001
691638,3.0,54.94959710219951,51.94959710219951
691680,57.0,54.94959710219951,-2.0504028978004882
691699,49.0,54.94959710219951,5.949597102199512
691846,6.0,32.71514350105437,26.71514350105437
691958,54.0,54.94959710219951,0.9495971021995118
692050,60.0,54.94959710219951,-5.050402897800488
692111,43.0,54.94959710219951,11.949597102199512
692164,15.0,33.315439062121,18.315439062121
692194,54.0,54.94959710219951,0.9495971021995118
692248,58.0,54.94959710219951,-3.0504028978004882
692259,60.0,54.94959710219951,-5.050402897800488
692267,58.0,54.94959710219951,-3.0504028978004882
692294,43.0,54.94959710219951,11.949597102199512
692320,40.0,54.94959710219951,14.949597102199512
692325,19.0,54.94959710219951,35.94959710219951
692335,38.0,54.94959710219951,16.94959710219951
692357,61.0,54.94959710219951,-6.050402897800488
692396,5.0,32.71514350105437,27.71514350105437
692490,5.0,54.94959710219951,49.94959710219951
692521,29.0,33.315439062121,4.315439062121001
692895,5.0,54.94959710219951,49.94959710219951
692922,27.0,54.94959710219951,27.94959710219951
692998,39.0,54.94959710219951,15.949597102199512
693015,19.0,54.94959710219951,35.94959710219951
693099,58.0,54.94959710219951,-3.0504028978004882
693105,49.0,33.315439062121,-15.684560937878999
693184,30.0,54.94959710219951,24.94959710219951
693186,58.0,54.94959710219951,-3.0504028978004882
693257,3.0,54.94959710219951,51.94959710219951
693272,32.0,54.94959710219951,22.94959710219951
693337,4.0,32.71514350105437,28.71514350105437
693392,61.0,54.94959710219951,-6.050402897800488
693440,40.0,54.94959710219951,14.949597102199512
693469,5.0,54.94959710219951,49.94959710219951
693511,5.0,32.71514350105437,27.71514350105437
693595,55.0,54.94959710219951,-0.05040289780048823
693646,40.0,54.94959710219951,14.949597102199512
693924,42.0,54.94959710219951,12.949597102199512
693956,59.0,54.94959710219951,-4.050402897800488
694021,27.0,54.94959710219951,27.94959710219951
694036,25.0,33.315439062121,8.315439062121001
694051,61.0,54.94959710219951,-6.050402897800488
694091,60.0,54.94959710219951,-5.050402897800488
694211,33.0,54.94959710219951,21.94959710219951
694214,60.0,54.94959710219951,-5.050402897800488
694410,19.0,54.94959710219951,35.94959710219951
694495,26.0,54.94959710219951,28.94959710219951
694559,56.0,54.94959710219951,-1.0504028978004882
694578,47.0,54.94959710219951,7.949597102199512
694582,53.0,54.94959710219951,1.9495971021995118
694630,5.0,54.94959710219951,49.94959710219951
694684,59.0,54.94959710219951,-4.050402897800488
694717,26.0,33.315439062121,7.315439062121001
694765,27.0,54.94959710219951,27.94959710219951
694837,5.0,54.94959710219951,49.94959710219951
694944,41.0,54.94959710219951,13.949597102199512
694963,4.0,32.71514350105437,28.71514350105437
694996,40.0,54.94959710219951,14.949597102199512
695004,59.0,54.94959710219951,-4.050402897800488
695054,40.0,54.94959710219951,14.949597102199512
695071,27.0,54.94959710219951,27.94959710219951
695081,1.0,54.94959710219951,53.94959710219951
695104,54.0,54.94959710219951,0.9495971021995118
695116,59.0,54.94959710219951,-4.050402897800488
695130,27.0,33.315439062121,6.315439062121001
695172,26.0,54.94959710219951,28.94959710219951
695177,15.0,54.94959710219951,39.94959710219951
695196,5.0,32.71514350105437,27.71514350105437
695274,30.0,54.94959710219951,24.94959710219951
695286,35.0,54.94959710219951,19.94959710219951
695344,6.0,54.94959710219951,48.94959710219951
695372,30.0,33.315439062121,3.3154390621210013
695518,6.0,54.94959710219951,48.94959710219951
695543,21.0,54.94959710219951,33.94959710219951
695551,59.0,54.94959710219951,-4.050402897800488
695703,39.0,54.94959710219951,15.949597102199512
695776,17.0,54.94959710219951,37.94959710219951
695781,24.0,33.315439062121,9.315439062121001
695846,59.0,54.94959710219951,-4.050402897800488
695885,36.0,54.94959710219951,18.94959710219951
695944,82.0,54.94959710219951,-27.05040289780049
696002,64.0,54.94959710219951,-9.050402897800488
696024,33.0,32.71514350105437,-0.28485649894562926
696117,33.0,54.94959710219951,21.94959710219951
696135,20.0,54.94959710219951,34.94959710219951
696137,28.0,54.94959710219951,26.94959710219951
696160,1.0,54.94959710219951,53.94959710219951
696189,12.0,32.71514350105437,20.71514350105437
696195,30.0,54.94959710219951,24.94959710219951
696296,61.0,54.94959710219951,-6.050402897800488
696523,58.0,54.94959710219951,-3.0504028978004882
696545,60.0,54.94959710219951,-5.050402897800488
696553,6.0,54.94959710219951,48.94959710219951
696594,28.0,54.94959710219951,26.94959710219951
696641,8.0,54.94959710219951,46.94959710219951
696907,6.0,54.94959710219951,48.94959710219951
696983,47.0,54.94959710219951,7.949597102199512
697034,61.0,54.94959710219951,-6.050402897800488
697134,47.0,54.94959710219951,7.949597102199512
697157,61.0,54.94959710219951,-6.050402897800488
697172,40.0,54.94959710219951,14.949597102199512
697411,46.0,54.94959710219951,8.949597102199512
697434,61.0,54.94959710219951,-6.050402897800488
697442,2.0,54.94959710219951,52.94959710219951
697568,27.0,33.315439062121,6.315439062121001
697614,28.0,54.94959710219951,26.94959710219951
697652,55.0,54.94959710219951,-0.05040289780048823
697706,47.0,33.315439062121,-13.684560937878999
697784,25.0,33.315439062121,8.315439062121001
697898,59.0,54.94959710219951,-4.050402897800488
697935,26.0,54.94959710219951,28.94959710219951
698042,41.0,33.315439062121,-7.684560937878999
698158,39.0,54.94959710219951,15.949597102199512
698237,61.0,54.94959710219951,-6.050402897800488
698292,29.0,54.94959710219951,25.94959710219951
698324,42.0,54.94959710219951,12.949597102199512
698452,60.0,54.94959710219951,-5.050402897800488
698493,44.0,54.94959710219951,10.949597102199512
698500,55.0,54.94959710219951,-0.05040289780048823
698624,26.0,54.94959710219951,28.94959710219951
698773,54.0,54.94959710219951,0.9495971021995118
698776,43.0,54.94959710219951,11.949597102199512
698884,6.0,54.94959710219951,48.94959710219951
698992,60.0,54.94959710219951,-5.050402897800488
699010,12.0,54.94959710219951,42.94959710219951
699015,7.0,54.94959710219951,47.94959710219951
699290,3.0,54.94959710219951,51.94959710219951
699291,4.0,54.94959710219951,50.94959710219951
699304,0.0,54.94959710219951,54.94959710219951
699305,3.0,54.94959710219951,51.94959710219951
699359,54.0,54.94959710219951,0.9495971021995118
699380,26.0,54.94959710219951,28.94959710219951
699459,55.0,54.94959710219951,-0.05040289780048823
699557,24.0,33.315439062121,9.315439062121001
699618,58.0,54.94959710219951,-3.0504028978004882
699708,44.0,54.94959710219951,10.949597102199512
699716,30.0,54.94959710219951,24.94959710219951
699754,40.0,54.94959710219951,14.949597102199512
699801,10.0,54.94959710219951,44.94959710219951
699921,48.0,54.94959710219951,6.949597102199512
700039,19.0,54.94959710219951,35.94959710219951
700058,40.0,54.94959710219951,14.949597102199512
700096,26.0,54.94959710219951,28.94959710219951
700360,41.0,54.94959710219951,13.949597102199512
700390,12.0,54.94959710219951,42.94959710219951
700413,32.0,54.94959710219951,22.94959710219951
700415,6.0,54.94959710219951,48.94959710219951
700459,40.0,54.94959710219951,14.949597102199512
700493,5.0,32.71514350105437,27.71514350105437
700700,54.0,54.94959710219951,0.9495971021995118
700704,2.0,54.94959710219951,52.94959710219951
700711,71.0,54.94959710219951,-16.05040289780049
700753,55.0,54.94959710219951,-0.05040289780048823
700757,27.0,33.315439062121,6.315439062121001
700869,5.0,54.94959710219951,49.94959710219951
700973,10.0,54.94959710219951,44.94959710219951
701013,33.0,54.94959710219951,21.94959710219951
701048,60.0,54.94959710219951,-5.050402897800488
701063,39.0,54.94959710219951,15.949597102199512
701090,44.0,54.94959710219951,10.949597102199512
701183,26.0,54.94959710219951,28.94959710219951
701192,20.0,33.315439062121,13.315439062121001
701227,5.0,54.94959710219951,49.94959710219951
701271,5.0,54.94959710219951,49.94959710219951
701319,86.0,54.94959710219951,-31.05040289780049
701327,46.0,54.94959710219951,8.949597102199512
701417,45.0,54.94959710219951,9.949597102199512
701439,6.0,54.94959710219951,48.94959710219951
701515,13.0,54.94959710219951,41.94959710219951
701620,2.0,54.94959710219951,52.94959710219951
701625,55.0,54.94959710219951,-0.05040289780048823
701650,40.0,54.94959710219951,14.949597102199512
701681,37.0,54.94959710219951,17.94959710219951
701699,2.0,54.94959710219951,52.94959710219951
701716,62.0,54.94959710219951,-7.050402897800488
701723,40.0,54.94959710219951,14.949597102199512
701754,1.0,54.94959710219951,53.94959710219951
701784,37.0,54.94959710219951,17.94959710219951
701850,5.0,54.94959710219951,49.94959710219951
701851,33.0,54.94959710219951,21.94959710219951
701952,26.0,32.71514350105437,6.715143501054371
702037,120.0,54.94959710219951,-65.0504028978005
702045,57.0,54.94959710219951,-2.0504028978004882
702097,66.0,54.94959710219951,-11.050402897800488
702143,55.0,54.94959710219951,-0.05040289780048823
702296,35.0,54.94959710219951,19.94959710219951
702399,45.0,54.94959710219951,9.949597102199512
702419,47.0,54.94959710219951,7.949597102199512
702481,58.0,54.94959710219951,-3.0504028978004882
702504,47.0,54.94959710219951,7.949597102199512
702622,6.0,54.94959710219951,48.94959710219951
702730,47.0,54.94959710219951,7.949597102199512
702805,43.0,54.94959710219951,11.949597102199512
702985,4.0,54.94959710219951,50.94959710219951
703203,43.0,54.94959710219951,11.949597102199512
703379,25.0,54.94959710219951,29.94959710219951
703396,47.0,54.94959710219951,7.949597102199512
703462,60.0,54.94959710219951,-5.050402897800488
703478,58.0,54.94959710219951,-3.0504028978004882
703486,29.0,33.315439062121,4.315439062121001
703683,13.0,54.94959710219951,41.94959710219951
703825,53.0,54.94959710219951,1.9495971021995118
703879,3.0,54.94959710219951,51.94959710219951
704015,5.0,54.94959710219951,49.94959710219951
704193,30.0,54.94959710219951,24.94959710219951
704196,61.0,54.94959710219951,-6.050402897800488
704215,44.0,54.94959710219951,10.949597102199512
704256,1.0,54.94959710219951,53.94959710219951
704390,41.0,54.94959710219951,13.949597102199512
704434,40.0,54.94959710219951,14.949597102199512
704538,26.0,54.94959710219951,28.94959710219951
704546,31.0,54.94959710219951,23.94959710219951
704704,5.0,54.94959710219951,49.94959710219951
704724,7.0,54.94959710219951,47.94959710219951
704738,39.0,54.94959710219951,15.949597102199512
704792,25.0,54.94959710219951,29.94959710219951
704808,5.0,54.94959710219951,49.94959710219951
704969,0.0,54.94959710219951,54.94959710219951
705046,5.0,54.94959710219951,49.94959710219951
705066,42.0,54.94959710219951,12.949597102199512
705129,48.0,54.94959710219951,6.949597102199512
705204,37.0,54.94959710219951,17.94959710219951
705259,27.0,54.94959710219951,27.94959710219951
705427,27.0,33.315439062121,6.315439062121001
705432,59.0,54.94959710219951,-4.050402897800488
705489,29.0,33.315439062121,4.315439062121001
705557,36.0,54.94959710219951,18.94959710219951
705601,40.0,54.94959710219951,14.949597102199512
705928,5.0,54.94959710219951,49.94959710219951
705978,60.0,54.94959710219951,-5.050402897800488
705980,48.0,54.94959710219951,6.949597102199512
706059,59.0,54.94959710219951,-4.050402897800488
706222,12.0,54.94959710219951,42.94959710219951
706278,40.0,54.94959710219951,14.949597102199512
706285,59.0,54.94959710219951,-4.050402897800488
706287,5.0,54.94959710219951,49.94959710219951
706323,33.0,54.94959710219951,21.94959710219951
706478,68.0,54.94959710219951,-13.050402897800488
706524,26.0,54.94959710219951,28.94959710219951
706697,47.0,54.94959710219951,7.949597102199512
706709,32.0,54.94959710219951,22.94959710219951
706803,99.0,54.94959710219951,-44.05040289780049
707082,55.0,54.94959710219951,-0.05040289780048823
707181,43.0,54.94959710219951,11.949597102199512
707208,24.0,33.315439062121,9.315439062121001
707233,40.0,54.94959710219951,14.949597102199512
707234,48.0,54.94959710219951,6.949597102199512
707242,27.0,33.315439062121,6.315439062121001
707265,5.0,54.94959710219951,49.94959710219951
707289,27.0,54.94959710219951,27.94959710219951
707322,24.0,33.315439062121,9.315439062121001
707329,47.0,54.94959710219951,7.949597102199512
707480,40.0,54.94959710219951,14.949597102199512
707546,61.0,54.94959710219951,-6.050402897800488
707603,40.0,54.94959710219951,14.949597102199512
707734,58.0,54.94959710219951,-3.0504028978004882
707894,58.0,54.94959710219951,-3.0504028978004882
707899,13.0,54.94959710219951,41.94959710219951
707942,61.0,54.94959710219951,-6.050402897800488
708063,32.0,54.94959710219951,22.94959710219951
708085,19.0,54.94959710219951,35.94959710219951
708291,59.0,54.94959710219951,-4.050402897800488
708382,54.0,54.94959710219951,0.9495971021995118
708394,17.0,32.71514350105437,15.71514350105437
708588,27.0,54.94959710219951,27.94959710219951
708635,47.0,54.94959710219951,7.949597102199512
708665,26.0,54.94959710219951,28.94959710219951
708753,26.0,33.315439062121,7.315439062121001
708874,30.0,54.94959710219951,24.94959710219951
708951,1.0,54.94959710219951,53.94959710219951
708970,53.0,54.94959710219951,1.9495971021995118
709040,60.0,54.94959710219951,-5.050402897800488
709043,28.0,33.315439062121,5.315439062121001
709143,43.0,54.94959710219951,11.949597102199512
709180,2.0,54.94959710219951,52.94959710219951
709202,40.0,54.94959710219951,14.949597102199512
709285,2.0,54.94959710219951,52.94959710219951
709327,31.0,54.94959710219951,23.94959710219951
709328,48.0,54.94959710219951,6.949597102199512
709343,26.0,33.315439062121,7.315439062121001
709610,33.0,54.94959710219951,21.94959710219951
709633,29.0,54.94959710219951,25.94959710219951
709662,30.0,54.94959710219951,24.94959710219951
709711,1.0,54.94959710219951,53.94959710219951
709832,21.0,33.315439062121,12.315439062121001
709876,40.0,54.94959710219951,14.949597102199512
709933,108.0,54.94959710219951,-53.05040289780049
709995,42.0,54.94959710219951,12.949597102199512
709996,58.0,54.94959710219951,-3.0504028978004882
710069,45.0,54.94959710219951,9.949597102199512
710095,80.0,33.315439062121,-46.684560937879
710156,25.0,33.315439062121,8.315439062121001
710185,66.0,54.94959710219951,-11.050402897800488
710266,34.0,54.94959710219951,20.94959710219951
710311,29.0,54.94959710219951,25.94959710219951
710410,22.0,33.315439062121,11.315439062121001
710434,12.0,54.94959710219951,42.94959710219951
710538,29.0,54.94959710219951,25.94959710219951
710644,26.0,54.94959710219951,28.94959710219951
710681,19.0,54.94959710219951,35.94959710219951
710693,39.0,54.94959710219951,15.949597102199512
710784,5.0,32.71514350105437,27.71514350105437
710850,60.0,54.94959710219951,-5.050402897800488
710901,43.0,54.94959710219951,11.949597102199512
710925,29.0,54.94959710219951,25.94959710219951
711040,26.0,33.315439062121,7.315439062121001
711082,44.0,54.94959710219951,10.949597102199512
711186,12.0,32.71514350105437,20.71514350105437
711267,33.0,54.94959710219951,21.94959710219951
711319,58.0,54.94959710219951,-3.0504028978004882
711418,5.0,54.94959710219951,49.94959710219951
711466,62.0,54.94959710219951,-7.050402897800488
711599,36.0,54.94959710219951,18.94959710219951
711772,19.0,54.94959710219951,35.94959710219951
711794,29.0,54.94959710219951,25.94959710219951
711875,36.0,54.94959710219951,18.94959710219951
711990,2.0,54.94959710219951,52.94959710219951
712009,26.0,33.315439062121,7.315439062121001
712105,38.0,54.94959710219951,16.94959710219951
712158,60.0,54.94959710219951,-5.050402897800488
712252,98.0,54.94959710219951,-43.05040289780049
712449,53.0,54.94959710219951,1.9495971021995118
712603,26.0,54.94959710219951,28.94959710219951
712630,31.0,54.94959710219951,23.94959710219951
712632,40.0,54.94959710219951,14.949597102199512
712658,48.0,54.94959710219951,6.949597102199512
712680,47.0,54.94959710219951,7.949597102199512
712746,19.0,54.94959710219951,35.94959710219951
712881,11.0,54.94959710219951,43.94959710219951
712950,23.0,33.315439062121,10.315439062121001
712956,6.0,54.94959710219951,48.94959710219951
713016,28.0,33.315439062121,5.315439062121001
713030,39.0,54.94959710219951,15.949597102199512
713060,59.0,54.94959710219951,-4.050402897800488
713069,40.0,54.94959710219951,14.949597102199512
713081,61.0,54.94959710219951,-6.050402897800488
713133,2.0,54.94959710219951,52.94959710219951
713137,48.0,33.315439062121,-14.684560937878999
713174,1.0,54.94959710219951,53.94959710219951
713210,45.0,54.94959710219951,9.949597102199512
713274,57.0,54.94959710219951,-2.0504028978004882
713351,4.0,54.94959710219951,50.94959710219951
713405,40.0,54.94959710219951,14.949597102199512
713433,40.0,54.94959710219951,14.949597102199512
713499,48.0,54.94959710219951,6.949597102199512
713654,62.0,54.94959710219951,-7.050402897800488
713694,75.0,54.94959710219951,-20.05040289780049
713790,38.0,54.94959710219951,16.94959710219951
713817,34.0,54.94959710219951,20.94959710219951
713942,61.0,54.94959710219951,-6.050402897800488
714073,39.0,54.94959710219951,15.949597102199512
714075,149.0,54.94959710219951,-94.0504028978005
714116,23.0,54.94959710219951,31.94959710219951
714137,50.0,54.94959710219951,4.949597102199512
714139,40.0,54.94959710219951,14.949597102199512
714159,53.0,54.94959710219951,1.9495971021995118
714270,5.0,54.94959710219951,49.94959710219951
714318,26.0,33.315439062121,7.315439062121001
714338,36.0,54.94959710219951,18.94959710219951
714431,57.0,54.94959710219951,-2.0504028978004882
714457,23.0,33.315439062121,10.315439062121001
714480,44.0,54.94959710219951,10.949597102199512
714500,36.0,54.94959710219951,18.94959710219951
714506,19.0,54.94959710219951,35.94959710219951
714562,33.0,54.94959710219951,21.94959710219951
714603,62.0,54.94959710219951,-7.050402897800488
714850,45.0,54.94959710219951,9.949597102199512
714879,11.0,33.315439062121,22.315439062121
714892,62.0,54.94959710219951,-7.050402897800488
714898,10.0,54.94959710219951,44.94959710219951
714903,11.0,54.94959710219951,43.94959710219951
714905,7.0,54.94959710219951,47.94959710219951
715008,45.0,54.94959710219951,9.949597102199512
715053,7.0,54.94959710219951,47.94959710219951
715060,19.0,54.94959710219951,35.94959710219951
715070,120.0,54.94959710219951,-65.0504028978005
715098,4.0,54.94959710219951,50.94959710219951
715126,11.0,54.94959710219951,43.94959710219951
715210,9.0,54.94959710219951,45.94959710219951
715223,42.0,54.94959710219951,12.949597102199512
715278,43.0,54.94959710219951,11.949597102199512
715332,29.0,54.94959710219951,25.94959710219951
715377,41.0,54.94959710219951,13.949597102199512
715470,54.0,54.94959710219951,0.9495971021995118
715522,62.0,54.94959710219951,-7.050402897800488
715546,48.0,54.94959710219951,6.949597102199512
715618,4.0,32.71514350105437,28.71514350105437
715628,46.0,54.94959710219951,8.949597102199512
715776,4.0,54.94959710219951,50.94959710219951
716145,0.0,54.94959710219951,54.94959710219951
716207,8.0,32.71514350105437,24.71514350105437
716236,48.0,54.94959710219951,6.949597102199512
716268,35.0,54.94959710219951,19.94959710219951
716379,54.0,54.94959710219951,0.9495971021995118
716410,41.0,54.94959710219951,13.949597102199512
716415,28.0,33.315439062121,5.315439062121001
716445,61.0,54.94959710219951,-6.050402897800488
716479,26.0,54.94959710219951,28.94959710219951
716496,19.0,32.71514350105437,13.71514350105437
716524,46.0,54.94959710219951,8.949597102199512
716546,12.0,54.94959710219951,42.94959710219951
716646,47.0,54.94959710219951,7.949597102199512
716794,5.0,54.94959710219951,49.94959710219951
716838,5.0,54.94959710219951,49.94959710219951
716878,26.0,54.94959710219951,28.94959710219951
717000,53.0,54.94959710219951,1.9495971021995118
717048,54.0,54.94959710219951,0.9495971021995118
717193,5.0,54.94959710219951,49.94959710219951
717224,1.0,54.94959710219951,53.94959710219951
717226,28.0,54.94959710219951,26.94959710219951
717348,3.0,54.94959710219951,51.94959710219951
717411,18.0,54.94959710219951,36.94959710219951
717475,13.0,54.94959710219951,41.94959710219951
717505,27.0,54.94959710219951,27.94959710219951
717516,40.0,54.94959710219951,14.949597102199512
717590,32.0,33.315439062121,1.3154390621210013
717610,29.0,54.94959710219951,25.94959710219951
717623,26.0,54.94959710219951,28.94959710219951
717671,110.0,54.94959710219951,-55.05040289780049
717883,26.0,54.94959710219951,28.94959710219951
717928,25.0,33.315439062121,8.315439062121001
717962,5.0,54.94959710219951,49.94959710219951
718018,51.0,54.94959710219951,3.9495971021995118
718208,54.0,54.94959710219951,0.9495971021995118
718304,42.0,54.94959710219951,12.949597102199512
718332,26.0,54.94959710219951,28.94959710219951
718450,58.0,54.94959710219951,-3.0504028978004882
718543,32.0,54.94959710219951,22.94959710219951
718564,29.0,54.94959710219951,25.94959710219951
718586,1.0,54.94959710219951,53.94959710219951
718631,38.0,54.94959710219951,16.94959710219951
718719,27.0,54.94959710219951,27.94959710219951
718981,40.0,54.94959710219951,14.949597102199512
719093,26.0,54.94959710219951,28.94959710219951
719205,14.0,54.94959710219951,40.94959710219951
719221,28.0,54.94959710219951,26.94959710219951
719325,12.0,32.71514350105437,20.71514350105437
719375,16.0,54.94959710219951,38.94959710219951
719428,28.0,33.315439062121,5.315439062121001
719443,54.0,54.94959710219951,0.9495971021995118
719534,49.0,54.94959710219951,5.949597102199512
719586,59.0,54.94959710219951,-4.050402897800488
719620,27.0,33.315439062121,6.315439062121001
719778,29.0,54.94959710219951,25.94959710219951
719846,37.0,54.94959710219951,17.94959710219951
719860,28.0,54.94959710219951,26.94959710219951
719979,43.0,54.94959710219951,11.949597102199512
720126,37.0,54.94959710219951,17.94959710219951
720141,30.0,54.94959710219951,24.94959710219951
720144,5.0,54.94959710219951,49.94959710219951
720369,40.0,54.94959710219951,14.949597102199512
720396,26.0,54.94959710219951,28.94959710219951
720497,41.0,33.315439062121,-7.684560937878999
720523,23.0,33.315439062121,10.315439062121001
720530,54.0,54.94959710219951,0.9495971021995118
720768,68.0,54.94959710219951,-13.050402897800488
720781,5.0,54.94959710219951,49.94959710219951
720799,58.0,54.94959710219951,-3.0504028978004882
721019,6.0,54.94959710219951,48.94959710219951
721024,26.0,54.94959710219951,28.94959710219951
721052,12.0,54.94959710219951,42.94959710219951
721067,4.0,54.94959710219951,50.94959710219951
721088,5.0,54.94959710219951,49.94959710219951
721149,40.0,54.94959710219951,14.949597102199512
721564,49.0,54.94959710219951,5.949597102199512
721716,41.0,54.94959710219951,13.949597102199512
721733,5.0,54.94959710219951,49.94959710219951
721921,28.0,54.94959710219951,26.94959710219951
722123,66.0,54.94959710219951,-11.050402897800488
722269,40.0,54.94959710219951,14.949597102199512
722274,22.0,54.94959710219951,32.94959710219951
722288,12.0,54.94959710219951,42.94959710219951
722298,60.0,54.94959710219951,-5.050402897800488
722309,51.0,54.94959710219951,3.9495971021995118
722373,40.0,54.94959710219951,14.949597102199512
722389,12.0,54.94959710219951,42.94959710219951
722485,11.0,54.94959710219951,43.94959710219951
722508,60.0,54.94959710219951,-5.050402897800488
722709,60.0,54.94959710219951,-5.050402897800488
722741,8.0,33.315439062121,25.315439062121
722860,52.0,54.94959710219951,2.9495971021995118
722894,33.0,54.94959710219951,21.94959710219951
722895,30.0,54.94959710219951,24.94959710219951
722984,88.0,54.94959710219951,-33.05040289780049
722995,56.0,54.94959710219951,-1.0504028978004882
723018,2.0,54.94959710219951,52.94959710219951
723099,11.0,54.94959710219951,43.94959710219951
723125,40.0,54.94959710219951,14.949597102199512
723126,33.0,54.94959710219951,21.94959710219951
723137,36.0,54.94959710219951,18.94959710219951
723350,15.0,54.94959710219951,39.94959710219951
723379,27.0,54.94959710219951,27.94959710219951
723399,3.0,54.94959710219951,51.94959710219951
723507,9.0,33.315439062121,24.315439062121
723620,53.0,54.94959710219951,1.9495971021995118
723642,27.0,54.94959710219951,27.94959710219951
723937,56.0,54.94959710219951,-1.0504028978004882
724120,58.0,54.94959710219951,-3.0504028978004882
724150,42.0,54.94959710219951,12.949597102199512
724232,32.0,54.94959710219951,22.94959710219951
724285,40.0,54.94959710219951,14.949597102199512
724298,51.0,54.94959710219951,3.9495971021995118
724523,5.0,54.94959710219951,49.94959710219951
724535,26.0,54.94959710219951,28.94959710219951
724791,3.0,54.94959710219951,51.94959710219951
724836,5.0,32.71514350105437,27.71514350105437
724909,4.0,54.94959710219951,50.94959710219951
724918,35.0,33.315439062121,-1.6845609378789987
724956,43.0,54.94959710219951,11.949597102199512
724957,40.0,54.94959710219951,14.949597102199512
725077,55.0,54.94959710219951,-0.05040289780048823
725188,5.0,54.94959710219951,49.94959710219951
725200,2.0,54.94959710219951,52.94959710219951
725302,10.0,54.94959710219951,44.94959710219951
725333,2.0,54.94959710219951,52.94959710219951
725400,57.0,54.94959710219951,-2.0504028978004882
725451,40.0,54.94959710219951,14.949597102199512
725476,5.0,54.94959710219951,49.94959710219951
725571,24.0,33.315439062121,9.315439062121001
725674,5.0,54.94959710219951,49.94959710219951
725765,60.0,54.94959710219951,-5.050402897800488
725874,30.0,33.315439062121,3.3154390621210013
725899,27.0,33.315439062121,6.315439062121001
725953,32.0,33.315439062121,1.3154390621210013
726015,41.0,54.94959710219951,13.949597102199512
726101,6.0,54.94959710219951,48.94959710219951
726105,38.0,54.94959710219951,16.94959710219951
726260,40.0,54.94959710219951,14.949597102199512
726388,39.0,54.94959710219951,15.949597102199512
726404,30.0,54.94959710219951,24.94959710219951
726527,55.0,54.94959710219951,-0.05040289780048823
726715,40.0,54.94959710219951,14.949597102199512
726722,28.0,54.94959710219951,26.94959710219951
726815,5.0,32.71514350105437,27.71514350105437
727099,29.0,54.94959710219951,25.94959710219951
727135,31.0,54.94959710219951,23.94959710219951
727198,62.0,54.94959710219951,-7.050402897800488
727384,47.0,54.94959710219951,7.949597102199512
727388,40.0,54.94959710219951,14.949597102199512
727453,5.0,32.71514350105437,27.71514350105437
727461,42.0,54.94959710219951,12.949597102199512
727472,6.0,54.94959710219951,48.94959710219951
727569,55.0,33.315439062121,-21.684560937879
727606,55.0,54.94959710219951,-0.05040289780048823
727677,61.0,54.94959710219951,-6.050402897800488
727680,54.0,54.94959710219951,0.9495971021995118
727722,55.0,54.94959710219951,-0.05040289780048823
727832,58.0,54.94959710219951,-3.0504028978004882
727864,61.0,54.94959710219951,-6.050402897800488
727968,41.0,54.94959710219951,13.949597102199512
728265,60.0,54.94959710219951,-5.050402897800488
728280,41.0,54.94959710219951,13.949597102199512
728289,46.0,54.94959710219951,8.949597102199512
728316,13.0,54.94959710219951,41.94959710219951
728322,39.0,54.94959710219951,15.949597102199512
728325,58.0,54.94959710219951,-3.0504028978004882
728354,37.0,54.94959710219951,17.94959710219951
728518,20.0,54.94959710219951,34.94959710219951
728533,26.0,54.94959710219951,28.94959710219951
728558,39.0,54.94959710219951,15.949597102199512
728581,25.0,33.315439062121,8.315439062121001
728623,48.0,54.94959710219951,6.949597102199512
728654,23.0,54.94959710219951,31.94959710219951
728674,27.0,33.315439062121,6.315439062121001
728693,45.0,54.94959710219951,9.949597102199512
728789,28.0,54.94959710219951,26.94959710219951
728794,61.0,54.94959710219951,-6.050402897800488
728852,27.0,33.315439062121,6.315439062121001
728890,28.0,33.315439062121,5.315439062121001
729049,32.0,54.94959710219951,22.94959710219951
729050,28.0,32.71514350105437,4.715143501054371
729054,11.0,54.94959710219951,43.94959710219951
729155,26.0,54.94959710219951,28.94959710219951
729184,40.0,54.94959710219951,14.949597102199512
729213,40.0,54.94959710219951,14.949597102199512
729226,6.0,54.94959710219951,48.94959710219951
729340,60.0,54.94959710219951,-5.050402897800488
729426,39.0,54.94959710219951,15.949597102199512
729513,64.0,54.94959710219951,-9.050402897800488
729645,42.0,33.315439062121,-8.684560937878999
729675,6.0,54.94959710219951,48.94959710219951
729682,41.0,33.315439062121,-7.684560937878999
729697,5.0,54.94959710219951,49.94959710219951
729788,26.0,54.94959710219951,28.94959710219951
729806,27.0,54.94959710219951,27.94959710219951
729830,34.0,54.94959710219951,20.94959710219951
729874,27.0,33.315439062121,6.315439062121001
729943,84.0,54.94959710219951,-29.05040289780049
730022,26.0,54.94959710219951,28.94959710219951
730031,45.0,33.315439062121,-11.684560937878999
730164,24.0,33.315439062121,9.315439062121001
730305,27.0,33.315439062121,6.315439062121001
730520,40.0,54.94959710219951,14.949597102199512
730604,40.0,54.94959710219951,14.949597102199512
730668,33.0,54.94959710219951,21.94959710219951
730684,39.0,54.94959710219951,15.949597102199512
730754,32.0,54.94959710219951,22.94959710219951
730767,18.0,54.94959710219951,36.94959710219951
730972,9.0,54.94959710219951,45.94959710219951
731080,61.0,54.94959710219951,-6.050402897800488
731081,13.0,32.71514350105437,19.71514350105437
731206,40.0,54.94959710219951,14.949597102199512
731241,25.0,33.315439062121,8.315439062121001
731366,39.0,54.94959710219951,15.949597102199512
731373,59.0,54.94959710219951,-4.050402897800488
731460,54.0,54.94959710219951,0.9495971021995118
731461,29.0,54.94959710219951,25.94959710219951
731611,26.0,54.94959710219951,28.94959710219951
731666,1.0,54.94959710219951,53.94959710219951
731773,6.0,54.94959710219951,48.94959710219951
731936,20.0,54.94959710219951,34.94959710219951
731937,39.0,54.94959710219951,15.949597102199512
731970,43.0,54.94959710219951,11.949597102199512
732078,1.0,54.94959710219951,53.94959710219951
732191,4.0,32.71514350105437,28.71514350105437
732303,33.0,54.94959710219951,21.94959710219951
732309,38.0,54.94959710219951,16.94959710219951
732319,33.0,54.94959710219951,21.94959710219951
732334,61.0,54.94959710219951,-6.050402897800488
732336,26.0,33.315439062121,7.315439062121001
732400,33.0,54.94959710219951,21.94959710219951
732446,71.0,54.94959710219951,-16.05040289780049
732524,40.0,54.94959710219951,14.949597102199512
732554,69.0,54.94959710219951,-14.050402897800488
732561,29.0,54.94959710219951,25.94959710219951
732707,54.0,54.94959710219951,0.9495971021995118
732771,19.0,32.71514350105437,13.71514350105437
732872,29.0,54.94959710219951,25.94959710219951
732899,50.0,54.94959710219951,4.949597102199512
732951,3.0,54.94959710219951,51.94959710219951
732994,12.0,32.71514350105437,20.71514350105437
733121,59.0,54.94959710219951,-4.050402897800488
733206,2.0,54.94959710219951,52.94959710219951
733223,9.0,54.94959710219951,45.94959710219951
733290,41.0,54.94959710219951,13.949597102199512
733498,19.0,54.94959710219951,35.94959710219951
733594,11.0,54.94959710219951,43.94959710219951
733666,33.0,54.94959710219951,21.94959710219951
733706,54.0,54.94959710219951,0.9495971021995118
733944,32.0,54.94959710219951,22.94959710219951
734025,5.0,54.94959710219951,49.94959710219951
734120,5.0,54.94959710219951,49.94959710219951
734267,45.0,54.94959710219951,9.949597102199512
734297,41.0,54.94959710219951,13.949597102199512
734371,6.0,54.94959710219951,48.94959710219951
734388,27.0,33.315439062121,6.315439062121001
734478,26.0,54.94959710219951,28.94959710219951
734558,28.0,33.315439062121,5.315439062121001
734593,36.0,54.94959710219951,18.94959710219951
734779,61.0,54.94959710219951,-6.050402897800488
734891,28.0,54.94959710219951,26.94959710219951
734911,43.0,54.94959710219951,11.949597102199512
734998,40.0,54.94959710219951,14.949597102199512
735008,58.0,54.94959710219951,-3.0504028978004882
735057,31.0,54.94959710219951,23.94959710219951
735121,19.0,54.94959710219951,35.94959710219951
735210,3.0,54.94959710219951,51.94959710219951
735257,27.0,54.94959710219951,27.94959710219951
735261,49.0,54.94959710219951,5.949597102199512
735289,59.0,54.94959710219951,-4.050402897800488
735330,31.0,54.94959710219951,23.94959710219951
735365,5.0,54.94959710219951,49.94959710219951
735397,30.0,54.94959710219951,24.94959710219951
735443,30.0,54.94959710219951,24.94959710219951
735478,54.0,54.94959710219951,0.9495971021995118
735486,33.0,54.94959710219951,21.94959710219951
735690,47.0,54.94959710219951,7.949597102199512
735839,4.0,54.94959710219951,50.94959710219951
735889,24.0,33.315439062121,9.315439062121001
736006,15.0,33.315439062121,18.315439062121
736135,40.0,54.94959710219951,14.949597102199512
736215,47.0,54.94959710219951,7.949597102199512
736240,25.0,33.315439062121,8.315439062121001
736262,42.0,54.94959710219951,12.949597102199512
736271,56.0,54.94959710219951,-1.0504028978004882
736422,64.0,54.94959710219951,-9.050402897800488
736473,31.0,33.315439062121,2.3154390621210013
736584,54.0,54.94959710219951,0.9495971021995118
736599,5.0,54.94959710219951,49.94959710219951
736634,48.0,54.94959710219951,6.949597102199512
736894,1.0,32.71514350105437,31.71514350105437
736968,3.0,54.94959710219951,51.94959710219951
736995,42.0,54.94959710219951,12.949597102199512
737012,61.0,54.94959710219951,-6.050402897800488
737128,19.0,32.71514350105437,13.71514350105437
737187,48.0,54.94959710219951,6.949597102199512
737381,43.0,54.94959710219951,11.949597102199512
737481,65.0,54.94959710219951,-10.050402897800488
737485,59.0,54.94959710219951,-4.050402897800488
737540,7.0,54.94959710219951,47.94959710219951
737642,12.0,54.94959710219951,42.94959710219951
737807,28.0,33.315439062121,5.315439062121001
737855,54.0,54.94959710219951,0.9495971021995118
737919,15.0,54.94959710219951,39.94959710219951
737992,5.0,54.94959710219951,49.94959710219951
738002,4.0,54.94959710219951,50.94959710219951
738050,24.0,33.315439062121,9.315439062121001
738073,26.0,54.94959710219951,28.94959710219951
738126,48.0,54.94959710219951,6.949597102199512
738184,5.0,32.71514350105437,27.71514350105437
738227,23.0,33.315439062121,10.315439062121001
738316,24.0,33.315439062121,9.315439062121001
738327,5.0,54.94959710219951,49.94959710219951
738388,59.0,54.94959710219951,-4.050402897800488
738405,40.0,54.94959710219951,14.949597102199512
738542,8.0,54.94959710219951,46.94959710219951
738769,44.0,54.94959710219951,10.949597102199512
738806,6.0,54.94959710219951,48.94959710219951
738825,1.0,54.94959710219951,53.94959710219951
738921,28.0,54.94959710219951,26.94959710219951
738943,26.0,32.71514350105437,6.715143501054371
739071,26.0,33.315439062121,7.315439062121001
739089,54.0,54.94959710219951,0.9495971021995118
739107,5.0,54.94959710219951,49.94959710219951
739335,40.0,54.94959710219951,14.949597102199512
739342,58.0,54.94959710219951,-3.0504028978004882
739361,54.0,54.94959710219951,0.9495971021995118
739422,58.0,54.94959710219951,-3.0504028978004882
739696,43.0,54.94959710219951,11.949597102199512
739705,58.0,54.94959710219951,-3.0504028978004882
739835,56.0,54.94959710219951,-1.0504028978004882
739857,24.0,33.315439062121,9.315439062121001
739973,29.0,33.315439062121,4.315439062121001
740070,43.0,54.94959710219951,11.949597102199512
740194,40.0,54.94959710219951,14.949597102199512
740214,5.0,54.94959710219951,49.94959710219951
740232,60.0,54.94959710219951,-5.050402897800488
740279,44.0,54.94959710219951,10.949597102199512
740318,29.0,33.315439062121,4.315439062121001
740341,23.0,33.315439062121,10.315439062121001
740366,54.0,54.94959710219951,0.9495971021995118
740426,40.0,54.94959710219951,14.949597102199512
740493,9.0,54.94959710219951,45.94959710219951
740522,5.0,32.71514350105437,27.71514350105437
740571,54.0,54.94959710219951,0.9495971021995118
740677,55.0,54.94959710219951,-0.05040289780048823
740848,26.0,33.315439062121,7.315439062121001
740897,61.0,54.94959710219951,-6.050402897800488
740974,40.0,54.94959710219951,14.949597102199512
741058,16.0,32.71514350105437,16.71514350105437
741080,13.0,54.94959710219951,41.94959710219951
741155,26.0,54.94959710219951,28.94959710219951
741221,40.0,54.94959710219951,14.949597102199512
741236,26.0,54.94959710219951,28.94959710219951
741324,41.0,54.94959710219951,13.949597102199512
741361,59.0,54.94959710219951,-4.050402897800488
741401,24.0,33.315439062121,9.315439062121001
741434,59.0,54.94959710219951,-4.050402897800488
741510,32.0,54.94959710219951,22.94959710219951
741575,42.0,54.94959710219951,12.949597102199512
741580,40.0,54.94959710219951,14.949597102199512
741609,62.0,54.94959710219951,-7.050402897800488
741808,61.0,54.94959710219951,-6.050402897800488
741918,58.0,54.94959710219951,-3.0504028978004882
741926,17.0,54.94959710219951,37.94959710219951
742018,34.0,54.94959710219951,20.94959710219951
742049,5.0,54.94959710219951,49.94959710219951
742215,40.0,54.94959710219951,14.949597102199512
742218,88.0,54.94959710219951,-33.05040289780049
742286,32.0,54.94959710219951,22.94959710219951
742519,27.0,33.315439062121,6.315439062121001
742543,12.0,54.94959710219951,42.94959710219951
742579,55.0,54.94959710219951,-0.05040289780048823
742692,48.0,54.94959710219951,6.949597102199512
742846,23.0,54.94959710219951,31.94959710219951
742855,24.0,33.315439062121,9.315439062121001
742876,29.0,32.71514350105437,3.7151435010543707
742976,30.0,54.94959710219951,24.94959710219951
743203,27.0,54.94959710219951,27.94959710219951
743241,13.0,33.315439062121,20.315439062121
743244,36.0,54.94959710219951,18.94959710219951
743250,12.0,32.71514350105437,20.71514350105437
743299,40.0,54.94959710219951,14.949597102199512
743468,7.0,54.94959710219951,47.94959710219951
743498,59.0,54.94959710219951,-4.050402897800488
743510,24.0,54.94959710219951,30.94959710219951
743601,33.0,54.94959710219951,21.94959710219951
743684,54.0,54.94959710219951,0.9495971021995118
743892,3.0,54.94959710219951,51.94959710219951
744123,26.0,54.94959710219951,28.94959710219951
744292,69.0,54.94959710219951,-14.050402897800488
744329,9.0,54.94959710219951,45.94959710219951
744377,33.0,54.94959710219951,21.94959710219951
744475,61.0,54.94959710219951,-6.050402897800488
744510,24.0,33.315439062121,9.315439062121001
744590,47.0,54.94959710219951,7.949597102199512
744936,30.0,54.94959710219951,24.94959710219951
744946,40.0,54.94959710219951,14.949597102199512
744953,1.0,54.94959710219951,53.94959710219951
744978,28.0,54.94959710219951,26.94959710219951
745089,4.0,54.94959710219951,50.94959710219951
745215,6.0,54.94959710219951,48.94959710219951
745238,5.0,54.94959710219951,49.94959710219951
745396,31.0,54.94959710219951,23.94959710219951
745530,0.0,32.71514350105437,32.71514350105437
745531,22.0,33.315439062121,11.315439062121001
745547,9.0,32.71514350105437,23.71514350105437
745608,41.0,54.94959710219951,13.949597102199512
745615,25.0,54.94959710219951,29.94959710219951
745630,5.0,32.71514350105437,27.71514350105437
745666,40.0,33.315439062121,-6.684560937878999
745901,57.0,54.94959710219951,-2.0504028978004882
745927,5.0,54.94959710219951,49.94959710219951
745946,59.0,54.94959710219951,-4.050402897800488
746000,45.0,54.94959710219951,9.949597102199512
746006,26.0,33.315439062121,7.315439062121001
746051,14.0,54.94959710219951,40.94959710219951
746253,23.0,33.315439062121,10.315439062121001
746259,61.0,54.94959710219951,-6.050402897800488
746334,2.0,54.94959710219951,52.94959710219951
746442,56.0,54.94959710219951,-1.0504028978004882
746570,5.0,54.94959710219951,49.94959710219951
746584,31.0,54.94959710219951,23.94959710219951
746610,26.0,33.315439062121,7.315439062121001
746626,28.0,54.94959710219951,26.94959710219951
746660,34.0,33.315439062121,-0.6845609378789987
746681,58.0,54.94959710219951,-3.0504028978004882
746745,3.0,54.94959710219951,51.94959710219951
746923,55.0,33.315439062121,-21.684560937879
746951,5.0,54.94959710219951,49.94959710219951
747118,52.0,54.94959710219951,2.9495971021995118
747120,19.0,54.94959710219951,35.94959710219951
747210,33.0,54.94959710219951,21.94959710219951
747248,39.0,33.315439062121,-5.684560937878999
747259,26.0,33.315439062121,7.315439062121001
747378,48.0,54.94959710219951,6.949597102199512
747420,27.0,33.315439062121,6.315439062121001
747421,4.0,54.94959710219951,50.94959710219951
747564,26.0,33.315439062121,7.315439062121001
747574,57.0,54.94959710219951,-2.0504028978004882
747599,47.0,54.94959710219951,7.949597102199512
747718,34.0,54.94959710219951,20.94959710219951
747933,58.0,54.94959710219951,-3.0504028978004882
747973,25.0,33.315439062121,8.315439062121001
748043,5.0,32.71514350105437,27.71514350105437
748049,8.0,54.94959710219951,46.94959710219951
748125,47.0,33.315439062121,-13.684560937878999
748138,60.0,54.94959710219951,-5.050402897800488
748187,55.0,54.94959710219951,-0.05040289780048823
748265,44.0,54.94959710219951,10.949597102199512
748308,19.0,32.71514350105437,13.71514350105437
748526,68.0,54.94959710219951,-13.050402897800488
748607,54.0,54.94959710219951,0.9495971021995118
748701,5.0,54.94959710219951,49.94959710219951
748713,2.0,32.71514350105437,30.71514350105437
748715,34.0,54.94959710219951,20.94959710219951
749000,58.0,54.94959710219951,-3.0504028978004882
749009,29.0,54.94959710219951,25.94959710219951
749020,12.0,33.315439062121,21.315439062121
749113,27.0,33.315439062121,6.315439062121001
749119,54.0,54.94959710219951,0.9495971021995118
749128,88.0,54.94959710219951,-33.05040289780049
749252,33.0,54.94959710219951,21.94959710219951
749316,12.0,54.94959710219951,42.94959710219951
749676,54.0,54.94959710219951,0.9495971021995118
749701,12.0,32.71514350105437,20.71514350105437
749811,59.0,54.94959710219951,-4.050402897800488
749818,2.0,54.94959710219951,52.94959710219951
749923,63.0,54.94959710219951,-8.050402897800488
750063,41.0,54.94959710219951,13.949597102199512
750067,58.0,54.94959710219951,-3.0504028978004882
750080,3.0,54.94959710219951,51.94959710219951
750200,34.0,54.94959710219951,20.94959710219951
750280,6.0,54.94959710219951,48.94959710219951
750289,49.0,54.94959710219951,5.949597102199512
750316,5.0,54.94959710219951,49.94959710219951
750415,0.0,54.94959710219951,54.94959710219951
750445,25.0,33.315439062121,8.315439062121001
750604,62.0,54.94959710219951,-7.050402897800488
750610,40.0,54.94959710219951,14.949597102199512
750726,10.0,54.94959710219951,44.94959710219951
750795,29.0,54.94959710219951,25.94959710219951
750877,55.0,54.94959710219951,-0.05040289780048823
750941,58.0,54.94959710219951,-3.0504028978004882
751117,49.0,54.94959710219951,5.949597102199512
751167,48.0,54.94959710219951,6.949597102199512
751230,5.0,54.94959710219951,49.94959710219951
751250,58.0,54.94959710219951,-3.0504028978004882
751273,36.0,54.94959710219951,18.94959710219951
751431,4.0,54.94959710219951,50.94959710219951
751441,5.0,54.94959710219951,49.94959710219951
751457,40.0,54.94959710219951,14.949597102199512
751531,5.0,54.94959710219951,49.94959710219951
751639,27.0,33.315439062121,6.315439062121001
751689,11.0,54.94959710219951,43.94959710219951
751728,41.0,54.94959710219951,13.949597102199512
751767,40.0,54.94959710219951,14.949597102199512
751868,48.0,33.315439062121,-14.684560937878999
751969,59.0,54.94959710219951,-4.050402897800488
751986,56.0,54.94959710219951,-1.0504028978004882
751990,0.0,54.94959710219951,54.94959710219951
752043,40.0,54.94959710219951,14.949597102199512
752203,43.0,54.94959710219951,11.949597102199512
752285,33.0,54.94959710219951,21.94959710219951
752360,58.0,54.94959710219951,-3.0504028978004882
752428,19.0,54.94959710219951,35.94959710219951
752451,48.0,54.94959710219951,6.949597102199512
752551,7.0,54.94959710219951,47.94959710219951
752552,33.0,54.94959710219951,21.94959710219951
752609,29.0,33.315439062121,4.315439062121001
752885,28.0,54.94959710219951,26.94959710219951
752907,20.0,54.94959710219951,34.94959710219951
753035,11.0,54.94959710219951,43.94959710219951
753115,31.0,33.315439062121,2.3154390621210013
753147,2.0,54.94959710219951,52.94959710219951
753185,40.0,54.94959710219951,14.949597102199512
753200,2.0,54.94959710219951,52.94959710219951
753221,60.0,54.94959710219951,-5.050402897800488
753314,4.0,32.71514350105437,28.71514350105437
753363,46.0,54.94959710219951,8.949597102199512
753459,33.0,54.94959710219951,21.94959710219951
753478,26.0,54.94959710219951,28.94959710219951
753506,26.0,54.94959710219951,28.94959710219951
753516,26.0,33.315439062121,7.315439062121001
753580,5.0,54.94959710219951,49.94959710219951
753640,5.0,54.94959710219951,49.94959710219951
753786,33.0,54.94959710219951,21.94959710219951
753848,41.0,54.94959710219951,13.949597102199512
753888,40.0,54.94959710219951,14.949597102199512
753979,5.0,54.94959710219951,49.94959710219951
754098,55.0,54.94959710219951,-0.05040289780048823
754295,51.0,54.94959710219951,3.9495971021995118
754341,10.0,32.71514350105437,22.71514350105437
754389,5.0,54.94959710219951,49.94959710219951
754526,3.0,54.94959710219951,51.94959710219951
754560,55.0,54.94959710219951,-0.05040289780048823
754564,61.0,54.94959710219951,-6.050402897800488
754574,5.0,54.94959710219951,49.94959710219951
754583,27.0,33.315439062121,6.315439062121001
754718,39.0,54.94959710219951,15.949597102199512
754739,23.0,54.94959710219951,31.94959710219951
754844,26.0,33.315439062121,7.315439062121001
754877,5.0,54.94959710219951,49.94959710219951
754961,39.0,54.94959710219951,15.949597102199512
754982,40.0,54.94959710219951,14.949597102199512
754993,7.0,54.94959710219951,47.94959710219951
755024,2.0,54.94959710219951,52.94959710219951
755142,7.0,54.94959710219951,47.94959710219951
755179,54.0,54.94959710219951,0.9495971021995118
755197,5.0,54.94959710219951,49.94959710219951
755226,36.0,54.94959710219951,18.94959710219951
755323,51.0,54.94959710219951,3.9495971021995118
755332,40.0,54.94959710219951,14.949597102199512
755349,58.0,54.94959710219951,-3.0504028978004882
755403,43.0,54.94959710219951,11.949597102199512
755405,48.0,54.94959710219951,6.949597102199512
755432,62.0,54.94959710219951,-7.050402897800488
755540,8.0,54.94959710219951,46.94959710219951
755617,3.0,54.94959710219951,51.94959710219951
755636,43.0,54.94959710219951,11.949597102199512
755747,47.0,54.94959710219951,7.949597102199512
755755,5.0,54.94959710219951,49.94959710219951
755813,54.0,54.94959710219951,0.9495971021995118
755864,39.0,32.71514350105437,-6.284856498945629
756044,40.0,33.315439062121,-6.684560937878999
756088,20.0,33.315439062121,13.315439062121001
756097,43.0,54.94959710219951,11.949597102199512
756126,26.0,33.315439062121,7.315439062121001
756209,35.0,33.315439062121,-1.6845609378789987
756213,20.0,33.315439062121,13.315439062121001
756242,43.0,54.94959710219951,11.949597102199512
756245,61.0,54.94959710219951,-6.050402897800488
756301,40.0,54.94959710219951,14.949597102199512
756367,26.0,54.94959710219951,28.94959710219951
756368,33.0,54.94959710219951,21.94959710219951
756512,58.0,54.94959710219951,-3.0504028978004882
756847,39.0,54.94959710219951,15.949597102199512
756872,31.0,33.315439062121,2.3154390621210013
756966,23.0,33.315439062121,10.315439062121001
757097,39.0,54.94959710219951,15.949597102199512
757110,58.0,54.94959710219951,-3.0504028978004882
757135,24.0,33.315439062121,9.315439062121001
757217,38.0,54.94959710219951,16.94959710219951
757286,26.0,33.315439062121,7.315439062121001
757315,31.0,54.94959710219951,23.94959710219951
757487,38.0,32.71514350105437,-5.284856498945629
757510,43.0,54.94959710219951,11.949597102199512
757536,45.0,54.94959710219951,9.949597102199512
757739,61.0,54.94959710219951,-6.050402897800488
757934,42.0,54.94959710219951,12.949597102199512
757973,26.0,54.94959710219951,28.94959710219951
757989,34.0,54.94959710219951,20.94959710219951
758067,54.0,54.94959710219951,0.9495971021995118
758289,3.0,54.94959710219951,51.94959710219951
758348,46.0,33.315439062121,-12.684560937878999
758371,8.0,54.94959710219951,46.94959710219951
758384,58.0,54.94959710219951,-3.0504028978004882
758399,3.0,54.94959710219951,51.94959710219951
758490,40.0,54.94959710219951,14.949597102199512
758539,153.0,54.94959710219951,-98.0504028978005
758603,58.0,54.94959710219951,-3.0504028978004882
758715,41.0,54.94959710219951,13.949597102199512
758747,26.0,54.94959710219951,28.94959710219951
758911,31.0,54.94959710219951,23.94959710219951
758914,17.0,33.315439062121,16.315439062121
758951,48.0,54.94959710219951,6.949597102199512
759161,6.0,54.94959710219951,48.94959710219951
759216,57.0,54.94959710219951,-2.0504028978004882
759271,3.0,54.94959710219951,51.94959710219951
759423,6.0,54.94959710219951,48.94959710219951
759493,3.0,54.94959710219951,51.94959710219951
759646,10.0,54.94959710219951,44.94959710219951
759794,5.0,54.94959710219951,49.94959710219951
759828,33.0,54.94959710219951,21.94959710219951
759884,28.0,33.315439062121,5.315439062121001
759960,11.0,54.94959710219951,43.94959710219951
759972,49.0,33.315439062121,-15.684560937878999
759979,58.0,54.94959710219951,-3.0504028978004882
760003,11.0,32.71514350105437,21.71514350105437
760051,60.0,54.94959710219951,-5.050402897800488
760188,10.0,54.94959710219951,44.94959710219951
760262,32.0,54.94959710219951,22.94959710219951
760362,0.0,54.94959710219951,54.94959710219951
760468,39.0,54.94959710219951,15.949597102199512
760598,33.0,54.94959710219951,21.94959710219951
760629,11.0,54.94959710219951,43.94959710219951
760650,11.0,54.94959710219951,43.94959710219951
760652,26.0,54.94959710219951,28.94959710219951
760660,33.0,54.94959710219951,21.94959710219951
760735,34.0,54.94959710219951,20.94959710219951
760773,41.0,54.94959710219951,13.949597102199512
760869,11.0,54.94959710219951,43.94959710219951
760905,2.0,33.315439062121,31.315439062121
760950,54.0,54.94959710219951,0.9495971021995118
760957,60.0,54.94959710219951,-5.050402897800488
760976,4.0,54.94959710219951,50.94959710219951
761066,6.0,54.94959710219951,48.94959710219951
761138,1.0,54.94959710219951,53.94959710219951
761184,57.0,54.94959710219951,-2.0504028978004882
761304,40.0,54.94959710219951,14.949597102199512
761354,5.0,54.94959710219951,49.94959710219951
761532,42.0,54.94959710219951,12.949597102199512
761606,26.0,54.94959710219951,28.94959710219951
761614,5.0,32.71514350105437,27.71514350105437
761713,30.0,54.94959710219951,24.94959710219951
761731,42.0,54.94959710219951,12.949597102199512
761742,55.0,54.94959710219951,-0.05040289780048823
761763,58.0,54.94959710219951,-3.0504028978004882
761777,13.0,32.71514350105437,19.71514350105437
761796,39.0,54.94959710219951,15.949597102199512
761867,5.0,32.71514350105437,27.71514350105437
761927,29.0,54.94959710219951,25.94959710219951
761939,24.0,33.315439062121,9.315439062121001
761962,3.0,54.94959710219951,51.94959710219951
761980,33.0,54.94959710219951,21.94959710219951
762121,41.0,54.94959710219951,13.949597102199512
762143,64.0,54.94959710219951,-9.050402897800488
762170,15.0,54.94959710219951,39.94959710219951
762282,39.0,54.94959710219951,15.949597102199512
762301,27.0,33.315439062121,6.315439062121001
762351,45.0,54.94959710219951,9.949597102199512
762399,59.0,54.94959710219951,-4.050402897800488
762520,49.0,33.315439062121,-15.684560937878999
762531,0.0,54.94959710219951,54.94959710219951
762613,59.0,54.94959710219951,-4.050402897800488
762702,30.0,54.94959710219951,24.94959710219951
762740,6.0,54.94959710219951,48.94959710219951
762762,40.0,54.94959710219951,14.949597102199512
762813,81.0,54.94959710219951,-26.05040289780049
762943,24.0,33.315439062121,9.315439062121001
763170,34.0,54.94959710219951,20.94959710219951
763204,54.0,54.94959710219951,0.9495971021995118
763443,62.0,54.94959710219951,-7.050402897800488
763576,17.0,54.94959710219951,37.94959710219951
763618,42.0,54.94959710219951,12.949597102199512
763713,34.0,54.94959710219951,20.94959710219951
763727,40.0,54.94959710219951,14.949597102199512
763731,15.0,54.94959710219951,39.94959710219951
763813,25.0,33.315439062121,8.315439062121001
763994,57.0,54.94959710219951,-2.0504028978004882
764071,5.0,54.94959710219951,49.94959710219951
764223,34.0,54.94959710219951,20.94959710219951
764268,23.0,33.315439062121,10.315439062121001
764347,30.0,54.94959710219951,24.94959710219951
764486,34.0,54.94959710219951,20.94959710219951
764521,12.0,32.71514350105437,20.71514350105437
764564,54.0,54.94959710219951,0.9495971021995118
764610,5.0,54.94959710219951,49.94959710219951
764613,12.0,54.94959710219951,42.94959710219951
764727,49.0,33.315439062121,-15.684560937878999
764822,40.0,54.94959710219951,14.949597102199512
764887,46.0,54.94959710219951,8.949597102199512
764942,27.0,54.94959710219951,27.94959710219951
764985,19.0,54.94959710219951,35.94959710219951
765060,42.0,54.94959710219951,12.949597102199512
765136,16.0,54.94959710219951,38.94959710219951
765189,40.0,54.94959710219951,14.949597102199512
765243,5.0,54.94959710219951,49.94959710219951
765284,120.0,54.94959710219951,-65.0504028978005
765314,27.0,54.94959710219951,27.94959710219951
765372,7.0,32.71514350105437,25.71514350105437
765389,54.0,54.94959710219951,0.9495971021995118
765394,6.0,54.94959710219951,48.94959710219951
765535,112.0,54.94959710219951,-57.05040289780049
765536,44.0,54.94959710219951,10.949597102199512
765563,33.0,54.94959710219951,21.94959710219951
765565,47.0,54.94959710219951,7.949597102199512
765648,19.0,54.94959710219951,35.94959710219951
765753,6.0,54.94959710219951,48.94959710219951
765785,6.0,54.94959710219951,48.94959710219951
765866,5.0,54.94959710219951,49.94959710219951
765868,27.0,54.94959710219951,27.94959710219951
765906,0.0,54.94959710219951,54.94959710219951
766016,5.0,54.94959710219951,49.94959710219951
766033,29.0,33.315439062121,4.315439062121001
766099,24.0,33.315439062121,9.315439062121001
766132,4.0,54.94959710219951,50.94959710219951
766138,40.0,54.94959710219951,14.949597102199512
766223,29.0,32.71514350105437,3.7151435010543707
766381,88.0,54.94959710219951,-33.05040289780049
766442,59.0,54.94959710219951,-4.050402897800488
766450,43.0,54.94959710219951,11.949597102199512
766489,12.0,54.94959710219951,42.94959710219951
766646,34.0,54.94959710219951,20.94959710219951
766741,82.0,54.94959710219951,-27.05040289780049
766774,28.0,54.94959710219951,26.94959710219951
766811,33.0,54.94959710219951,21.94959710219951
766815,61.0,54.94959710219951,-6.050402897800488
766898,34.0,54.94959710219951,20.94959710219951
766946,47.0,54.94959710219951,7.949597102199512
766970,5.0,54.94959710219951,49.94959710219951
767207,49.0,33.315439062121,-15.684560937878999
767342,11.0,54.94959710219951,43.94959710219951
767517,1.0,32.71514350105437,31.71514350105437
767525,58.0,54.94959710219951,-3.0504028978004882
767528,4.0,54.94959710219951,50.94959710219951
767581,27.0,33.315439062121,6.315439062121001
767682,82.0,54.94959710219951,-27.05040289780049
767688,59.0,54.94959710219951,-4.050402897800488
767937,26.0,54.94959710219951,28.94959710219951
768009,27.0,33.315439062121,6.315439062121001
768013,17.0,32.71514350105437,15.71514350105437
768059,4.0,54.94959710219951,50.94959710219951
768144,1.0,54.94959710219951,53.94959710219951
768196,5.0,54.94959710219951,49.94959710219951
768365,59.0,54.94959710219951,-4.050402897800488
768382,11.0,54.94959710219951,43.94959710219951
768402,55.0,54.94959710219951,-0.05040289780048823
768430,46.0,54.94959710219951,8.949597102199512
768474,32.0,54.94959710219951,22.94959710219951
768569,54.0,54.94959710219951,0.9495971021995118
768593,25.0,33.315439062121,8.315439062121001
768741,28.0,54.94959710219951,26.94959710219951
768879,59.0,54.94959710219951,-4.050402897800488
769066,12.0,54.94959710219951,42.94959710219951
769113,30.0,54.94959710219951,24.94959710219951
769227,9.0,54.94959710219951,45.94959710219951
769342,41.0,54.94959710219951,13.949597102199512
769373,26.0,54.94959710219951,28.94959710219951
769453,41.0,54.94959710219951,13.949597102199512
769470,48.0,54.94959710219951,6.949597102199512
769609,6.0,54.94959710219951,48.94959710219951
769669,27.0,33.315439062121,6.315439062121001
769714,26.0,54.94959710219951,28.94959710219951
769753,22.0,54.94959710219951,32.94959710219951
769913,25.0,33.315439062121,8.315439062121001
769931,17.0,54.94959710219951,37.94959710219951
769962,54.0,54.94959710219951,0.9495971021995118
769966,43.0,54.94959710219951,11.949597102199512
770004,5.0,54.94959710219951,49.94959710219951
770045,59.0,54.94959710219951,-4.050402897800488
770064,29.0,54.94959710219951,25.94959710219951
770093,34.0,54.94959710219951,20.94959710219951
770207,5.0,54.94959710219951,49.94959710219951
770216,87.0,54.94959710219951,-32.05040289780049
770259,165.0,54.94959710219951,-110.0504028978005
770317,25.0,54.94959710219951,29.94959710219951
770318,43.0,54.94959710219951,11.949597102199512
770419,58.0,54.94959710219951,-3.0504028978004882
770442,15.0,54.94959710219951,39.94959710219951
770483,0.0,54.94959710219951,54.94959710219951
770500,45.0,54.94959710219951,9.949597102199512
770599,25.0,32.71514350105437,7.715143501054371
770614,5.0,54.94959710219951,49.94959710219951
770649,54.0,54.94959710219951,0.9495971021995118
770668,26.0,33.315439062121,7.315439062121001
770669,13.0,54.94959710219951,41.94959710219951
770695,13.0,54.94959710219951,41.94959710219951
770722,1.0,54.94959710219951,53.94959710219951
770811,24.0,33.315439062121,9.315439062121001
770885,5.0,54.94959710219951,49.94959710219951
771055,59.0,33.315439062121,-25.684560937879
771059,54.0,54.94959710219951,0.9495971021995118
771083,37.0,54.94959710219951,17.94959710219951
771116,5.0,54.94959710219951,49.94959710219951
771150,5.0,54.94959710219951,49.94959710219951
771206,56.0,54.94959710219951,-1.0504028978004882
771299,60.0,54.94959710219951,-5.050402897800488
771339,26.0,33.315439062121,7.315439062121001
771355,42.0,54.94959710219951,12.949597102199512
771383,59.0,54.94959710219951,-4.050402897800488
771453,26.0,54.94959710219951,28.94959710219951
771486,33.0,54.94959710219951,21.94959710219951
771494,30.0,54.94959710219951,24.94959710219951
771510,26.0,33.315439062121,7.315439062121001
771531,24.0,33.315439062121,9.315439062121001
771554,27.0,33.315439062121,6.315439062121001
771790,26.0,33.315439062121,7.315439062121001
771873,2.0,54.94959710219951,52.94959710219951
772138,5.0,54.94959710219951,49.94959710219951
772209,58.0,54.94959710219951,-3.0504028978004882
772251,54.0,54.94959710219951,0.9495971021995118
772274,24.0,33.315439062121,9.315439062121001
772342,8.0,54.94959710219951,46.94959710219951
772401,53.0,54.94959710219951,1.9495971021995118
772429,39.0,54.94959710219951,15.949597102199512
772531,2.0,54.94959710219951,52.94959710219951
772644,35.0,33.315439062121,-1.6845609378789987
772670,43.0,54.94959710219951,11.949597102199512
772677,32.0,54.94959710219951,22.94959710219951
772694,24.0,54.94959710219951,30.94959710219951
772820,58.0,54.94959710219951,-3.0504028978004882
772899,32.0,54.94959710219951,22.94959710219951
772932,7.0,54.94959710219951,47.94959710219951
772964,5.0,54.94959710219951,49.94959710219951
773023,61.0,54.94959710219951,-6.050402897800488
773026,40.0,54.94959710219951,14.949597102199512
773290,54.0,54.94959710219951,0.9495971021995118
773294,42.0,33.315439062121,-8.684560937878999
773350,57.0,54.94959710219951,-2.0504028978004882
773428,7.0,54.94959710219951,47.94959710219951
773722,68.0,54.94959710219951,-13.050402897800488
773735,61.0,54.94959710219951,-6.050402897800488
773770,6.0,54.94959710219951,48.94959710219951
773786,12.0,54.94959710219951,42.94959710219951
773909,30.0,54.94959710219951,24.94959710219951
774114,60.0,54.94959710219951,-5.050402897800488
774207,61.0,54.94959710219951,-6.050402897800488
774231,27.0,54.94959710219951,27.94959710219951
774434,4.0,54.94959710219951,50.94959710219951
774470,69.0,54.94959710219951,-14.050402897800488
774491,32.0,32.71514350105437,0.7151435010543707
774524,37.0,54.94959710219951,17.94959710219951
774560,54.0,54.94959710219951,0.9495971021995118
774599,6.0,54.94959710219951,48.94959710219951
774650,54.0,54.94959710219951,0.9495971021995118
774715,41.0,54.94959710219951,13.949597102199512
774767,61.0,54.94959710219951,-6.050402897800488
774785,5.0,54.94959710219951,49.94959710219951
774860,33.0,54.94959710219951,21.94959710219951
774986,55.0,54.94959710219951,-0.05040289780048823
775051,19.0,33.315439062121,14.315439062121001
775061,6.0,54.94959710219951,48.94959710219951
775089,40.0,54.94959710219951,14.949597102199512
775145,48.0,54.94959710219951,6.949597102199512
775226,10.0,32.71514350105437,22.71514350105437
775285,5.0,54.94959710219951,49.94959710219951
775305,5.0,54.94959710219951,49.94959710219951
775415,25.0,54.94959710219951,29.94959710219951
775418,40.0,54.94959710219951,14.949597102199512
775446,135.0,54.94959710219951,-80.0504028978005
775488,28.0,54.94959710219951,26.94959710219951
775526,59.0,54.94959710219951,-4.050402897800488
775601,5.0,54.94959710219951,49.94959710219951
775634,41.0,54.94959710219951,13.949597102199512
775928,39.0,54.94959710219951,15.949597102199512
775945,47.0,54.94959710219951,7.949597102199512
775955,40.0,54.94959710219951,14.949597102199512
775962,42.0,54.94959710219951,12.949597102199512
775974,26.0,54.94959710219951,28.94959710219951
776155,60.0,54.94959710219951,-5.050402897800488
776224,5.0,54.94959710219951,49.94959710219951
776283,27.0,54.94959710219951,27.94959710219951
776284,4.0,54.94959710219951,50.94959710219951
776346,47.0,54.94959710219951,7.949597102199512
776380,25.0,33.315439062121,8.315439062121001
776472,56.0,54.94959710219951,-1.0504028978004882
776484,59.0,54.94959710219951,-4.050402897800488
776509,5.0,54.94959710219951,49.94959710219951
776594,59.0,54.94959710219951,-4.050402897800488
776724,40.0,54.94959710219951,14.949597102199512
776758,12.0,54.94959710219951,42.94959710219951
776767,25.0,33.315439062121,8.315439062121001
776862,26.0,54.94959710219951,28.94959710219951
776908,56.0,54.94959710219951,-1.0504028978004882
776941,55.0,54.94959710219951,-0.05040289780048823
777094,28.0,54.94959710219951,26.94959710219951
777250,27.0,33.315439062121,6.315439062121001
777291,15.0,54.94959710219951,39.94959710219951
777403,5.0,54.94959710219951,49.94959710219951
777464,58.0,54.94959710219951,-3.0504028978004882
777474,60.0,54.94959710219951,-5.050402897800488
777475,27.0,33.315439062121,6.315439062121001
777537,15.0,54.94959710219951,39.94959710219951
777583,29.0,33.315439062121,4.315439062121001
777678,1.0,54.94959710219951,53.94959710219951
777825,58.0,54.94959710219951,-3.0504028978004882
777868,39.0,54.94959710219951,15.949597102199512
777897,60.0,54.94959710219951,-5.050402897800488
777931,1.0,32.71514350105437,31.71514350105437
777966,60.0,54.94959710219951,-5.050402897800488
778031,5.0,54.94959710219951,49.94959710219951
778081,40.0,54.94959710219951,14.949597102199512
778088,34.0,54.94959710219951,20.94959710219951
778112,33.0,54.94959710219951,21.94959710219951
778142,43.0,54.94959710219951,11.949597102199512
778192,5.0,32.71514350105437,27.71514350105437
778234,5.0,54.94959710219951,49.94959710219951
778416,24.0,54.94959710219951,30.94959710219951
778471,7.0,54.94959710219951,47.94959710219951
778536,56.0,54.94959710219951,-1.0504028978004882
778747,5.0,54.94959710219951,49.94959710219951
778762,28.0,54.94959710219951,26.94959710219951
778811,4.0,54.94959710219951,50.94959710219951
778864,5.0,54.94959710219951,49.94959710219951
778936,58.0,54.94959710219951,-3.0504028978004882
778939,3.0,54.94959710219951,51.94959710219951
779004,61.0,54.94959710219951,-6.050402897800488
779086,26.0,54.94959710219951,28.94959710219951
779117,30.0,54.94959710219951,24.94959710219951
779192,34.0,54.94959710219951,20.94959710219951
779228,26.0,33.315439062121,7.315439062121001
779243,40.0,54.94959710219951,14.949597102199512
779287,40.0,54.94959710219951,14.949597102199512
779308,5.0,54.94959710219951,49.94959710219951
779476,6.0,54.94959710219951,48.94959710219951
779489,2.0,54.94959710219951,52.94959710219951
779596,29.0,54.94959710219951,25.94959710219951
779726,54.0,54.94959710219951,0.9495971021995118
779761,65.0,54.94959710219951,-10.050402897800488
779914,37.0,54.94959710219951,17.94959710219951
779947,0.0,54.94959710219951,54.94959710219951
780166,55.0,54.94959710219951,-0.05040289780048823
780196,60.0,54.94959710219951,-5.050402897800488
780236,43.0,54.94959710219951,11.949597102199512
780260,31.0,54.94959710219951,23.94959710219951
780350,26.0,54.94959710219951,28.94959710219951
780423,60.0,54.94959710219951,-5.050402897800488
780615,26.0,54.94959710219951,28.94959710219951
780747,47.0,33.315439062121,-13.684560937878999
780872,47.0,54.94959710219951,7.949597102199512
780896,12.0,54.94959710219951,42.94959710219951
780937,28.0,33.315439062121,5.315439062121001
780998,17.0,54.94959710219951,37.94959710219951
781036,26.0,33.315439062121,7.315439062121001
781042,30.0,33.315439062121,3.3154390621210013
781249,5.0,54.94959710219951,49.94959710219951
781325,33.0,32.71514350105437,-0.28485649894562926
781372,58.0,54.94959710219951,-3.0504028978004882
781485,29.0,54.94959710219951,25.94959710219951
781515,26.0,33.315439062121,7.315439062121001
781529,2.0,54.94959710219951,52.94959710219951
781897,34.0,54.94959710219951,20.94959710219951
781923,45.0,54.94959710219951,9.949597102199512
781982,34.0,54.94959710219951,20.94959710219951
782024,5.0,54.94959710219951,49.94959710219951
782107,43.0,54.94959710219951,11.949597102199512
782117,7.0,54.94959710219951,47.94959710219951
782195,5.0,54.94959710219951,49.94959710219951
782455,28.0,54.94959710219951,26.94959710219951
782602,40.0,54.94959710219951,14.949597102199512
782655,28.0,54.94959710219951,26.94959710219951
782809,27.0,54.94959710219951,27.94959710219951
783070,59.0,54.94959710219951,-4.050402897800488
783112,42.0,54.94959710219951,12.949597102199512
783235,3.0,54.94959710219951,51.94959710219951
783392,43.0,54.94959710219951,11.949597102199512
783425,25.0,33.315439062121,8.315439062121001
783442,50.0,54.94959710219951,4.949597102199512
783603,40.0,54.94959710219951,14.949597102199512
783610,59.0,54.94959710219951,-4.050402897800488
783630,5.0,54.94959710219951,49.94959710219951
783643,33.0,54.94959710219951,21.94959710219951
783714,40.0,54.94959710219951,14.949597102199512
783853,25.0,33.315439062121,8.315439062121001
783861,58.0,54.94959710219951,-3.0504028978004882
783976,60.0,54.94959710219951,-5.050402897800488
784130,5.0,54.94959710219951,49.94959710219951
784136,26.0,32.71514350105437,6.715143501054371
784186,11.0,54.94959710219951,43.94959710219951
784195,8.0,54.94959710219951,46.94959710219951
784273,40.0,54.94959710219951,14.949597102199512
784353,26.0,54.94959710219951,28.94959710219951
784363,60.0,54.94959710219951,-5.050402897800488
784380,48.0,54.94959710219951,6.949597102199512
784474,57.0,54.94959710219951,-2.0504028978004882
784497,27.0,54.94959710219951,27.94959710219951
784508,18.0,54.94959710219951,36.94959710219951
784780,37.0,54.94959710219951,17.94959710219951
784809,27.0,33.315439062121,6.315439062121001
784827,6.0,54.94959710219951,48.94959710219951
784860,43.0,54.94959710219951,11.949597102199512
785119,31.0,54.94959710219951,23.94959710219951
785405,6.0,54.94959710219951,48.94959710219951
785509,39.0,54.94959710219951,15.949597102199512
785514,69.0,54.94959710219951,-14.050402897800488
785518,52.0,54.94959710219951,2.9495971021995118
785549,10.0,33.315439062121,23.315439062121
785585,33.0,54.94959710219951,21.94959710219951
785670,64.0,54.94959710219951,-9.050402897800488
785726,34.0,33.315439062121,-0.6845609378789987
785805,18.0,32.71514350105437,14.71514350105437
785971,82.0,54.94959710219951,-27.05040289780049
785996,1.0,54.94959710219951,53.94959710219951
786113,41.0,54.94959710219951,13.949597102199512
786118,29.0,54.94959710219951,25.94959710219951
786204,8.0,54.94959710219951,46.94959710219951
786234,28.0,54.94959710219951,26.94959710219951
786239,6.0,54.94959710219951,48.94959710219951
786243,26.0,54.94959710219951,28.94959710219951
786282,48.0,54.94959710219951,6.949597102199512
786427,63.0,54.94959710219951,-8.050402897800488
786592,29.0,54.94959710219951,25.94959710219951
786632,12.0,54.94959710219951,42.94959710219951
786705,33.0,54.94959710219951,21.94959710219951
786754,26.0,54.94959710219951,28.94959710219951
786819,54.0,54.94959710219951,0.9495971021995118
786874,28.0,54.94959710219951,26.94959710219951
786879,54.0,54.94959710219951,0.9495971021995118
786907,27.0,54.94959710219951,27.94959710219951
786977,5.0,54.94959710219951,49.94959710219951
787072,23.0,33.315439062121,10.315439062121001
787079,18.0,54.94959710219951,36.94959710219951
787182,26.0,54.94959710219951,28.94959710219951
787250,28.0,54.94959710219951,26.94959710219951
787274,62.0,54.94959710219951,-7.050402897800488
787411,58.0,54.94959710219951,-3.0504028978004882
787559,54.0,54.94959710219951,0.9495971021995118
787568,44.0,54.94959710219951,10.949597102199512
787588,1.0,32.71514350105437,31.71514350105437
787756,28.0,54.94959710219951,26.94959710219951
787790,15.0,54.94959710219951,39.94959710219951
787922,58.0,54.94959710219951,-3.0504028978004882
788048,50.0,54.94959710219951,4.949597102199512
788097,97.0,33.315439062121,-63.684560937879
788114,33.0,32.71514350105437,-0.28485649894562926
788192,2.0,54.94959710219951,52.94959710219951
788348,27.0,33.315439062121,6.315439062121001
788358,59.0,54.94959710219951,-4.050402897800488
788518,53.0,54.94959710219951,1.9495971021995118
788524,52.0,54.94959710219951,2.9495971021995118
788582,11.0,54.94959710219951,43.94959710219951
788647,32.0,33.315439062121,1.3154390621210013
788746,28.0,33.315439062121,5.315439062121001
788801,19.0,32.71514350105437,13.71514350105437
788875,54.0,54.94959710219951,0.9495971021995118
788885,10.0,32.71514350105437,22.71514350105437
788934,58.0,54.94959710219951,-3.0504028978004882
789108,27.0,33.315439062121,6.315439062121001
789141,42.0,33.315439062121,-8.684560937878999
789186,54.0,54.94959710219951,0.9495971021995118
789212,45.0,54.94959710219951,9.949597102199512
789214,45.0,54.94959710219951,9.949597102199512
789265,60.0,54.94959710219951,-5.050402897800488
789345,5.0,54.94959710219951,49.94959710219951
789371,5.0,54.94959710219951,49.94959710219951
789408,54.0,54.94959710219951,0.9495971021995118
789423,50.0,54.94959710219951,4.949597102199512
789660,26.0,54.94959710219951,28.94959710219951
789744,47.0,54.94959710219951,7.949597102199512
789758,40.0,54.94959710219951,14.949597102199512
789769,55.0,54.94959710219951,-0.05040289780048823
789862,29.0,54.94959710219951,25.94959710219951
789999,12.0,32.71514350105437,20.71514350105437
790036,5.0,54.94959710219951,49.94959710219951
790060,82.0,54.94959710219951,-27.05040289780049
790073,58.0,54.94959710219951,-3.0504028978004882
790198,28.0,54.94959710219951,26.94959710219951
790223,26.0,54.94959710219951,28.94959710219951
790248,26.0,33.315439062121,7.315439062121001
790253,23.0,33.315439062121,10.315439062121001
790362,48.0,54.94959710219951,6.949597102199512
790381,39.0,54.94959710219951,15.949597102199512
790826,5.0,54.94959710219951,49.94959710219951
790883,5.0,54.94959710219951,49.94959710219951
790927,54.0,54.94959710219951,0.9495971021995118
791190,31.0,32.71514350105437,1.7151435010543707
791278,41.0,54.94959710219951,13.949597102199512
791309,4.0,54.94959710219951,50.94959710219951
791557,52.0,54.94959710219951,2.9495971021995118
791613,26.0,54.94959710219951,28.94959710219951
791644,17.0,32.71514350105437,15.71514350105437
791712,43.0,54.94959710219951,11.949597102199512
791875,1.0,54.94959710219951,53.94959710219951
791892,46.0,54.94959710219951,8.949597102199512
791903,28.0,33.315439062121,5.315439062121001
791922,59.0,54.94959710219951,-4.050402897800488
791923,45.0,54.94959710219951,9.949597102199512
791963,24.0,33.315439062121,9.315439062121001
792113,60.0,54.94959710219951,-5.050402897800488
792151,4.0,32.71514350105437,28.71514350105437
792170,59.0,54.94959710219951,-4.050402897800488
792177,25.0,33.315439062121,8.315439062121001
792289,61.0,54.94959710219951,-6.050402897800488
792328,47.0,54.94959710219951,7.949597102199512
792545,48.0,54.94959710219951,6.949597102199512
792570,93.0,54.94959710219951,-38.05040289780049
792677,5.0,54.94959710219951,49.94959710219951
792697,40.0,54.94959710219951,14.949597102199512
792774,58.0,54.94959710219951,-3.0504028978004882
792808,25.0,54.94959710219951,29.94959710219951
792832,4.0,54.94959710219951,50.94959710219951
792934,14.0,54.94959710219951,40.94959710219951
792944,51.0,33.315439062121,-17.684560937879
792954,40.0,54.94959710219951,14.949597102199512
793009,5.0,54.94959710219951,49.94959710219951
793026,31.0,54.94959710219951,23.94959710219951
793029,36.0,54.94959710219951,18.94959710219951
793149,26.0,54.94959710219951,28.94959710219951
793216,64.0,54.94959710219951,-9.050402897800488
793276,40.0,54.94959710219951,14.949597102199512
793427,19.0,32.71514350105437,13.71514350105437
793506,64.0,54.94959710219951,-9.050402897800488
793552,11.0,33.315439062121,22.315439062121
793585,24.0,33.315439062121,9.315439062121001
793810,25.0,54.94959710219951,29.94959710219951
793814,24.0,33.315439062121,9.315439062121001
793817,40.0,54.94959710219951,14.949597102199512
793839,12.0,54.94959710219951,42.94959710219951
793945,59.0,54.94959710219951,-4.050402897800488
793967,47.0,54.94959710219951,7.949597102199512
794005,33.0,54.94959710219951,21.94959710219951
794087,37.0,33.315439062121,-3.6845609378789987
794169,40.0,54.94959710219951,14.949597102199512
794249,27.0,33.315439062121,6.315439062121001
794540,45.0,54.94959710219951,9.949597102199512
794582,25.0,33.315439062121,8.315439062121001
794589,24.0,33.315439062121,9.315439062121001
794647,58.0,54.94959710219951,-3.0504028978004882
794730,43.0,54.94959710219951,11.949597102199512
794792,5.0,54.94959710219951,49.94959710219951
794944,34.0,54.94959710219951,20.94959710219951
794961,25.0,54.94959710219951,29.94959710219951
794997,4.0,54.94959710219951,50.94959710219951
795041,36.0,33.315439062121,-2.6845609378789987
795226,26.0,33.315439062121,7.315439062121001
795387,8.0,54.94959710219951,46.94959710219951
795433,15.0,54.94959710219951,39.94959710219951
795476,4.0,32.71514350105437,28.71514350105437
795519,69.0,54.94959710219951,-14.050402897800488
795634,5.0,54.94959710219951,49.94959710219951
795763,60.0,54.94959710219951,-5.050402897800488
795800,27.0,54.94959710219951,27.94959710219951
795867,28.0,33.315439062121,5.315439062121001
795960,26.0,33.315439062121,7.315439062121001
795989,55.0,54.94959710219951,-0.05040289780048823
796063,0.0,54.94959710219951,54.94959710219951
796165,58.0,54.94959710219951,-3.0504028978004882
796212,51.0,54.94959710219951,3.9495971021995118
796280,28.0,54.94959710219951,26.94959710219951
796349,43.0,54.94959710219951,11.949597102199512
796517,10.0,54.94959710219951,44.94959710219951
796537,57.0,54.94959710219951,-2.0504028978004882
796589,39.0,54.94959710219951,15.949597102199512
796694,5.0,54.94959710219951,49.94959710219951
796711,12.0,54.94959710219951,42.94959710219951
796715,9.0,54.94959710219951,45.94959710219951
796717,42.0,54.94959710219951,12.949597102199512
796787,28.0,54.94959710219951,26.94959710219951
796885,8.0,54.94959710219951,46.94959710219951
797036,24.0,33.315439062121,9.315439062121001
797068,40.0,54.94959710219951,14.949597102199512
797144,30.0,54.94959710219951,24.94959710219951
797241,55.0,54.94959710219951,-0.05040289780048823
797252,63.0,54.94959710219951,-8.050402897800488
797303,59.0,54.94959710219951,-4.050402897800488
797362,28.0,54.94959710219951,26.94959710219951
797407,40.0,54.94959710219951,14.949597102199512
797430,59.0,54.94959710219951,-4.050402897800488
797520,2.0,54.94959710219951,52.94959710219951
797610,41.0,54.94959710219951,13.949597102199512
797654,40.0,33.315439062121,-6.684560937878999
797735,40.0,54.94959710219951,14.949597102199512
797788,60.0,54.94959710219951,-5.050402897800488
797950,5.0,54.94959710219951,49.94959710219951
798008,19.0,54.94959710219951,35.94959710219951
798126,29.0,54.94959710219951,25.94959710219951
798127,43.0,54.94959710219951,11.949597102199512
798389,41.0,33.315439062121,-7.684560937878999
798421,6.0,33.315439062121,27.315439062121
798425,22.0,54.94959710219951,32.94959710219951
798432,58.0,54.94959710219951,-3.0504028978004882
798528,28.0,33.315439062121,5.315439062121001
798530,25.0,32.71514350105437,7.715143501054371
798567,44.0,54.94959710219951,10.949597102199512
798734,0.0,54.94959710219951,54.94959710219951
798746,40.0,54.94959710219951,14.949597102199512
798793,49.0,54.94959710219951,5.949597102199512
798808,17.0,54.94959710219951,37.94959710219951
798923,40.0,54.94959710219951,14.949597102199512
798946,62.0,54.94959710219951,-7.050402897800488
798999,6.0,32.71514350105437,26.71514350105437
799155,69.0,54.94959710219951,-14.050402897800488
799157,28.0,33.315439062121,5.315439062121001
799203,54.0,54.94959710219951,0.9495971021995118
799221,28.0,54.94959710219951,26.94959710219951
799243,26.0,54.94959710219951,28.94959710219951
799301,8.0,54.94959710219951,46.94959710219951
799314,24.0,54.94959710219951,30.94959710219951
799334,19.0,32.71514350105437,13.71514350105437
799337,29.0,33.315439062121,4.315439062121001
799505,47.0,54.94959710219951,7.949597102199512
799563,54.0,54.94959710219951,0.9495971021995118
799621,43.0,54.94959710219951,11.949597102199512
799652,5.0,54.94959710219951,49.94959710219951
799669,47.0,54.94959710219951,7.949597102199512
799729,26.0,54.94959710219951,28.94959710219951
800059,26.0,54.94959710219951,28.94959710219951
800146,43.0,54.94959710219951,11.949597102199512
800159,67.0,54.94959710219951,-12.050402897800488
800178,26.0,33.315439062121,7.315439062121001
800180,5.0,54.94959710219951,49.94959710219951
800181,34.0,54.94959710219951,20.94959710219951
800184,27.0,33.315439062121,6.315439062121001
800212,24.0,33.315439062121,9.315439062121001
800258,12.0,54.94959710219951,42.94959710219951
800292,28.0,33.315439062121,5.315439062121001
800384,0.0,54.94959710219951,54.94959710219951
800487,29.0,33.315439062121,4.315439062121001
800659,43.0,54.94959710219951,11.949597102199512
800674,11.0,54.94959710219951,43.94959710219951
800699,54.0,54.94959710219951,0.9495971021995118
800739,49.0,33.315439062121,-15.684560937878999
800770,48.0,54.94959710219951,6.949597102199512
800775,5.0,54.94959710219951,49.94959710219951
800929,40.0,54.94959710219951,14.949597102199512
800972,61.0,54.94959710219951,-6.050402897800488
801123,5.0,33.315439062121,28.315439062121
801255,54.0,54.94959710219951,0.9495971021995118
801326,5.0,54.94959710219951,49.94959710219951
801412,29.0,33.315439062121,4.315439062121001
801482,57.0,54.94959710219951,-2.0504028978004882
801529,59.0,54.94959710219951,-4.050402897800488
801633,27.0,33.315439062121,6.315439062121001
801687,19.0,54.94959710219951,35.94959710219951
801692,49.0,54.94959710219951,5.949597102199512
801770,28.0,54.94959710219951,26.94959710219951
801809,54.0,54.94959710219951,0.9495971021995118
801849,3.0,54.94959710219951,51.94959710219951
801860,62.0,54.94959710219951,-7.050402897800488
801914,43.0,54.94959710219951,11.949597102199512
801947,47.0,54.94959710219951,7.949597102199512
801955,43.0,54.94959710219951,11.949597102199512
801996,29.0,33.315439062121,4.315439062121001
802170,28.0,54.94959710219951,26.94959710219951
802203,34.0,54.94959710219951,20.94959710219951
802239,22.0,54.94959710219951,32.94959710219951
802300,23.0,33.315439062121,10.315439062121001
802301,58.0,54.94959710219951,-3.0504028978004882
802306,34.0,54.94959710219951,20.94959710219951
802348,18.0,54.94959710219951,36.94959710219951
802360,11.0,54.94959710219951,43.94959710219951
802468,19.0,33.315439062121,14.315439062121001
802491,47.0,54.94959710219951,7.949597102199512
802579,40.0,54.94959710219951,14.949597102199512
802585,5.0,54.94959710219951,49.94959710219951
802640,12.0,54.94959710219951,42.94959710219951
802785,55.0,54.94959710219951,-0.05040289780048823
802877,26.0,54.94959710219951,28.94959710219951
802917,26.0,33.315439062121,7.315439062121001
803155,5.0,32.71514350105437,27.71514350105437
803181,26.0,54.94959710219951,28.94959710219951
803279,20.0,54.94959710219951,34.94959710219951
803314,34.0,54.94959710219951,20.94959710219951
803322,58.0,54.94959710219951,-3.0504028978004882
803382,42.0,54.94959710219951,12.949597102199512
803396,4.0,32.71514350105437,28.71514350105437
803570,56.0,54.94959710219951,-1.0504028978004882
803668,41.0,54.94959710219951,13.949597102199512
803715,20.0,54.94959710219951,34.94959710219951
803741,71.0,54.94959710219951,-16.05040289780049
803832,25.0,33.315439062121,8.315439062121001
803862,47.0,54.94959710219951,7.949597102199512
804186,40.0,54.94959710219951,14.949597102199512
804246,38.0,33.315439062121,-4.684560937878999
804430,26.0,33.315439062121,7.315439062121001
804482,2.0,54.94959710219951,52.94959710219951
804549,26.0,54.94959710219951,28.94959710219951
804571,56.0,54.94959710219951,-1.0504028978004882
804661,40.0,54.94959710219951,14.949597102199512
804825,5.0,54.94959710219951,49.94959710219951
804839,60.0,54.94959710219951,-5.050402897800488
804858,41.0,54.94959710219951,13.949597102199512
804875,12.0,54.94959710219951,42.94959710219951
804974,43.0,54.94959710219951,11.949597102199512
804993,26.0,33.315439062121,7.315439062121001
805122,36.0,54.94959710219951,18.94959710219951
805201,40.0,54.94959710219951,14.949597102199512
805239,25.0,33.315439062121,8.315439062121001
805268,40.0,54.94959710219951,14.949597102199512
805271,28.0,54.94959710219951,26.94959710219951
805324,36.0,54.94959710219951,18.94959710219951
805430,18.0,54.94959710219951,36.94959710219951
805536,55.0,54.94959710219951,-0.05040289780048823
805742,61.0,54.94959710219951,-6.050402897800488
805877,33.0,54.94959710219951,21.94959710219951
805926,5.0,54.94959710219951,49.94959710219951
806000,25.0,33.315439062121,8.315439062121001
806029,43.0,54.94959710219951,11.949597102199512
806139,1.0,54.94959710219951,53.94959710219951
806356,19.0,54.94959710219951,35.94959710219951
806385,44.0,54.94959710219951,10.949597102199512
806499,47.0,54.94959710219951,7.949597102199512
806542,4.0,32.71514350105437,28.71514350105437
806618,24.0,33.315439062121,9.315439062121001
806631,13.0,54.94959710219951,41.94959710219951
806657,40.0,54.94959710219951,14.949597102199512
806718,8.0,54.94959710219951,46.94959710219951
806719,60.0,54.94959710219951,-5.050402897800488
806844,5.0,54.94959710219951,49.94959710219951
807062,54.0,54.94959710219951,0.9495971021995118
807073,59.0,54.94959710219951,-4.050402897800488
807075,43.0,54.94959710219951,11.949597102199512
807101,15.0,54.94959710219951,39.94959710219951
807109,38.0,54.94959710219951,16.94959710219951
807125,3.0,54.94959710219951,51.94959710219951
807212,0.0,32.71514350105437,32.71514350105437
807272,44.0,54.94959710219951,10.949597102199512
807353,45.0,54.94959710219951,9.949597102199512
807389,64.0,54.94959710219951,-9.050402897800488
807406,5.0,32.71514350105437,27.71514350105437
807475,6.0,54.94959710219951,48.94959710219951
807574,28.0,54.94959710219951,26.94959710219951
807646,5.0,54.94959710219951,49.94959710219951
807699,28.0,54.94959710219951,26.94959710219951
807780,30.0,32.71514350105437,2.7151435010543707
807854,60.0,54.94959710219951,-5.050402897800488
807877,27.0,33.315439062121,6.315439062121001
808002,19.0,32.71514350105437,13.71514350105437
808018,11.0,54.94959710219951,43.94959710219951
808044,52.0,54.94959710219951,2.9495971021995118
808055,55.0,54.94959710219951,-0.05040289780048823
808153,5.0,54.94959710219951,49.94959710219951
808195,44.0,54.94959710219951,10.949597102199512
808211,40.0,54.94959710219951,14.949597102199512
808244,60.0,54.94959710219951,-5.050402897800488
808420,40.0,54.94959710219951,14.949597102199512
808428,61.0,54.94959710219951,-6.050402897800488
808704,5.0,54.94959710219951,49.94959710219951
808727,49.0,54.94959710219951,5.949597102199512
808729,64.0,54.94959710219951,-9.050402897800488
808747,21.0,54.94959710219951,33.94959710219951
808892,49.0,54.94959710219951,5.949597102199512
809020,25.0,33.315439062121,8.315439062121001
809198,52.0,54.94959710219951,2.9495971021995118
809255,24.0,33.315439062121,9.315439062121001
809290,58.0,54.94959710219951,-3.0504028978004882
809398,4.0,54.94959710219951,50.94959710219951
809500,21.0,33.315439062121,12.315439062121001
809553,47.0,54.94959710219951,7.949597102199512
809617,5.0,54.94959710219951,49.94959710219951
809667,20.0,54.94959710219951,34.94959710219951
809807,41.0,54.94959710219951,13.949597102199512
809815,6.0,54.94959710219951,48.94959710219951
809819,30.0,54.94959710219951,24.94959710219951
809890,2.0,54.94959710219951,52.94959710219951
810162,60.0,54.94959710219951,-5.050402897800488
810173,62.0,54.94959710219951,-7.050402897800488
810175,58.0,54.94959710219951,-3.0504028978004882
810368,5.0,54.94959710219951,49.94959710219951
810436,73.0,54.94959710219951,-18.05040289780049
810689,1.0,54.94959710219951,53.94959710219951
810762,39.0,54.94959710219951,15.949597102199512
810834,60.0,54.94959710219951,-5.050402897800488
810906,4.0,54.94959710219951,50.94959710219951
810937,59.0,54.94959710219951,-4.050402897800488
810966,11.0,54.94959710219951,43.94959710219951
810993,37.0,33.315439062121,-3.6845609378789987
810995,5.0,54.94959710219951,49.94959710219951
811058,5.0,54.94959710219951,49.94959710219951
811162,59.0,54.94959710219951,-4.050402897800488
811188,66.0,54.94959710219951,-11.050402897800488
811256,4.0,54.94959710219951,50.94959710219951
811288,0.0,54.94959710219951,54.94959710219951
811368,26.0,54.94959710219951,28.94959710219951
811422,33.0,54.94959710219951,21.94959710219951
811423,2.0,54.94959710219951,52.94959710219951
811530,82.0,54.94959710219951,-27.05040289780049
811561,27.0,54.94959710219951,27.94959710219951
811562,5.0,54.94959710219951,49.94959710219951
811575,41.0,54.94959710219951,13.949597102199512
811705,54.0,54.94959710219951,0.9495971021995118
811724,36.0,33.315439062121,-2.6845609378789987
811761,43.0,54.94959710219951,11.949597102199512
811790,19.0,54.94959710219951,35.94959710219951
811800,5.0,54.94959710219951,49.94959710219951
812023,23.0,33.315439062121,10.315439062121001
812030,24.0,54.94959710219951,30.94959710219951
812053,40.0,54.94959710219951,14.949597102199512
812270,5.0,54.94959710219951,49.94959710219951
812392,2.0,54.94959710219951,52.94959710219951
812396,35.0,54.94959710219951,19.94959710219951
812418,6.0,54.94959710219951,48.94959710219951
812587,29.0,54.94959710219951,25.94959710219951
812623,51.0,54.94959710219951,3.9495971021995118
812633,1.0,54.94959710219951,53.94959710219951
812685,60.0,54.94959710219951,-5.050402897800488
812687,46.0,54.94959710219951,8.949597102199512
812738,29.0,33.315439062121,4.315439062121001
812776,5.0,32.71514350105437,27.71514350105437
812829,25.0,33.315439062121,8.315439062121001
812878,33.0,32.71514350105437,-0.28485649894562926
812936,27.0,54.94959710219951,27.94959710219951
813327,27.0,33.315439062121,6.315439062121001
813597,27.0,33.315439062121,6.315439062121001
813614,20.0,54.94959710219951,34.94959710219951
813620,25.0,54.94959710219951,29.94959710219951
813641,19.0,54.94959710219951,35.94959710219951
813751,5.0,54.94959710219951,49.94959710219951
813776,14.0,54.94959710219951,40.94959710219951
813815,3.0,54.94959710219951,51.94959710219951
813818,5.0,54.94959710219951,49.94959710219951
813864,60.0,54.94959710219951,-5.050402897800488
813886,29.0,54.94959710219951,25.94959710219951
813956,17.0,54.94959710219951,37.94959710219951
813967,5.0,54.94959710219951,49.94959710219951
814023,37.0,33.315439062121,-3.6845609378789987
814026,58.0,54.94959710219951,-3.0504028978004882
814069,25.0,33.315439062121,8.315439062121001
814174,25.0,54.94959710219951,29.94959710219951
814205,43.0,54.94959710219951,11.949597102199512
814223,32.0,54.94959710219951,22.94959710219951
814243,46.0,54.94959710219951,8.949597102199512
814247,44.0,54.94959710219951,10.949597102199512
814277,43.0,54.94959710219951,11.949597102199512
814395,60.0,54.94959710219951,-5.050402897800488
814401,6.0,54.94959710219951,48.94959710219951
814424,12.0,54.94959710219951,42.94959710219951
814452,8.0,54.94959710219951,46.94959710219951
814473,26.0,54.94959710219951,28.94959710219951
814513,26.0,54.94959710219951,28.94959710219951
814533,40.0,54.94959710219951,14.949597102199512
814586,4.0,54.94959710219951,50.94959710219951
814679,36.0,54.94959710219951,18.94959710219951
814729,35.0,54.94959710219951,19.94959710219951
814738,59.0,54.94959710219951,-4.050402897800488
814806,5.0,54.94959710219951,49.94959710219951
814885,40.0,54.94959710219951,14.949597102199512
815068,34.0,54.94959710219951,20.94959710219951
815076,12.0,32.71514350105437,20.71514350105437
815081,44.0,54.94959710219951,10.949597102199512
815119,5.0,54.94959710219951,49.94959710219951
815169,26.0,54.94959710219951,28.94959710219951
815489,34.0,54.94959710219951,20.94959710219951
815514,28.0,54.94959710219951,26.94959710219951
815549,51.0,54.94959710219951,3.9495971021995118
815654,1.0,54.94959710219951,53.94959710219951
815715,28.0,54.94959710219951,26.94959710219951
815783,59.0,54.94959710219951,-4.050402897800488
815789,26.0,54.94959710219951,28.94959710219951
815790,30.0,54.94959710219951,24.94959710219951
815866,34.0,54.94959710219951,20.94959710219951
815940,26.0,33.315439062121,7.315439062121001
815954,33.0,54.94959710219951,21.94959710219951
815988,43.0,54.94959710219951,11.949597102199512
816112,5.0,54.94959710219951,49.94959710219951
816156,24.0,33.315439062121,9.315439062121001
816195,26.0,54.94959710219951,28.94959710219951
816318,19.0,54.94959710219951,35.94959710219951
816396,54.0,54.94959710219951,0.9495971021995118
816535,41.0,54.94959710219951,13.949597102199512
816680,5.0,32.71514350105437,27.71514350105437
816697,47.0,33.315439062121,-13.684560937878999
816764,7.0,54.94959710219951,47.94959710219951
816807,26.0,54.94959710219951,28.94959710219951
816826,36.0,54.94959710219951,18.94959710219951
816852,26.0,33.315439062121,7.315439062121001
816917,40.0,54.94959710219951,14.949597102199512
816928,19.0,54.94959710219951,35.94959710219951
817002,29.0,54.94959710219951,25.94959710219951
817005,31.0,54.94959710219951,23.94959710219951
817262,38.0,54.94959710219951,16.94959710219951
817301,49.0,33.315439062121,-15.684560937878999
817343,12.0,54.94959710219951,42.94959710219951
817529,27.0,33.315439062121,6.315439062121001
817565,43.0,54.94959710219951,11.949597102199512
817650,7.0,54.94959710219951,47.94959710219951
817675,54.0,54.94959710219951,0.9495971021995118
817746,24.0,33.315439062121,9.315439062121001
817960,12.0,32.71514350105437,20.71514350105437
818030,7.0,32.71514350105437,25.71514350105437
818097,65.0,54.94959710219951,-10.050402897800488
818296,38.0,54.94959710219951,16.94959710219951
818307,47.0,54.94959710219951,7.949597102199512
818376,27.0,33.315439062121,6.315439062121001
818399,25.0,33.315439062121,8.315439062121001
818411,61.0,54.94959710219951,-6.050402897800488
818511,33.0,54.94959710219951,21.94959710219951
818512,36.0,54.94959710219951,18.94959710219951
818640,58.0,54.94959710219951,-3.0504028978004882
818652,56.0,54.94959710219951,-1.0504028978004882
818733,41.0,33.315439062121,-7.684560937878999
818749,26.0,54.94959710219951,28.94959710219951
818826,60.0,54.94959710219951,-5.050402897800488
818853,53.0,54.94959710219951,1.9495971021995118
818927,43.0,54.94959710219951,11.949597102199512
819152,24.0,33.315439062121,9.315439062121001
819300,58.0,54.94959710219951,-3.0504028978004882
819516,140.0,54.94959710219951,-85.0504028978005
819651,5.0,54.94959710219951,49.94959710219951
819759,27.0,33.315439062121,6.315439062121001
819804,33.0,54.94959710219951,21.94959710219951
819970,20.0,54.94959710219951,34.94959710219951
820174,47.0,54.94959710219951,7.949597102199512
820179,19.0,54.94959710219951,35.94959710219951
820205,55.0,54.94959710219951,-0.05040289780048823
820229,33.0,33.315439062121,0.31543906212100126
820233,39.0,54.94959710219951,15.949597102199512
820255,88.0,54.94959710219951,-33.05040289780049
820260,8.0,54.94959710219951,46.94959710219951
820268,5.0,54.94959710219951,49.94959710219951
820328,2.0,54.94959710219951,52.94959710219951
820456,40.0,54.94959710219951,14.949597102199512
820461,40.0,54.94959710219951,14.949597102199512
820480,29.0,54.94959710219951,25.94959710219951
820564,57.0,54.94959710219951,-2.0504028978004882
820582,50.0,33.315439062121,-16.684560937879
820609,35.0,54.94959710219951,19.94959710219951
820704,51.0,54.94959710219951,3.9495971021995118
820755,41.0,54.94959710219951,13.949597102199512
820794,58.0,54.94959710219951,-3.0504028978004882
820873,24.0,33.315439062121,9.315439062121001
820897,40.0,54.94959710219951,14.949597102199512
820902,9.0,54.94959710219951,45.94959710219951
820927,24.0,33.315439062121,9.315439062121001
820979,58.0,54.94959710219951,-3.0504028978004882
821295,26.0,54.94959710219951,28.94959710219951
821421,14.0,54.94959710219951,40.94959710219951
821422,5.0,54.94959710219951,49.94959710219951
821508,32.0,54.94959710219951,22.94959710219951
821515,30.0,54.94959710219951,24.94959710219951
821539,5.0,32.71514350105437,27.71514350105437
821766,27.0,54.94959710219951,27.94959710219951
821909,40.0,54.94959710219951,14.949597102199512
822004,40.0,54.94959710219951,14.949597102199512
822025,5.0,54.94959710219951,49.94959710219951
822249,47.0,54.94959710219951,7.949597102199512
822324,34.0,54.94959710219951,20.94959710219951
822330,39.0,54.94959710219951,15.949597102199512
822394,4.0,54.94959710219951,50.94959710219951
822452,12.0,32.71514350105437,20.71514350105437
822592,23.0,54.94959710219951,31.94959710219951
822605,47.0,54.94959710219951,7.949597102199512
822674,31.0,54.94959710219951,23.94959710219951
822735,53.0,54.94959710219951,1.9495971021995118
822790,28.0,54.94959710219951,26.94959710219951
822828,58.0,54.94959710219951,-3.0504028978004882
822904,26.0,33.315439062121,7.315439062121001
822948,26.0,54.94959710219951,28.94959710219951
822992,26.0,54.94959710219951,28.94959710219951
822999,12.0,54.94959710219951,42.94959710219951
823146,62.0,54.94959710219951,-7.050402897800488
823232,48.0,33.315439062121,-14.684560937878999
823255,3.0,54.94959710219951,51.94959710219951
823388,26.0,54.94959710219951,28.94959710219951
823528,27.0,54.94959710219951,27.94959710219951
823535,43.0,54.94959710219951,11.949597102199512
823657,5.0,54.94959710219951,49.94959710219951
823701,25.0,54.94959710219951,29.94959710219951
823718,27.0,54.94959710219951,27.94959710219951
823740,54.0,54.94959710219951,0.9495971021995118
823949,22.0,33.315439062121,11.315439062121001
823961,40.0,54.94959710219951,14.949597102199512
823978,29.0,54.94959710219951,25.94959710219951
824017,23.0,54.94959710219951,31.94959710219951
824114,46.0,54.94959710219951,8.949597102199512
824150,29.0,54.94959710219951,25.94959710219951
824246,34.0,54.94959710219951,20.94959710219951
824257,29.0,54.94959710219951,25.94959710219951
824357,33.0,54.94959710219951,21.94959710219951
824414,31.0,33.315439062121,2.3154390621210013
824436,34.0,54.94959710219951,20.94959710219951
824446,40.0,54.94959710219951,14.949597102199512
824457,44.0,54.94959710219951,10.949597102199512
824537,40.0,54.94959710219951,14.949597102199512
824587,8.0,54.94959710219951,46.94959710219951
824790,26.0,33.315439062121,7.315439062121001
824805,21.0,54.94959710219951,33.94959710219951
824951,3.0,54.94959710219951,51.94959710219951
824981,1.0,54.94959710219951,53.94959710219951
824988,27.0,54.94959710219951,27.94959710219951
825021,22.0,54.94959710219951,32.94959710219951
825030,25.0,33.315439062121,8.315439062121001
825055,67.0,54.94959710219951,-12.050402897800488
825247,28.0,33.315439062121,5.315439062121001
825350,47.0,54.94959710219951,7.949597102199512
825385,26.0,54.94959710219951,28.94959710219951
825388,40.0,54.94959710219951,14.949597102199512
825598,43.0,54.94959710219951,11.949597102199512
825602,8.0,54.94959710219951,46.94959710219951
825608,5.0,54.94959710219951,49.94959710219951
825731,5.0,54.94959710219951,49.94959710219951
825736,41.0,54.94959710219951,13.949597102199512
825739,58.0,54.94959710219951,-3.0504028978004882
825783,26.0,54.94959710219951,28.94959710219951
825808,38.0,54.94959710219951,16.94959710219951
825830,61.0,54.94959710219951,-6.050402897800488
825836,49.0,54.94959710219951,5.949597102199512
825858,1.0,54.94959710219951,53.94959710219951
825912,20.0,54.94959710219951,34.94959710219951
825940,34.0,54.94959710219951,20.94959710219951
825953,33.0,54.94959710219951,21.94959710219951
825989,5.0,54.94959710219951,49.94959710219951
826113,12.0,32.71514350105437,20.71514350105437
826138,82.0,54.94959710219951,-27.05040289780049
826145,28.0,33.315439062121,5.315439062121001
826172,41.0,54.94959710219951,13.949597102199512
826263,26.0,54.94959710219951,28.94959710219951
826271,35.0,54.94959710219951,19.94959710219951
826311,42.0,33.315439062121,-8.684560937878999
826334,29.0,54.94959710219951,25.94959710219951
826444,26.0,54.94959710219951,28.94959710219951
826465,62.0,33.315439062121,-28.684560937879
826496,12.0,54.94959710219951,42.94959710219951
826604,6.0,54.94959710219951,48.94959710219951
826713,48.0,54.94959710219951,6.949597102199512
826769,45.0,33.315439062121,-11.684560937878999
826794,23.0,33.315439062121,10.315439062121001
826834,47.0,54.94959710219951,7.949597102199512
826837,60.0,54.94959710219951,-5.050402897800488
826960,34.0,54.94959710219951,20.94959710219951
827080,24.0,33.315439062121,9.315439062121001
827085,9.0,54.94959710219951,45.94959710219951
827091,12.0,32.71514350105437,20.71514350105437
827179,70.0,54.94959710219951,-15.050402897800488
827187,3.0,54.94959710219951,51.94959710219951
827200,44.0,54.94959710219951,10.949597102199512
827234,29.0,54.94959710219951,25.94959710219951
827318,27.0,33.315439062121,6.315439062121001
827328,3.0,54.94959710219951,51.94959710219951
827745,68.0,54.94959710219951,-13.050402897800488
827755,40.0,54.94959710219951,14.949597102199512
827773,5.0,54.94959710219951,49.94959710219951
827936,12.0,54.94959710219951,42.94959710219951
827958,65.0,54.94959710219951,-10.050402897800488
828006,34.0,54.94959710219951,20.94959710219951
828015,41.0,54.94959710219951,13.949597102199512
828183,28.0,54.94959710219951,26.94959710219951
828325,26.0,33.315439062121,7.315439062121001
828343,12.0,32.71514350105437,20.71514350105437
828361,26.0,54.94959710219951,28.94959710219951
828398,16.0,54.94959710219951,38.94959710219951
828404,58.0,54.94959710219951,-3.0504028978004882
828413,17.0,54.94959710219951,37.94959710219951
828428,56.0,54.94959710219951,-1.0504028978004882
828537,3.0,54.94959710219951,51.94959710219951
828565,13.0,54.94959710219951,41.94959710219951
828654,44.0,54.94959710219951,10.949597102199512
828723,82.0,54.94959710219951,-27.05040289780049
828726,43.0,54.94959710219951,11.949597102199512
828867,2.0,54.94959710219951,52.94959710219951
828913,47.0,54.94959710219951,7.949597102199512
828968,34.0,54.94959710219951,20.94959710219951
829005,59.0,54.94959710219951,-4.050402897800488
829088,16.0,32.71514350105437,16.71514350105437
829132,47.0,33.315439062121,-13.684560937878999
829144,59.0,54.94959710219951,-4.050402897800488
829161,35.0,54.94959710219951,19.94959710219951
829361,29.0,54.94959710219951,25.94959710219951
829384,27.0,54.94959710219951,27.94959710219951
829470,29.0,54.94959710219951,25.94959710219951
829473,13.0,54.94959710219951,41.94959710219951
829584,41.0,54.94959710219951,13.949597102199512
829592,61.0,54.94959710219951,-6.050402897800488
829622,40.0,54.94959710219951,14.949597102199512
829624,5.0,54.94959710219951,49.94959710219951
829720,61.0,54.94959710219951,-6.050402897800488
829816,54.0,54.94959710219951,0.9495971021995118
830036,5.0,54.94959710219951,49.94959710219951
830056,5.0,54.94959710219951,49.94959710219951
830212,54.0,54.94959710219951,0.9495971021995118
830221,36.0,54.94959710219951,18.94959710219951
830397,60.0,54.94959710219951,-5.050402897800488
830399,40.0,54.94959710219951,14.949597102199512
830419,40.0,54.94959710219951,14.949597102199512
830422,39.0,54.94959710219951,15.949597102199512
830478,27.0,54.94959710219951,27.94959710219951
830596,20.0,54.94959710219951,34.94959710219951
830635,12.0,54.94959710219951,42.94959710219951
830820,59.0,54.94959710219951,-4.050402897800488
830843,55.0,54.94959710219951,-0.05040289780048823
831011,43.0,54.94959710219951,11.949597102199512
831045,6.0,54.94959710219951,48.94959710219951
831068,55.0,54.94959710219951,-0.05040289780048823
831084,0.0,54.94959710219951,54.94959710219951
831131,42.0,54.94959710219951,12.949597102199512
831211,45.0,54.94959710219951,9.949597102199512
831293,28.0,54.94959710219951,26.94959710219951
831562,45.0,32.71514350105437,-12.28485649894563
831626,47.0,54.94959710219951,7.949597102199512
831650,23.0,33.315439062121,10.315439062121001
831728,12.0,54.94959710219951,42.94959710219951
831733,55.0,54.94959710219951,-0.05040289780048823
831738,40.0,54.94959710219951,14.949597102199512
831835,40.0,54.94959710219951,14.949597102199512
831842,32.0,54.94959710219951,22.94959710219951
831853,0.0,54.94959710219951,54.94959710219951
831938,60.0,54.94959710219951,-5.050402897800488
832312,42.0,54.94959710219951,12.949597102199512
832413,58.0,54.94959710219951,-3.0504028978004882
832444,54.0,54.94959710219951,0.9495971021995118
832445,20.0,33.315439062121,13.315439062121001
832489,4.0,32.71514350105437,28.71514350105437
832583,34.0,54.94959710219951,20.94959710219951
832731,34.0,54.94959710219951,20.94959710219951
832895,46.0,54.94959710219951,8.949597102199512
833019,13.0,54.94959710219951,41.94959710219951
833070,67.0,54.94959710219951,-12.050402897800488
833128,30.0,54.94959710219951,24.94959710219951
833207,53.0,54.94959710219951,1.9495971021995118
833251,33.0,33.315439062121,0.31543906212100126
833302,32.0,33.315439062121,1.3154390621210013
833471,60.0,54.94959710219951,-5.050402897800488
833476,25.0,54.94959710219951,29.94959710219951
833527,63.0,54.94959710219951,-8.050402897800488
833531,6.0,54.94959710219951,48.94959710219951
833656,45.0,54.94959710219951,9.949597102199512
833782,20.0,54.94959710219951,34.94959710219951
833827,5.0,54.94959710219951,49.94959710219951
834027,6.0,54.94959710219951,48.94959710219951
834102,58.0,54.94959710219951,-3.0504028978004882
834107,32.0,54.94959710219951,22.94959710219951
834113,40.0,54.94959710219951,14.949597102199512
834135,5.0,54.94959710219951,49.94959710219951
834210,40.0,54.94959710219951,14.949597102199512
834270,61.0,54.94959710219951,-6.050402897800488
834277,26.0,54.94959710219951,28.94959710219951
834371,60.0,54.94959710219951,-5.050402897800488
834422,16.0,54.94959710219951,38.94959710219951
834527,40.0,54.94959710219951,14.949597102199512
834529,8.0,54.94959710219951,46.94959710219951
834590,58.0,54.94959710219951,-3.0504028978004882
834593,40.0,54.94959710219951,14.949597102199512
834681,56.0,54.94959710219951,-1.0504028978004882
834732,58.0,54.94959710219951,-3.0504028978004882
834818,13.0,54.94959710219951,41.94959710219951
834834,43.0,54.94959710219951,11.949597102199512
834882,27.0,54.94959710219951,27.94959710219951
834962,54.0,54.94959710219951,0.9495971021995118
834994,39.0,54.94959710219951,15.949597102199512
835002,49.0,54.94959710219951,5.949597102199512
835076,5.0,54.94959710219951,49.94959710219951
835098,34.0,54.94959710219951,20.94959710219951
835105,27.0,54.94959710219951,27.94959710219951
835147,58.0,54.94959710219951,-3.0504028978004882
835195,48.0,54.94959710219951,6.949597102199512
835222,28.0,54.94959710219951,26.94959710219951
835292,7.0,54.94959710219951,47.94959710219951
835345,24.0,54.94959710219951,30.94959710219951
835414,8.0,54.94959710219951,46.94959710219951
835461,60.0,54.94959710219951,-5.050402897800488
835564,38.0,54.94959710219951,16.94959710219951
835691,41.0,54.94959710219951,13.949597102199512
835707,42.0,54.94959710219951,12.949597102199512
835741,30.0,54.94959710219951,24.94959710219951
835747,34.0,54.94959710219951,20.94959710219951
835765,38.0,33.315439062121,-4.684560937878999
835811,59.0,54.94959710219951,-4.050402897800488
835893,53.0,54.94959710219951,1.9495971021995118
836079,98.0,54.94959710219951,-43.05040289780049
836184,27.0,54.94959710219951,27.94959710219951
836418,11.0,54.94959710219951,43.94959710219951
836555,40.0,54.94959710219951,14.949597102199512
836579,52.0,54.94959710219951,2.9495971021995118
836593,67.0,54.94959710219951,-12.050402897800488
836660,20.0,54.94959710219951,34.94959710219951
836742,12.0,54.94959710219951,42.94959710219951
836933,58.0,54.94959710219951,-3.0504028978004882
836934,4.0,54.94959710219951,50.94959710219951
836940,28.0,54.94959710219951,26.94959710219951
837060,30.0,54.94959710219951,24.94959710219951
837093,2.0,54.94959710219951,52.94959710219951
837129,26.0,54.94959710219951,28.94959710219951
837136,24.0,54.94959710219951,30.94959710219951
837172,47.0,54.94959710219951,7.949597102199512
837224,55.0,54.94959710219951,-0.05040289780048823
837392,41.0,54.94959710219951,13.949597102199512
837482,38.0,54.94959710219951,16.94959710219951
837505,1.0,54.94959710219951,53.94959710219951
837509,19.0,54.94959710219951,35.94959710219951
837725,67.0,54.94959710219951,-12.050402897800488
837797,61.0,54.94959710219951,-6.050402897800488
837801,59.0,54.94959710219951,-4.050402897800488
837820,4.0,54.94959710219951,50.94959710219951
837977,54.0,54.94959710219951,0.9495971021995118
838051,53.0,54.94959710219951,1.9495971021995118
838201,4.0,54.94959710219951,50.94959710219951
838257,2.0,54.94959710219951,52.94959710219951
838447,55.0,54.94959710219951,-0.05040289780048823
838452,6.0,54.94959710219951,48.94959710219951
838587,17.0,32.71514350105437,15.71514350105437
838864,40.0,54.94959710219951,14.949597102199512
838958,26.0,32.71514350105437,6.715143501054371
839161,58.0,54.94959710219951,-3.0504028978004882
839183,23.0,54.94959710219951,31.94959710219951
839262,46.0,54.94959710219951,8.949597102199512
839299,57.0,54.94959710219951,-2.0504028978004882
839380,35.0,33.315439062121,-1.6845609378789987
839426,50.0,33.315439062121,-16.684560937879
839451,1.0,54.94959710219951,53.94959710219951
839478,30.0,54.94959710219951,24.94959710219951
839561,42.0,54.94959710219951,12.949597102199512
839681,41.0,54.94959710219951,13.949597102199512
839736,55.0,54.94959710219951,-0.05040289780048823
839756,40.0,54.94959710219951,14.949597102199512
839781,46.0,54.94959710219951,8.949597102199512
839798,36.0,54.94959710219951,18.94959710219951
839939,26.0,54.94959710219951,28.94959710219951
839966,5.0,54.94959710219951,49.94959710219951
839998,59.0,54.94959710219951,-4.050402897800488
840059,38.0,32.71514350105437,-5.284856498945629
840220,45.0,54.94959710219951,9.949597102199512
840224,60.0,54.94959710219951,-5.050402897800488
840377,1.0,54.94959710219951,53.94959710219951
840378,29.0,54.94959710219951,25.94959710219951
840409,54.0,54.94959710219951,0.9495971021995118
840512,58.0,54.94959710219951,-3.0504028978004882
840535,56.0,54.94959710219951,-1.0504028978004882
840617,29.0,54.94959710219951,25.94959710219951
840642,33.0,54.94959710219951,21.94959710219951
840744,7.0,54.94959710219951,47.94959710219951
840885,29.0,54.94959710219951,25.94959710219951
840887,56.0,54.94959710219951,-1.0504028978004882
840894,27.0,54.94959710219951,27.94959710219951
840896,3.0,54.94959710219951,51.94959710219951
841034,33.0,54.94959710219951,21.94959710219951
841177,54.0,54.94959710219951,0.9495971021995118
841208,44.0,54.94959710219951,10.949597102199512
841338,60.0,54.94959710219951,-5.050402897800488
841400,50.0,33.315439062121,-16.684560937879
841479,26.0,54.94959710219951,28.94959710219951
841664,58.0,54.94959710219951,-3.0504028978004882
841796,4.0,54.94959710219951,50.94959710219951
842051,28.0,54.94959710219951,26.94959710219951
842085,27.0,54.94959710219951,27.94959710219951
842102,40.0,54.94959710219951,14.949597102199512
842118,48.0,54.94959710219951,6.949597102199512
842128,13.0,54.94959710219951,41.94959710219951
842143,36.0,54.94959710219951,18.94959710219951
842250,50.0,33.315439062121,-16.684560937879
842259,4.0,32.71514350105437,28.71514350105437
842264,59.0,54.94959710219951,-4.050402897800488
842287,35.0,54.94959710219951,19.94959710219951
842344,6.0,54.94959710219951,48.94959710219951
842359,47.0,54.94959710219951,7.949597102199512
842403,13.0,54.94959710219951,41.94959710219951
842419,41.0,54.94959710219951,13.949597102199512
842486,27.0,33.315439062121,6.315439062121001
842491,68.0,33.315439062121,-34.684560937879
842542,33.0,54.94959710219951,21.94959710219951
842616,59.0,54.94959710219951,-4.050402897800488
842844,0.0,54.94959710219951,54.94959710219951
842852,7.0,32.71514350105437,25.71514350105437
843014,38.0,54.94959710219951,16.94959710219951
843041,26.0,32.71514350105437,6.715143501054371
843095,43.0,54.94959710219951,11.949597102199512
843158,59.0,54.94959710219951,-4.050402897800488
843206,60.0,54.94959710219951,-5.050402897800488
843240,58.0,54.94959710219951,-3.0504028978004882
843305,5.0,54.94959710219951,49.94959710219951
843363,26.0,33.315439062121,7.315439062121001
843438,44.0,54.94959710219951,10.949597102199512
843442,57.0,54.94959710219951,-2.0504028978004882
843444,0.0,54.94959710219951,54.94959710219951
843750,62.0,54.94959710219951,-7.050402897800488
843764,19.0,54.94959710219951,35.94959710219951
843794,5.0,54.94959710219951,49.94959710219951
843874,19.0,54.94959710219951,35.94959710219951
843884,39.0,54.94959710219951,15.949597102199512
843937,26.0,54.94959710219951,28.94959710219951
844034,40.0,54.94959710219951,14.949597102199512
844212,60.0,54.94959710219951,-5.050402897800488
844218,40.0,54.94959710219951,14.949597102199512
844237,60.0,54.94959710219951,-5.050402897800488
844321,29.0,33.315439062121,4.315439062121001
844348,62.0,54.94959710219951,-7.050402897800488
844460,24.0,54.94959710219951,30.94959710219951
844680,8.0,54.94959710219951,46.94959710219951
844687,19.0,54.94959710219951,35.94959710219951
844824,68.0,54.94959710219951,-13.050402897800488
845074,33.0,54.94959710219951,21.94959710219951
845109,5.0,54.94959710219951,49.94959710219951
845148,28.0,54.94959710219951,26.94959710219951
845177,61.0,54.94959710219951,-6.050402897800488
845210,60.0,54.94959710219951,-5.050402897800488
845247,44.0,54.94959710219951,10.949597102199512
845415,48.0,54.94959710219951,6.949597102199512
845620,27.0,54.94959710219951,27.94959710219951
845778,59.0,54.94959710219951,-4.050402897800488
845862,28.0,54.94959710219951,26.94959710219951
845989,50.0,54.94959710219951,4.949597102199512
846042,39.0,54.94959710219951,15.949597102199512
846182,59.0,54.94959710219951,-4.050402897800488
846227,41.0,54.94959710219951,13.949597102199512
846286,4.0,54.94959710219951,50.94959710219951
846302,48.0,54.94959710219951,6.949597102199512
846418,5.0,54.94959710219951,49.94959710219951
846608,48.0,54.94959710219951,6.949597102199512
846611,24.0,33.315439062121,9.315439062121001
846676,43.0,54.94959710219951,11.949597102199512
846684,5.0,32.71514350105437,27.71514350105437
846857,69.0,54.94959710219951,-14.050402897800488
846959,59.0,54.94959710219951,-4.050402897800488
846991,37.0,54.94959710219951,17.94959710219951
847024,1.0,54.94959710219951,53.94959710219951
847030,5.0,54.94959710219951,49.94959710219951
847096,13.0,54.94959710219951,41.94959710219951
847112,28.0,54.94959710219951,26.94959710219951
847172,40.0,54.94959710219951,14.949597102199512
847211,43.0,54.94959710219951,11.949597102199512
847414,27.0,54.94959710219951,27.94959710219951
847444,40.0,54.94959710219951,14.949597102199512
847454,5.0,54.94959710219951,49.94959710219951
847467,5.0,54.94959710219951,49.94959710219951
847473,30.0,54.94959710219951,24.94959710219951
847489,45.0,54.94959710219951,9.949597102199512
847567,26.0,54.94959710219951,28.94959710219951
847588,5.0,54.94959710219951,49.94959710219951
847589,13.0,54.94959710219951,41.94959710219951
847853,21.0,33.315439062121,12.315439062121001
847883,48.0,54.94959710219951,6.949597102199512
847947,55.0,54.94959710219951,-0.05040289780048823
848014,60.0,54.94959710219951,-5.050402897800488
848074,27.0,33.315439062121,6.315439062121001
848086,62.0,54.94959710219951,-7.050402897800488
848096,58.0,54.94959710219951,-3.0504028978004882
848132,61.0,54.94959710219951,-6.050402897800488
848198,3.0,54.94959710219951,51.94959710219951
848221,5.0,54.94959710219951,49.94959710219951
848243,47.0,54.94959710219951,7.949597102199512
848286,42.0,54.94959710219951,12.949597102199512
848564,8.0,54.94959710219951,46.94959710219951
848593,1.0,54.94959710219951,53.94959710219951
848721,66.0,54.94959710219951,-11.050402897800488
848759,25.0,54.94959710219951,29.94959710219951
848769,22.0,54.94959710219951,32.94959710219951
848869,3.0,54.94959710219951,51.94959710219951
848914,19.0,54.94959710219951,35.94959710219951
848920,6.0,54.94959710219951,48.94959710219951
848949,58.0,54.94959710219951,-3.0504028978004882
848986,6.0,54.94959710219951,48.94959710219951
849059,18.0,32.71514350105437,14.71514350105437
849129,58.0,54.94959710219951,-3.0504028978004882
849202,41.0,33.315439062121,-7.684560937878999
849267,32.0,54.94959710219951,22.94959710219951
849380,59.0,54.94959710219951,-4.050402897800488
849542,52.0,54.94959710219951,2.9495971021995118
849550,1.0,54.94959710219951,53.94959710219951
849588,18.0,32.71514350105437,14.71514350105437
849743,7.0,54.94959710219951,47.94959710219951
849809,62.0,54.94959710219951,-7.050402897800488
849820,41.0,54.94959710219951,13.949597102199512
849884,54.0,33.315439062121,-20.684560937879
849895,35.0,33.315439062121,-1.6845609378789987
849937,58.0,54.94959710219951,-3.0504028978004882
849971,29.0,54.94959710219951,25.94959710219951
850008,5.0,54.94959710219951,49.94959710219951
850021,28.0,54.94959710219951,26.94959710219951
850119,5.0,54.94959710219951,49.94959710219951
850292,28.0,54.94959710219951,26.94959710219951
850366,36.0,54.94959710219951,18.94959710219951
850455,34.0,33.315439062121,-0.6845609378789987
850525,46.0,54.94959710219951,8.949597102199512
850549,39.0,54.94959710219951,15.949597102199512
850670,5.0,54.94959710219951,49.94959710219951
850674,12.0,32.71514350105437,20.71514350105437
850739,9.0,54.94959710219951,45.94959710219951
850845,54.0,54.94959710219951,0.9495971021995118
850893,58.0,54.94959710219951,-3.0504028978004882
850921,26.0,33.315439062121,7.315439062121001
850982,4.0,54.94959710219951,50.94959710219951
851017,20.0,33.315439062121,13.315439062121001
851196,31.0,54.94959710219951,23.94959710219951
851214,19.0,54.94959710219951,35.94959710219951
851246,40.0,54.94959710219951,14.949597102199512
851321,39.0,54.94959710219951,15.949597102199512
851400,28.0,33.315439062121,5.315439062121001
851476,5.0,54.94959710219951,49.94959710219951
851496,1.0,54.94959710219951,53.94959710219951
851612,26.0,33.315439062121,7.315439062121001
851622,0.0,54.94959710219951,54.94959710219951
851654,74.0,54.94959710219951,-19.05040289780049
851674,55.0,54.94959710219951,-0.05040289780048823
851746,38.0,32.71514350105437,-5.284856498945629
851763,29.0,54.94959710219951,25.94959710219951
851769,32.0,54.94959710219951,22.94959710219951
851818,3.0,54.94959710219951,51.94959710219951
851923,26.0,33.315439062121,7.315439062121001
851925,34.0,54.94959710219951,20.94959710219951
851933,61.0,54.94959710219951,-6.050402897800488
851968,24.0,32.71514350105437,8.71514350105437
852012,5.0,54.94959710219951,49.94959710219951
852096,26.0,54.94959710219951,28.94959710219951
852169,40.0,54.94959710219951,14.949597102199512
852287,41.0,54.94959710219951,13.949597102199512
852361,40.0,54.94959710219951,14.949597102199512
852370,54.0,54.94959710219951,0.9495971021995118
852464,17.0,54.94959710219951,37.94959710219951
852466,33.0,54.94959710219951,21.94959710219951
852530,33.0,54.94959710219951,21.94959710219951
852634,26.0,54.94959710219951,28.94959710219951
852679,19.0,54.94959710219951,35.94959710219951
852700,21.0,54.94959710219951,33.94959710219951
852706,26.0,33.315439062121,7.315439062121001
852775,27.0,33.315439062121,6.315439062121001
852860,26.0,54.94959710219951,28.94959710219951
852878,65.0,54.94959710219951,-10.050402897800488
852967,23.0,32.71514350105437,9.71514350105437
853019,48.0,54.94959710219951,6.949597102199512
853036,3.0,54.94959710219951,51.94959710219951
853077,30.0,54.94959710219951,24.94959710219951
853256,5.0,54.94959710219951,49.94959710219951
853298,27.0,33.315439062121,6.315439062121001
853301,43.0,54.94959710219951,11.949597102199512
853313,5.0,54.94959710219951,49.94959710219951
853466,7.0,54.94959710219951,47.94959710219951
853497,59.0,54.94959710219951,-4.050402897800488
853600,2.0,54.94959710219951,52.94959710219951
853660,42.0,54.94959710219951,12.949597102199512
853870,5.0,54.94959710219951,49.94959710219951
853883,26.0,54.94959710219951,28.94959710219951
853980,27.0,33.315439062121,6.315439062121001
854087,24.0,54.94959710219951,30.94959710219951
854088,15.0,54.94959710219951,39.94959710219951
854099,26.0,54.94959710219951,28.94959710219951
854190,33.0,32.71514350105437,-0.28485649894562926
854216,58.0,54.94959710219951,-3.0504028978004882
854275,5.0,54.94959710219951,49.94959710219951
854342,4.0,54.94959710219951,50.94959710219951
854377,5.0,54.94959710219951,49.94959710219951
854513,6.0,54.94959710219951,48.94959710219951
854537,31.0,33.315439062121,2.3154390621210013
854646,24.0,54.94959710219951,30.94959710219951
854660,61.0,54.94959710219951,-6.050402897800488
854680,4.0,54.94959710219951,50.94959710219951
854727,13.0,32.71514350105437,19.71514350105437
854747,58.0,54.94959710219951,-3.0504028978004882
854779,33.0,54.94959710219951,21.94959710219951
854862,39.0,54.94959710219951,15.949597102199512
855021,28.0,54.94959710219951,26.94959710219951
855086,45.0,54.94959710219951,9.949597102199512
855103,45.0,54.94959710219951,9.949597102199512
855210,28.0,54.94959710219951,26.94959710219951
855238,33.0,54.94959710219951,21.94959710219951
855287,58.0,54.94959710219951,-3.0504028978004882
855328,40.0,54.94959710219951,14.949597102199512
855334,23.0,33.315439062121,10.315439062121001
855413,26.0,54.94959710219951,28.94959710219951
855425,28.0,33.315439062121,5.315439062121001
855433,1.0,54.94959710219951,53.94959710219951
855434,48.0,54.94959710219951,6.949597102199512
855456,61.0,54.94959710219951,-6.050402897800488
855469,41.0,33.315439062121,-7.684560937878999
855611,40.0,54.94959710219951,14.949597102199512
855699,47.0,54.94959710219951,7.949597102199512
855818,48.0,54.94959710219951,6.949597102199512
855864,26.0,54.94959710219951,28.94959710219951
855987,38.0,54.94959710219951,16.94959710219951
855994,5.0,54.94959710219951,49.94959710219951
856055,28.0,54.94959710219951,26.94959710219951
856110,26.0,54.94959710219951,28.94959710219951
856176,56.0,54.94959710219951,-1.0504028978004882
856198,6.0,54.94959710219951,48.94959710219951
856205,5.0,54.94959710219951,49.94959710219951
856211,25.0,33.315439062121,8.315439062121001
856281,39.0,33.315439062121,-5.684560937878999
856394,6.0,32.71514350105437,26.71514350105437
856588,33.0,54.94959710219951,21.94959710219951
856605,33.0,54.94959710219951,21.94959710219951
856671,16.0,54.94959710219951,38.94959710219951
856704,45.0,54.94959710219951,9.949597102199512
856843,29.0,54.94959710219951,25.94959710219951
856950,18.0,54.94959710219951,36.94959710219951
856957,28.0,54.94959710219951,26.94959710219951
857013,34.0,54.94959710219951,20.94959710219951
857035,58.0,54.94959710219951,-3.0504028978004882
857046,30.0,33.315439062121,3.3154390621210013
857083,26.0,33.315439062121,7.315439062121001
857137,54.0,54.94959710219951,0.9495971021995118
857161,39.0,54.94959710219951,15.949597102199512
857189,27.0,33.315439062121,6.315439062121001
857244,5.0,54.94959710219951,49.94959710219951
857266,34.0,54.94959710219951,20.94959710219951
857274,30.0,33.315439062121,3.3154390621210013
857308,39.0,33.315439062121,-5.684560937878999
857334,32.0,54.94959710219951,22.94959710219951
857661,27.0,33.315439062121,6.315439062121001
857712,59.0,54.94959710219951,-4.050402897800488
857770,4.0,54.94959710219951,50.94959710219951
857782,54.0,54.94959710219951,0.9495971021995118
858004,82.0,54.94959710219951,-27.05040289780049
858109,64.0,54.94959710219951,-9.050402897800488
858115,58.0,54.94959710219951,-3.0504028978004882
858167,47.0,54.94959710219951,7.949597102199512
858172,40.0,54.94959710219951,14.949597102199512
858181,1.0,54.94959710219951,53.94959710219951
858241,33.0,54.94959710219951,21.94959710219951
858419,43.0,54.94959710219951,11.949597102199512
858426,19.0,54.94959710219951,35.94959710219951
858429,44.0,54.94959710219951,10.949597102199512
858645,59.0,54.94959710219951,-4.050402897800488
858692,3.0,54.94959710219951,51.94959710219951
858739,60.0,54.94959710219951,-5.050402897800488
858783,39.0,54.94959710219951,15.949597102199512
858872,40.0,54.94959710219951,14.949597102199512
858878,44.0,54.94959710219951,10.949597102199512
858898,59.0,54.94959710219951,-4.050402897800488
858914,58.0,54.94959710219951,-3.0504028978004882
858997,25.0,33.315439062121,8.315439062121001
859012,27.0,54.94959710219951,27.94959710219951
859039,8.0,54.94959710219951,46.94959710219951
859121,33.0,54.94959710219951,21.94959710219951
859134,68.0,54.94959710219951,-13.050402897800488
859149,26.0,33.315439062121,7.315439062121001
859178,44.0,54.94959710219951,10.949597102199512
859245,5.0,54.94959710219951,49.94959710219951
859370,60.0,54.94959710219951,-5.050402897800488
859378,23.0,33.315439062121,10.315439062121001
859422,5.0,32.71514350105437,27.71514350105437
859424,65.0,54.94959710219951,-10.050402897800488
859438,59.0,54.94959710219951,-4.050402897800488
859447,41.0,54.94959710219951,13.949597102199512
859523,23.0,54.94959710219951,31.94959710219951
859541,5.0,54.94959710219951,49.94959710219951
859550,40.0,54.94959710219951,14.949597102199512
859589,37.0,54.94959710219951,17.94959710219951
859603,5.0,54.94959710219951,49.94959710219951
859668,59.0,54.94959710219951,-4.050402897800488
859746,40.0,33.315439062121,-6.684560937878999
859787,43.0,54.94959710219951,11.949597102199512
859849,39.0,54.94959710219951,15.949597102199512
859960,11.0,54.94959710219951,43.94959710219951
859966,5.0,54.94959710219951,49.94959710219951
859976,25.0,54.94959710219951,29.94959710219951
860094,5.0,54.94959710219951,49.94959710219951
860228,29.0,54.94959710219951,25.94959710219951
860265,5.0,54.94959710219951,49.94959710219951
860267,52.0,54.94959710219951,2.9495971021995118
860317,60.0,54.94959710219951,-5.050402897800488
860323,24.0,54.94959710219951,30.94959710219951
860367,13.0,54.94959710219951,41.94959710219951
860378,56.0,54.94959710219951,-1.0504028978004882
860516,26.0,54.94959710219951,28.94959710219951
860556,42.0,54.94959710219951,12.949597102199512
860578,20.0,33.315439062121,13.315439062121001
860612,2.0,54.94959710219951,52.94959710219951
860613,6.0,54.94959710219951,48.94959710219951
860627,23.0,33.315439062121,10.315439062121001
860636,37.0,54.94959710219951,17.94959710219951
860638,25.0,54.94959710219951,29.94959710219951
860802,31.0,33.315439062121,2.3154390621210013
860803,33.0,54.94959710219951,21.94959710219951
860836,56.0,54.94959710219951,-1.0504028978004882
860985,35.0,54.94959710219951,19.94959710219951
860995,25.0,54.94959710219951,29.94959710219951
861010,7.0,54.94959710219951,47.94959710219951
861199,26.0,54.94959710219951,28.94959710219951
861202,43.0,54.94959710219951,11.949597102199512
861221,41.0,54.94959710219951,13.949597102199512
861241,46.0,54.94959710219951,8.949597102199512
861256,25.0,54.94959710219951,29.94959710219951
861332,8.0,54.94959710219951,46.94959710219951
861360,33.0,54.94959710219951,21.94959710219951
861490,1.0,54.94959710219951,53.94959710219951
861504,3.0,54.94959710219951,51.94959710219951
861510,38.0,54.94959710219951,16.94959710219951
861550,61.0,54.94959710219951,-6.050402897800488
861596,40.0,54.94959710219951,14.949597102199512
861644,49.0,54.94959710219951,5.949597102199512
861917,38.0,54.94959710219951,16.94959710219951
861940,46.0,54.94959710219951,8.949597102199512
861944,27.0,33.315439062121,6.315439062121001
861953,41.0,54.94959710219951,13.949597102199512
861993,33.0,54.94959710219951,21.94959710219951
862171,1.0,54.94959710219951,53.94959710219951
862365,40.0,54.94959710219951,14.949597102199512
862529,30.0,54.94959710219951,24.94959710219951
862559,12.0,32.71514350105437,20.71514350105437
862587,37.0,54.94959710219951,17.94959710219951
862673,41.0,33.315439062121,-7.684560937878999
862697,34.0,54.94959710219951,20.94959710219951
862834,5.0,54.94959710219951,49.94959710219951
862866,25.0,54.94959710219951,29.94959710219951
862908,29.0,54.94959710219951,25.94959710219951
862920,54.0,54.94959710219951,0.9495971021995118
862926,54.0,54.94959710219951,0.9495971021995118
862933,4.0,54.94959710219951,50.94959710219951
862959,5.0,54.94959710219951,49.94959710219951
862990,19.0,54.94959710219951,35.94959710219951
863122,20.0,54.94959710219951,34.94959710219951
863124,36.0,33.315439062121,-2.6845609378789987
863131,62.0,54.94959710219951,-7.050402897800488
863195,3.0,54.94959710219951,51.94959710219951
863323,58.0,54.94959710219951,-3.0504028978004882
863414,57.0,54.94959710219951,-2.0504028978004882
863472,47.0,54.94959710219951,7.949597102199512
863516,20.0,54.94959710219951,34.94959710219951
863520,27.0,54.94959710219951,27.94959710219951
863596,3.0,54.94959710219951,51.94959710219951
863632,39.0,54.94959710219951,15.949597102199512
863669,58.0,54.94959710219951,-3.0504028978004882
863794,46.0,54.94959710219951,8.949597102199512
863862,25.0,54.94959710219951,29.94959710219951
863904,5.0,54.94959710219951,49.94959710219951
863924,47.0,54.94959710219951,7.949597102199512
863963,39.0,33.315439062121,-5.684560937878999
864040,41.0,54.94959710219951,13.949597102199512
864058,13.0,54.94959710219951,41.94959710219951
864211,3.0,54.94959710219951,51.94959710219951
864231,19.0,32.71514350105437,13.71514350105437
864271,19.0,32.71514350105437,13.71514350105437
864351,30.0,54.94959710219951,24.94959710219951
864360,61.0,54.94959710219951,-6.050402897800488
864442,154.0,54.94959710219951,-99.0504028978005
864460,4.0,54.94959710219951,50.94959710219951
864508,28.0,54.94959710219951,26.94959710219951
864512,32.0,54.94959710219951,22.94959710219951
864549,57.0,54.94959710219951,-2.0504028978004882
864573,47.0,54.94959710219951,7.949597102199512
864760,40.0,54.94959710219951,14.949597102199512
864767,25.0,33.315439062121,8.315439062121001
864775,23.0,33.315439062121,10.315439062121001
864781,61.0,54.94959710219951,-6.050402897800488
864900,7.0,54.94959710219951,47.94959710219951
864925,39.0,54.94959710219951,15.949597102199512
865005,6.0,54.94959710219951,48.94959710219951
865155,15.0,33.315439062121,18.315439062121
865158,5.0,54.94959710219951,49.94959710219951
865323,5.0,54.94959710219951,49.94959710219951
865344,29.0,54.94959710219951,25.94959710219951
865476,42.0,54.94959710219951,12.949597102199512
865548,40.0,54.94959710219951,14.949597102199512
865560,28.0,54.94959710219951,26.94959710219951
865561,58.0,54.94959710219951,-3.0504028978004882
865657,4.0,54.94959710219951,50.94959710219951
865818,4.0,54.94959710219951,50.94959710219951
865959,28.0,33.315439062121,5.315439062121001
865971,41.0,54.94959710219951,13.949597102199512
865993,5.0,54.94959710219951,49.94959710219951
866047,44.0,54.94959710219951,10.949597102199512
866082,54.0,54.94959710219951,0.9495971021995118
866111,40.0,54.94959710219951,14.949597102199512
866167,5.0,54.94959710219951,49.94959710219951
866216,28.0,54.94959710219951,26.94959710219951
866236,67.0,54.94959710219951,-12.050402897800488
866269,54.0,54.94959710219951,0.9495971021995118
866283,59.0,54.94959710219951,-4.050402897800488
866294,45.0,54.94959710219951,9.949597102199512
866297,25.0,33.315439062121,8.315439062121001
866314,60.0,54.94959710219951,-5.050402897800488
866325,58.0,54.94959710219951,-3.0504028978004882
866401,28.0,54.94959710219951,26.94959710219951
866578,15.0,54.94959710219951,39.94959710219951
866617,24.0,33.315439062121,9.315439062121001
866622,40.0,54.94959710219951,14.949597102199512
866656,25.0,33.315439062121,8.315439062121001
866905,3.0,54.94959710219951,51.94959710219951
866939,25.0,33.315439062121,8.315439062121001
866944,15.0,54.94959710219951,39.94959710219951
866988,5.0,54.94959710219951,49.94959710219951
867031,9.0,54.94959710219951,45.94959710219951
867076,31.0,54.94959710219951,23.94959710219951
867148,46.0,54.94959710219951,8.949597102199512
867346,54.0,54.94959710219951,0.9495971021995118
867380,23.0,33.315439062121,10.315439062121001
867403,30.0,54.94959710219951,24.94959710219951
867512,30.0,54.94959710219951,24.94959710219951
867546,25.0,33.315439062121,8.315439062121001
867565,44.0,54.94959710219951,10.949597102199512
867770,0.0,54.94959710219951,54.94959710219951
867844,44.0,54.94959710219951,10.949597102199512
867884,49.0,54.94959710219951,5.949597102199512
867973,30.0,54.94959710219951,24.94959710219951
868016,22.0,54.94959710219951,32.94959710219951
868366,61.0,54.94959710219951,-6.050402897800488
868406,26.0,54.94959710219951,28.94959710219951
868529,38.0,54.94959710219951,16.94959710219951
868724,34.0,54.94959710219951,20.94959710219951
868823,33.0,54.94959710219951,21.94959710219951
868833,13.0,54.94959710219951,41.94959710219951
868882,51.0,54.94959710219951,3.9495971021995118
868894,69.0,54.94959710219951,-14.050402897800488
869004,54.0,54.94959710219951,0.9495971021995118
869090,47.0,54.94959710219951,7.949597102199512
869115,43.0,54.94959710219951,11.949597102199512
869181,28.0,54.94959710219951,26.94959710219951
869228,29.0,54.94959710219951,25.94959710219951
869350,33.0,33.315439062121,0.31543906212100126
869358,13.0,54.94959710219951,41.94959710219951
869366,26.0,54.94959710219951,28.94959710219951
869375,33.0,54.94959710219951,21.94959710219951
869393,5.0,54.94959710219951,49.94959710219951
869457,41.0,54.94959710219951,13.949597102199512
869511,50.0,33.315439062121,-16.684560937879
869703,59.0,54.94959710219951,-4.050402897800488
869795,11.0,54.94959710219951,43.94959710219951
869917,65.0,54.94959710219951,-10.050402897800488
869953,40.0,54.94959710219951,14.949597102199512
870025,1.0,54.94959710219951,53.94959710219951
870165,46.0,54.94959710219951,8.949597102199512
870233,43.0,54.94959710219951,11.949597102199512
870492,5.0,54.94959710219951,49.94959710219951
870505,47.0,54.94959710219951,7.949597102199512
870568,40.0,54.94959710219951,14.949597102199512
870666,33.0,54.94959710219951,21.94959710219951
870698,14.0,54.94959710219951,40.94959710219951
870743,8.0,54.94959710219951,46.94959710219951
870791,2.0,54.94959710219951,52.94959710219951
870878,51.0,54.94959710219951,3.9495971021995118
871014,7.0,54.94959710219951,47.94959710219951
871096,57.0,54.94959710219951,-2.0504028978004882
871100,5.0,54.94959710219951,49.94959710219951
871115,60.0,54.94959710219951,-5.050402897800488
871171,5.0,54.94959710219951,49.94959710219951
871259,3.0,54.94959710219951,51.94959710219951
871269,1.0,32.71514350105437,31.71514350105437
871368,0.0,54.94959710219951,54.94959710219951
871375,40.0,54.94959710219951,14.949597102199512
871379,3.0,54.94959710219951,51.94959710219951
871401,59.0,54.94959710219951,-4.050402897800488
871511,43.0,54.94959710219951,11.949597102199512
871515,40.0,54.94959710219951,14.949597102199512
871524,26.0,54.94959710219951,28.94959710219951
871620,66.0,54.94959710219951,-11.050402897800488
871626,5.0,54.94959710219951,49.94959710219951
871666,5.0,54.94959710219951,49.94959710219951
871737,2.0,54.94959710219951,52.94959710219951
871922,0.0,54.94959710219951,54.94959710219951
871938,5.0,54.94959710219951,49.94959710219951
871941,41.0,54.94959710219951,13.949597102199512
871958,2.0,54.94959710219951,52.94959710219951
872017,5.0,54.94959710219951,49.94959710219951
872191,26.0,54.94959710219951,28.94959710219951
872245,25.0,33.315439062121,8.315439062121001
872248,23.0,54.94959710219951,31.94959710219951
872338,60.0,54.94959710219951,-5.050402897800488
872350,6.0,54.94959710219951,48.94959710219951
872478,4.0,54.94959710219951,50.94959710219951
872599,33.0,54.94959710219951,21.94959710219951
872638,60.0,54.94959710219951,-5.050402897800488
872737,63.0,54.94959710219951,-8.050402897800488
872779,37.0,54.94959710219951,17.94959710219951
872822,40.0,54.94959710219951,14.949597102199512
872837,37.0,54.94959710219951,17.94959710219951
872843,47.0,54.94959710219951,7.949597102199512
872881,25.0,54.94959710219951,29.94959710219951
872937,45.0,54.94959710219951,9.949597102199512
873024,5.0,54.94959710219951,49.94959710219951
873042,11.0,54.94959710219951,43.94959710219951
873051,5.0,54.94959710219951,49.94959710219951
873212,53.0,54.94959710219951,1.9495971021995118
873412,28.0,54.94959710219951,26.94959710219951
873435,29.0,33.315439062121,4.315439062121001
873839,59.0,54.94959710219951,-4.050402897800488
873854,40.0,54.94959710219951,14.949597102199512
873881,29.0,54.94959710219951,25.94959710219951
873915,58.0,54.94959710219951,-3.0504028978004882
874126,62.0,54.94959710219951,-7.050402897800488
874146,3.0,54.94959710219951,51.94959710219951
874171,16.0,54.94959710219951,38.94959710219951
874296,40.0,32.71514350105437,-7.284856498945629
874332,22.0,33.315439062121,11.315439062121001
874414,5.0,54.94959710219951,49.94959710219951
874446,60.0,54.94959710219951,-5.050402897800488
874532,54.0,54.94959710219951,0.9495971021995118
874570,39.0,54.94959710219951,15.949597102199512
874604,19.0,54.94959710219951,35.94959710219951
874677,60.0,54.94959710219951,-5.050402897800488
874688,58.0,54.94959710219951,-3.0504028978004882
874707,83.0,54.94959710219951,-28.05040289780049
874722,60.0,54.94959710219951,-5.050402897800488
874735,48.0,54.94959710219951,6.949597102199512
874757,54.0,54.94959710219951,0.9495971021995118
874815,26.0,54.94959710219951,28.94959710219951
874939,47.0,54.94959710219951,7.949597102199512
874944,23.0,33.315439062121,10.315439062121001
874945,5.0,54.94959710219951,49.94959710219951
874950,59.0,54.94959710219951,-4.050402897800488
874953,87.0,54.94959710219951,-32.05040289780049
874957,63.0,54.94959710219951,-8.050402897800488
874971,40.0,54.94959710219951,14.949597102199512
875029,42.0,54.94959710219951,12.949597102199512
875111,38.0,54.94959710219951,16.94959710219951
875119,43.0,54.94959710219951,11.949597102199512
875230,26.0,33.315439062121,7.315439062121001
875304,0.0,54.94959710219951,54.94959710219951
875334,58.0,54.94959710219951,-3.0504028978004882
875382,32.0,54.94959710219951,22.94959710219951
875403,19.0,54.94959710219951,35.94959710219951
875405,24.0,33.315439062121,9.315439062121001
875443,34.0,54.94959710219951,20.94959710219951
875460,6.0,54.94959710219951,48.94959710219951
875476,36.0,54.94959710219951,18.94959710219951
875741,29.0,54.94959710219951,25.94959710219951
875890,47.0,54.94959710219951,7.949597102199512
875894,48.0,54.94959710219951,6.949597102199512
875950,29.0,54.94959710219951,25.94959710219951
875952,19.0,54.94959710219951,35.94959710219951
875999,9.0,54.94959710219951,45.94959710219951
876113,54.0,54.94959710219951,0.9495971021995118
876156,29.0,32.71514350105437,3.7151435010543707
876571,41.0,54.94959710219951,13.949597102199512
876631,40.0,54.94959710219951,14.949597102199512
876724,19.0,33.315439062121,14.315439062121001
876731,36.0,54.94959710219951,18.94959710219951
876803,1.0,54.94959710219951,53.94959710219951
876855,49.0,54.94959710219951,5.949597102199512
876919,28.0,54.94959710219951,26.94959710219951
877061,12.0,54.94959710219951,42.94959710219951
877081,60.0,54.94959710219951,-5.050402897800488
877128,46.0,54.94959710219951,8.949597102199512
877206,54.0,54.94959710219951,0.9495971021995118
877298,39.0,33.315439062121,-5.684560937878999
877387,33.0,54.94959710219951,21.94959710219951
877479,47.0,54.94959710219951,7.949597102199512
877517,26.0,54.94959710219951,28.94959710219951
877699,5.0,54.94959710219951,49.94959710219951
877715,45.0,54.94959710219951,9.949597102199512
877794,19.0,54.94959710219951,35.94959710219951
877857,33.0,54.94959710219951,21.94959710219951
877980,54.0,54.94959710219951,0.9495971021995118
878057,26.0,54.94959710219951,28.94959710219951
878090,1.0,54.94959710219951,53.94959710219951
878129,5.0,54.94959710219951,49.94959710219951
878193,5.0,54.94959710219951,49.94959710219951
878247,26.0,54.94959710219951,28.94959710219951
878276,29.0,54.94959710219951,25.94959710219951
878278,5.0,32.71514350105437,27.71514350105437
878295,23.0,32.71514350105437,9.71514350105437
878340,62.0,54.94959710219951,-7.050402897800488
878447,26.0,54.94959710219951,28.94959710219951
878487,46.0,54.94959710219951,8.949597102199512
878548,41.0,54.94959710219951,13.949597102199512
878564,33.0,54.94959710219951,21.94959710219951
878611,14.0,32.71514350105437,18.71514350105437
878651,35.0,54.94959710219951,19.94959710219951
878662,35.0,54.94959710219951,19.94959710219951
878795,68.0,54.94959710219951,-13.050402897800488
878837,54.0,54.94959710219951,0.9495971021995118
878965,43.0,54.94959710219951,11.949597102199512
879022,59.0,54.94959710219951,-4.050402897800488
879071,2.0,54.94959710219951,52.94959710219951
879215,4.0,32.71514350105437,28.71514350105437
879228,32.0,54.94959710219951,22.94959710219951
879351,16.0,54.94959710219951,38.94959710219951
879416,29.0,33.315439062121,4.315439062121001
879459,31.0,33.315439062121,2.3154390621210013
879487,48.0,54.94959710219951,6.949597102199512
879497,22.0,54.94959710219951,32.94959710219951
879528,12.0,54.94959710219951,42.94959710219951
879539,23.0,33.315439062121,10.315439062121001
879561,29.0,33.315439062121,4.315439062121001
879566,34.0,54.94959710219951,20.94959710219951
879587,48.0,54.94959710219951,6.949597102199512
879857,0.0,54.94959710219951,54.94959710219951
879968,2.0,54.94959710219951,52.94959710219951
880012,10.0,54.94959710219951,44.94959710219951
880230,12.0,54.94959710219951,42.94959710219951
880283,59.0,54.94959710219951,-4.050402897800488
880351,54.0,54.94959710219951,0.9495971021995118
880428,68.0,54.94959710219951,-13.050402897800488
880452,17.0,32.71514350105437,15.71514350105437
880468,40.0,54.94959710219951,14.949597102199512
880488,58.0,54.94959710219951,-3.0504028978004882
880559,0.0,54.94959710219951,54.94959710219951
880571,1.0,54.94959710219951,53.94959710219951
880572,18.0,54.94959710219951,36.94959710219951
880593,10.0,54.94959710219951,44.94959710219951
880598,28.0,33.315439062121,5.315439062121001
880656,60.0,54.94959710219951,-5.050402897800488
880662,62.0,54.94959710219951,-7.050402897800488
880670,8.0,54.94959710219951,46.94959710219951
880810,58.0,54.94959710219951,-3.0504028978004882
880864,51.0,54.94959710219951,3.9495971021995118
880899,5.0,32.71514350105437,27.71514350105437
880939,5.0,54.94959710219951,49.94959710219951
881003,0.0,54.94959710219951,54.94959710219951
881108,3.0,54.94959710219951,51.94959710219951
881204,13.0,54.94959710219951,41.94959710219951
881223,34.0,54.94959710219951,20.94959710219951
881444,26.0,33.315439062121,7.315439062121001
881449,25.0,54.94959710219951,29.94959710219951
881472,28.0,33.315439062121,5.315439062121001
881776,92.0,54.94959710219951,-37.05040289780049
881886,33.0,54.94959710219951,21.94959710219951
881962,26.0,54.94959710219951,28.94959710219951
881988,41.0,33.315439062121,-7.684560937878999
882028,5.0,54.94959710219951,49.94959710219951
882056,28.0,54.94959710219951,26.94959710219951
882093,0.0,54.94959710219951,54.94959710219951
882196,61.0,54.94959710219951,-6.050402897800488
882245,34.0,33.315439062121,-0.6845609378789987
882251,45.0,54.94959710219951,9.949597102199512
882371,34.0,54.94959710219951,20.94959710219951
882384,26.0,54.94959710219951,28.94959710219951
882385,38.0,54.94959710219951,16.94959710219951
882397,5.0,54.94959710219951,49.94959710219951
882456,2.0,54.94959710219951,52.94959710219951
882596,58.0,54.94959710219951,-3.0504028978004882
882710,44.0,54.94959710219951,10.949597102199512
882739,4.0,54.94959710219951,50.94959710219951
882801,16.0,54.94959710219951,38.94959710219951
882802,61.0,54.94959710219951,-6.050402897800488
882808,60.0,54.94959710219951,-5.050402897800488
882812,61.0,54.94959710219951,-6.050402897800488
882831,4.0,54.94959710219951,50.94959710219951
882837,59.0,54.94959710219951,-4.050402897800488
882903,24.0,32.71514350105437,8.71514350105437
883125,4.0,54.94959710219951,50.94959710219951
883264,4.0,54.94959710219951,50.94959710219951
883386,5.0,54.94959710219951,49.94959710219951
883471,54.0,54.94959710219951,0.9495971021995118
883693,5.0,54.94959710219951,49.94959710219951
883762,27.0,54.94959710219951,27.94959710219951
883907,54.0,54.94959710219951,0.9495971021995118
883981,25.0,33.315439062121,8.315439062121001
884100,49.0,54.94959710219951,5.949597102199512
884121,40.0,54.94959710219951,14.949597102199512
884191,65.0,54.94959710219951,-10.050402897800488
884199,5.0,54.94959710219951,49.94959710219951
884216,60.0,54.94959710219951,-5.050402897800488
884319,43.0,54.94959710219951,11.949597102199512
884376,38.0,54.94959710219951,16.94959710219951
884414,0.0,54.94959710219951,54.94959710219951
884478,5.0,54.94959710219951,49.94959710219951
884498,26.0,54.94959710219951,28.94959710219951
884521,33.0,54.94959710219951,21.94959710219951
884524,59.0,54.94959710219951,-4.050402897800488
884623,12.0,54.94959710219951,42.94959710219951
884643,44.0,54.94959710219951,10.949597102199512
884661,24.0,33.315439062121,9.315439062121001
884700,33.0,54.94959710219951,21.94959710219951
884856,34.0,54.94959710219951,20.94959710219951
884890,63.0,54.94959710219951,-8.050402897800488
885019,5.0,54.94959710219951,49.94959710219951
885078,65.0,54.94959710219951,-10.050402897800488
885129,66.0,54.94959710219951,-11.050402897800488
885146,2.0,54.94959710219951,52.94959710219951
885180,13.0,32.71514350105437,19.71514350105437
885202,42.0,54.94959710219951,12.949597102199512
885316,19.0,54.94959710219951,35.94959710219951
885348,5.0,54.94959710219951,49.94959710219951
885365,26.0,54.94959710219951,28.94959710219951
885386,15.0,54.94959710219951,39.94959710219951
885410,47.0,54.94959710219951,7.949597102199512
885435,56.0,54.94959710219951,-1.0504028978004882
885443,5.0,54.94959710219951,49.94959710219951
885461,41.0,54.94959710219951,13.949597102199512
885500,46.0,54.94959710219951,8.949597102199512
885505,47.0,54.94959710219951,7.949597102199512
885809,14.0,54.94959710219951,40.94959710219951
885862,36.0,54.94959710219951,18.94959710219951
885883,6.0,54.94959710219951,48.94959710219951
886014,7.0,32.71514350105437,25.71514350105437
886211,0.0,54.94959710219951,54.94959710219951
886300,54.0,54.94959710219951,0.9495971021995118
886369,31.0,54.94959710219951,23.94959710219951
886474,58.0,54.94959710219951,-3.0504028978004882
886477,3.0,54.94959710219951,51.94959710219951
886553,68.0,54.94959710219951,-13.050402897800488
886560,26.0,33.315439062121,7.315439062121001
886657,33.0,54.94959710219951,21.94959710219951
886660,5.0,54.94959710219951,49.94959710219951
886701,22.0,32.71514350105437,10.71514350105437
886868,55.0,54.94959710219951,-0.05040289780048823
886876,82.0,54.94959710219951,-27.05040289780049
886991,5.0,54.94959710219951,49.94959710219951
887008,50.0,54.94959710219951,4.949597102199512
887038,54.0,54.94959710219951,0.9495971021995118
887067,40.0,54.94959710219951,14.949597102199512
887110,47.0,54.94959710219951,7.949597102199512
887317,28.0,54.94959710219951,26.94959710219951
887346,31.0,33.315439062121,2.3154390621210013
887364,1.0,54.94959710219951,53.94959710219951
887411,27.0,54.94959710219951,27.94959710219951
887431,24.0,33.315439062121,9.315439062121001
887517,45.0,54.94959710219951,9.949597102199512
887538,3.0,54.94959710219951,51.94959710219951
887595,58.0,54.94959710219951,-3.0504028978004882
887663,9.0,54.94959710219951,45.94959710219951
887709,30.0,54.94959710219951,24.94959710219951
887720,55.0,54.94959710219951,-0.05040289780048823
887724,40.0,54.94959710219951,14.949597102199512
887762,12.0,32.71514350105437,20.71514350105437
887774,4.0,54.94959710219951,50.94959710219951
887881,5.0,54.94959710219951,49.94959710219951
887979,5.0,54.94959710219951,49.94959710219951
888025,36.0,33.315439062121,-2.6845609378789987
888029,33.0,54.94959710219951,21.94959710219951
888046,41.0,54.94959710219951,13.949597102199512
888129,29.0,33.315439062121,4.315439062121001
888329,59.0,54.94959710219951,-4.050402897800488
888333,40.0,54.94959710219951,14.949597102199512
888348,8.0,33.315439062121,25.315439062121
888500,13.0,54.94959710219951,41.94959710219951
888503,5.0,54.94959710219951,49.94959710219951
888526,37.0,54.94959710219951,17.94959710219951
888583,23.0,33.315439062121,10.315439062121001
888594,29.0,54.94959710219951,25.94959710219951
888617,43.0,54.94959710219951,11.949597102199512
888631,44.0,54.94959710219951,10.949597102199512
888880,38.0,33.315439062121,-4.684560937878999
888984,37.0,54.94959710219951,17.94959710219951
888995,27.0,33.315439062121,6.315439062121001
889008,12.0,32.71514350105437,20.71514350105437
889016,52.0,54.94959710219951,2.9495971021995118
889114,6.0,54.94959710219951,48.94959710219951
889169,60.0,54.94959710219951,-5.050402897800488
889221,25.0,54.94959710219951,29.94959710219951
889241,13.0,54.94959710219951,41.94959710219951
889257,54.0,54.94959710219951,0.9495971021995118
889299,40.0,54.94959710219951,14.949597102199512
889557,12.0,54.94959710219951,42.94959710219951
889680,45.0,54.94959710219951,9.949597102199512
889705,27.0,54.94959710219951,27.94959710219951
889717,36.0,33.315439062121,-2.6845609378789987
889723,36.0,54.94959710219951,18.94959710219951
889739,3.0,32.71514350105437,29.71514350105437
889823,82.0,54.94959710219951,-27.05040289780049
889854,140.0,54.94959710219951,-85.0504028978005
889867,20.0,33.315439062121,13.315439062121001
889893,33.0,33.315439062121,0.31543906212100126
889953,18.0,33.315439062121,15.315439062121001
890063,5.0,54.94959710219951,49.94959710219951
890124,27.0,54.94959710219951,27.94959710219951
890201,12.0,54.94959710219951,42.94959710219951
890246,26.0,33.315439062121,7.315439062121001
890509,9.0,33.315439062121,24.315439062121
890551,28.0,54.94959710219951,26.94959710219951
890656,60.0,54.94959710219951,-5.050402897800488
890681,39.0,54.94959710219951,15.949597102199512
890708,60.0,54.94959710219951,-5.050402897800488
890716,54.0,54.94959710219951,0.9495971021995118
890724,137.0,54.94959710219951,-82.0504028978005
890889,38.0,54.94959710219951,16.94959710219951
890985,19.0,54.94959710219951,35.94959710219951
890989,34.0,54.94959710219951,20.94959710219951
891004,59.0,54.94959710219951,-4.050402897800488
891010,60.0,54.94959710219951,-5.050402897800488
891037,37.0,54.94959710219951,17.94959710219951
891060,35.0,54.94959710219951,19.94959710219951
891110,20.0,54.94959710219951,34.94959710219951
891158,47.0,54.94959710219951,7.949597102199512
891175,42.0,54.94959710219951,12.949597102199512
891178,5.0,32.71514350105437,27.71514350105437
891184,24.0,54.94959710219951,30.94959710219951
891294,56.0,54.94959710219951,-1.0504028978004882
891361,24.0,33.315439062121,9.315439062121001
891381,59.0,54.94959710219951,-4.050402897800488
891383,54.0,54.94959710219951,0.9495971021995118
891418,64.0,54.94959710219951,-9.050402897800488
891464,38.0,54.94959710219951,16.94959710219951
891484,47.0,54.94959710219951,7.949597102199512
891523,37.0,54.94959710219951,17.94959710219951
891541,40.0,54.94959710219951,14.949597102199512
891647,40.0,54.94959710219951,14.949597102199512
891827,4.0,54.94959710219951,50.94959710219951
891865,4.0,54.94959710219951,50.94959710219951
891924,30.0,54.94959710219951,24.94959710219951
892167,0.0,54.94959710219951,54.94959710219951
892194,24.0,33.315439062121,9.315439062121001
892254,27.0,33.315439062121,6.315439062121001
892258,2.0,54.94959710219951,52.94959710219951
892295,34.0,33.315439062121,-0.6845609378789987
892311,4.0,54.94959710219951,50.94959710219951
892356,28.0,54.94959710219951,26.94959710219951
892406,47.0,54.94959710219951,7.949597102199512
892479,25.0,33.315439062121,8.315439062121001
892514,5.0,54.94959710219951,49.94959710219951
892518,26.0,33.315439062121,7.315439062121001
892633,5.0,54.94959710219951,49.94959710219951
892670,18.0,32.71514350105437,14.71514350105437
892681,12.0,54.94959710219951,42.94959710219951
892739,44.0,54.94959710219951,10.949597102199512
892778,36.0,54.94959710219951,18.94959710219951
892793,5.0,54.94959710219951,49.94959710219951
892811,5.0,54.94959710219951,49.94959710219951
892861,31.0,54.94959710219951,23.94959710219951
892874,39.0,54.94959710219951,15.949597102199512
892901,60.0,54.94959710219951,-5.050402897800488
892948,5.0,32.71514350105437,27.71514350105437
892962,27.0,54.94959710219951,27.94959710219951
892989,14.0,54.94959710219951,40.94959710219951
893061,40.0,54.94959710219951,14.949597102199512
893073,59.0,54.94959710219951,-4.050402897800488
893114,37.0,54.94959710219951,17.94959710219951
893174,61.0,54.94959710219951,-6.050402897800488
893246,59.0,54.94959710219951,-4.050402897800488
893277,10.0,54.94959710219951,44.94959710219951
893424,5.0,54.94959710219951,49.94959710219951
893527,28.0,54.94959710219951,26.94959710219951
893647,50.0,54.94959710219951,4.949597102199512
893652,28.0,54.94959710219951,26.94959710219951
893708,5.0,54.94959710219951,49.94959710219951
893912,12.0,54.94959710219951,42.94959710219951
893956,37.0,33.315439062121,-3.6845609378789987
894035,25.0,54.94959710219951,29.94959710219951
894140,22.0,33.315439062121,11.315439062121001
894153,26.0,33.315439062121,7.315439062121001
894156,5.0,54.94959710219951,49.94959710219951
894256,28.0,54.94959710219951,26.94959710219951
894316,5.0,54.94959710219951,49.94959710219951
894478,5.0,54.94959710219951,49.94959710219951
894508,9.0,32.71514350105437,23.71514350105437
894535,112.0,54.94959710219951,-57.05040289780049
894536,5.0,54.94959710219951,49.94959710219951
894578,24.0,33.315439062121,9.315439062121001
894656,5.0,54.94959710219951,49.94959710219951
894781,40.0,54.94959710219951,14.949597102199512
894858,31.0,32.71514350105437,1.7151435010543707
894923,40.0,54.94959710219951,14.949597102199512
894949,25.0,33.315439062121,8.315439062121001
894977,48.0,54.94959710219951,6.949597102199512
894983,54.0,54.94959710219951,0.9495971021995118
895051,40.0,54.94959710219951,14.949597102199512
895146,4.0,32.71514350105437,28.71514350105437
895200,2.0,54.94959710219951,52.94959710219951
895267,5.0,32.71514350105437,27.71514350105437
895464,54.0,54.94959710219951,0.9495971021995118
895493,4.0,54.94959710219951,50.94959710219951
895570,54.0,54.94959710219951,0.9495971021995118
895638,4.0,54.94959710219951,50.94959710219951
895667,2.0,54.94959710219951,52.94959710219951
895709,40.0,54.94959710219951,14.949597102199512
895715,60.0,54.94959710219951,-5.050402897800488
895768,5.0,54.94959710219951,49.94959710219951
895795,11.0,54.94959710219951,43.94959710219951
895810,34.0,54.94959710219951,20.94959710219951
895900,2.0,54.94959710219951,52.94959710219951
896021,26.0,33.315439062121,7.315439062121001
896058,33.0,54.94959710219951,21.94959710219951
896060,81.0,54.94959710219951,-26.05040289780049
896094,39.0,54.94959710219951,15.949597102199512
896175,33.0,33.315439062121,0.31543906212100126
896226,46.0,54.94959710219951,8.949597102199512
896352,65.0,54.94959710219951,-10.050402897800488
896379,29.0,54.94959710219951,25.94959710219951
896511,40.0,33.315439062121,-6.684560937878999
896587,40.0,54.94959710219951,14.949597102199512
896647,5.0,54.94959710219951,49.94959710219951
896653,54.0,54.94959710219951,0.9495971021995118
896690,48.0,54.94959710219951,6.949597102199512
896780,58.0,54.94959710219951,-3.0504028978004882
896939,42.0,54.94959710219951,12.949597102199512
897007,19.0,54.94959710219951,35.94959710219951
897063,26.0,54.94959710219951,28.94959710219951
897113,48.0,54.94959710219951,6.949597102199512
897199,3.0,54.94959710219951,51.94959710219951
897233,11.0,32.71514350105437,21.71514350105437
897273,18.0,54.94959710219951,36.94959710219951
897341,45.0,54.94959710219951,9.949597102199512
897419,59.0,54.94959710219951,-4.050402897800488
897577,1.0,54.94959710219951,53.94959710219951
897585,18.0,54.94959710219951,36.94959710219951
897638,5.0,54.94959710219951,49.94959710219951
897685,5.0,54.94959710219951,49.94959710219951
897716,43.0,54.94959710219951,11.949597102199512
897750,5.0,54.94959710219951,49.94959710219951
897785,42.0,54.94959710219951,12.949597102199512
897834,54.0,54.94959710219951,0.9495971021995118
897839,59.0,54.94959710219951,-4.050402897800488
897900,34.0,54.94959710219951,20.94959710219951
897935,54.0,54.94959710219951,0.9495971021995118
897983,28.0,32.71514350105437,4.715143501054371
898138,59.0,54.94959710219951,-4.050402897800488
898174,44.0,54.94959710219951,10.949597102199512
898240,6.0,54.94959710219951,48.94959710219951
898255,28.0,54.94959710219951,26.94959710219951
898273,59.0,54.94959710219951,-4.050402897800488
898313,46.0,54.94959710219951,8.949597102199512
898360,28.0,54.94959710219951,26.94959710219951
898387,61.0,54.94959710219951,-6.050402897800488
898422,49.0,54.94959710219951,5.949597102199512
898513,48.0,33.315439062121,-14.684560937878999
898670,69.0,54.94959710219951,-14.050402897800488
898697,61.0,54.94959710219951,-6.050402897800488
898742,26.0,33.315439062121,7.315439062121001
898763,1.0,54.94959710219951,53.94959710219951
898795,25.0,33.315439062121,8.315439062121001
898865,58.0,54.94959710219951,-3.0504028978004882
898916,26.0,54.94959710219951,28.94959710219951
899106,26.0,33.315439062121,7.315439062121001
899172,37.0,54.94959710219951,17.94959710219951
899239,55.0,54.94959710219951,-0.05040289780048823
899253,40.0,54.94959710219951,14.949597102199512
899286,28.0,54.94959710219951,26.94959710219951
899347,69.0,54.94959710219951,-14.050402897800488
899558,25.0,54.94959710219951,29.94959710219951
899592,25.0,33.315439062121,8.315439062121001
899639,28.0,33.315439062121,5.315439062121001
899666,44.0,54.94959710219951,10.949597102199512
899671,7.0,54.94959710219951,47.94959710219951
899700,21.0,54.94959710219951,33.94959710219951
899889,58.0,54.94959710219951,-3.0504028978004882
899905,48.0,54.94959710219951,6.949597102199512
899975,6.0,54.94959710219951,48.94959710219951
899982,68.0,54.94959710219951,-13.050402897800488
900029,32.0,54.94959710219951,22.94959710219951
900096,53.0,54.94959710219951,1.9495971021995118
900152,26.0,54.94959710219951,28.94959710219951
900153,26.0,54.94959710219951,28.94959710219951
900245,52.0,54.94959710219951,2.9495971021995118
900289,8.0,54.94959710219951,46.94959710219951
900292,58.0,54.94959710219951,-3.0504028978004882
900335,44.0,54.94959710219951,10.949597102199512
900478,40.0,54.94959710219951,14.949597102199512
900572,27.0,54.94959710219951,27.94959710219951
900577,5.0,54.94959710219951,49.94959710219951
900620,52.0,54.94959710219951,2.9495971021995118
900631,40.0,54.94959710219951,14.949597102199512
900706,67.0,54.94959710219951,-12.050402897800488
900842,34.0,33.315439062121,-0.6845609378789987
900960,58.0,54.94959710219951,-3.0504028978004882
900970,19.0,54.94959710219951,35.94959710219951
901055,36.0,33.315439062121,-2.6845609378789987
901296,27.0,54.94959710219951,27.94959710219951
901310,28.0,33.315439062121,5.315439062121001
901448,54.0,33.315439062121,-20.684560937879
901491,22.0,33.315439062121,11.315439062121001
901538,28.0,54.94959710219951,26.94959710219951
901577,47.0,54.94959710219951,7.949597102199512
901580,54.0,54.94959710219951,0.9495971021995118
901656,29.0,54.94959710219951,25.94959710219951
901691,12.0,32.71514350105437,20.71514350105437
901693,56.0,54.94959710219951,-1.0504028978004882
901710,32.0,54.94959710219951,22.94959710219951
901782,61.0,54.94959710219951,-6.050402897800488
901804,27.0,33.315439062121,6.315439062121001
901902,31.0,54.94959710219951,23.94959710219951
901946,60.0,54.94959710219951,-5.050402897800488
902070,5.0,54.94959710219951,49.94959710219951
902134,19.0,54.94959710219951,35.94959710219951
902321,54.0,54.94959710219951,0.9495971021995118
902647,44.0,33.315439062121,-10.684560937878999
902651,6.0,54.94959710219951,48.94959710219951
902674,28.0,33.315439062121,5.315439062121001
902769,58.0,54.94959710219951,-3.0504028978004882
902917,5.0,54.94959710219951,49.94959710219951
903039,43.0,54.94959710219951,11.949597102199512
903065,3.0,54.94959710219951,51.94959710219951
903140,26.0,33.315439062121,7.315439062121001
903205,5.0,54.94959710219951,49.94959710219951
903231,26.0,54.94959710219951,28.94959710219951
903301,34.0,54.94959710219951,20.94959710219951
903306,25.0,54.94959710219951,29.94959710219951
903459,33.0,54.94959710219951,21.94959710219951
903478,47.0,54.94959710219951,7.949597102199512
903575,31.0,54.94959710219951,23.94959710219951
903601,8.0,54.94959710219951,46.94959710219951
903608,26.0,33.315439062121,7.315439062121001
903609,38.0,54.94959710219951,16.94959710219951
903641,8.0,54.94959710219951,46.94959710219951
903667,60.0,54.94959710219951,-5.050402897800488
903941,5.0,54.94959710219951,49.94959710219951
904122,54.0,54.94959710219951,0.9495971021995118
904326,47.0,54.94959710219951,7.949597102199512
904380,13.0,54.94959710219951,41.94959710219951
904501,1.0,54.94959710219951,53.94959710219951
904619,23.0,33.315439062121,10.315439062121001
904634,10.0,54.94959710219951,44.94959710219951
904709,27.0,54.94959710219951,27.94959710219951
904799,30.0,54.94959710219951,24.94959710219951
904884,57.0,54.94959710219951,-2.0504028978004882
904978,43.0,54.94959710219951,11.949597102199512
905019,6.0,54.94959710219951,48.94959710219951
905024,40.0,54.94959710219951,14.949597102199512
905036,59.0,54.94959710219951,-4.050402897800488
905230,32.0,54.94959710219951,22.94959710219951
905254,37.0,54.94959710219951,17.94959710219951
905268,27.0,33.315439062121,6.315439062121001
905343,25.0,33.315439062121,8.315439062121001
905558,40.0,54.94959710219951,14.949597102199512
905565,47.0,54.94959710219951,7.949597102199512
905578,40.0,54.94959710219951,14.949597102199512
905664,16.0,54.94959710219951,38.94959710219951
905755,36.0,54.94959710219951,18.94959710219951
905775,59.0,54.94959710219951,-4.050402897800488
905928,26.0,54.94959710219951,28.94959710219951
906171,10.0,54.94959710219951,44.94959710219951
906181,7.0,54.94959710219951,47.94959710219951
906229,21.0,33.315439062121,12.315439062121001
906240,0.0,54.94959710219951,54.94959710219951
906293,45.0,54.94959710219951,9.949597102199512
906335,28.0,54.94959710219951,26.94959710219951
906356,43.0,54.94959710219951,11.949597102199512
906497,41.0,54.94959710219951,13.949597102199512
906608,5.0,54.94959710219951,49.94959710219951
906617,54.0,54.94959710219951,0.9495971021995118
906638,28.0,54.94959710219951,26.94959710219951
906836,40.0,54.94959710219951,14.949597102199512
906874,46.0,54.94959710219951,8.949597102199512
906932,45.0,54.94959710219951,9.949597102199512
906984,43.0,54.94959710219951,11.949597102199512
907017,20.0,54.94959710219951,34.94959710219951
907038,31.0,54.94959710219951,23.94959710219951
907086,40.0,54.94959710219951,14.949597102199512
907160,40.0,54.94959710219951,14.949597102199512
907184,43.0,54.94959710219951,11.949597102199512
907219,28.0,33.315439062121,5.315439062121001
907268,55.0,54.94959710219951,-0.05040289780048823
907350,5.0,54.94959710219951,49.94959710219951
907369,40.0,54.94959710219951,14.949597102199512
907390,8.0,32.71514350105437,24.71514350105437
907395,54.0,54.94959710219951,0.9495971021995118
907407,58.0,54.94959710219951,-3.0504028978004882
907617,41.0,54.94959710219951,13.949597102199512
907884,5.0,54.94959710219951,49.94959710219951
907933,1.0,54.94959710219951,53.94959710219951
907973,20.0,54.94959710219951,34.94959710219951
908036,25.0,54.94959710219951,29.94959710219951
908076,47.0,33.315439062121,-13.684560937878999
908344,5.0,54.94959710219951,49.94959710219951
908444,43.0,54.94959710219951,11.949597102199512
908551,5.0,54.94959710219951,49.94959710219951
908668,28.0,54.94959710219951,26.94959710219951
908768,54.0,54.94959710219951,0.9495971021995118
908786,2.0,54.94959710219951,52.94959710219951
908825,48.0,54.94959710219951,6.949597102199512
908853,19.0,54.94959710219951,35.94959710219951
908899,26.0,54.94959710219951,28.94959710219951
908985,59.0,54.94959710219951,-4.050402897800488
908998,47.0,54.94959710219951,7.949597102199512
909070,59.0,54.94959710219951,-4.050402897800488
909091,7.0,54.94959710219951,47.94959710219951
909141,50.0,54.94959710219951,4.949597102199512
909185,5.0,32.71514350105437,27.71514350105437
909232,5.0,54.94959710219951,49.94959710219951
909308,23.0,33.315439062121,10.315439062121001
909316,6.0,54.94959710219951,48.94959710219951
909322,37.0,33.315439062121,-3.6845609378789987
909344,19.0,54.94959710219951,35.94959710219951
909403,53.0,54.94959710219951,1.9495971021995118
909464,61.0,54.94959710219951,-6.050402897800488
909494,6.0,54.94959710219951,48.94959710219951
909518,14.0,33.315439062121,19.315439062121
909540,33.0,54.94959710219951,21.94959710219951
909575,8.0,54.94959710219951,46.94959710219951
909585,58.0,54.94959710219951,-3.0504028978004882
909672,5.0,54.94959710219951,49.94959710219951
909700,93.0,54.94959710219951,-38.05040289780049
909941,40.0,54.94959710219951,14.949597102199512
909968,59.0,54.94959710219951,-4.050402897800488
909987,60.0,54.94959710219951,-5.050402897800488
910046,58.0,54.94959710219951,-3.0504028978004882
910207,43.0,54.94959710219951,11.949597102199512
910246,5.0,54.94959710219951,49.94959710219951
910445,24.0,33.315439062121,9.315439062121001
910460,48.0,54.94959710219951,6.949597102199512
910542,48.0,54.94959710219951,6.949597102199512
910570,2.0,54.94959710219951,52.94959710219951
910595,55.0,54.94959710219951,-0.05040289780048823
910601,45.0,54.94959710219951,9.949597102199512
910647,48.0,54.94959710219951,6.949597102199512
910674,39.0,54.94959710219951,15.949597102199512
910740,37.0,33.315439062121,-3.6845609378789987
910755,26.0,32.71514350105437,6.715143501054371
910795,43.0,54.94959710219951,11.949597102199512
910828,28.0,54.94959710219951,26.94959710219951
911137,0.0,54.94959710219951,54.94959710219951
911143,22.0,54.94959710219951,32.94959710219951
911221,34.0,54.94959710219951,20.94959710219951
911237,26.0,54.94959710219951,28.94959710219951
911297,5.0,54.94959710219951,49.94959710219951
911311,40.0,54.94959710219951,14.949597102199512
911436,44.0,54.94959710219951,10.949597102199512
911474,5.0,54.94959710219951,49.94959710219951
911674,44.0,54.94959710219951,10.949597102199512
911715,33.0,54.94959710219951,21.94959710219951
911886,10.0,33.315439062121,23.315439062121
911940,0.0,54.94959710219951,54.94959710219951
911962,6.0,32.71514350105437,26.71514350105437
911977,35.0,54.94959710219951,19.94959710219951
911980,58.0,54.94959710219951,-3.0504028978004882
912020,67.0,54.94959710219951,-12.050402897800488
912110,51.0,54.94959710219951,3.9495971021995118
912307,1.0,54.94959710219951,53.94959710219951
912392,61.0,54.94959710219951,-6.050402897800488
912453,27.0,33.315439062121,6.315439062121001
912465,58.0,54.94959710219951,-3.0504028978004882
912592,61.0,54.94959710219951,-6.050402897800488
912632,40.0,54.94959710219951,14.949597102199512
912699,5.0,54.94959710219951,49.94959710219951
912703,3.0,54.94959710219951,51.94959710219951
912746,12.0,32.71514350105437,20.71514350105437
912809,21.0,33.315439062121,12.315439062121001
912822,41.0,54.94959710219951,13.949597102199512
912957,31.0,33.315439062121,2.3154390621210013
912976,64.0,54.94959710219951,-9.050402897800488
913036,8.0,54.94959710219951,46.94959710219951
913171,5.0,54.94959710219951,49.94959710219951
913292,58.0,54.94959710219951,-3.0504028978004882
913319,26.0,33.315439062121,7.315439062121001
913427,8.0,54.94959710219951,46.94959710219951
913503,29.0,33.315439062121,4.315439062121001
913508,26.0,33.315439062121,7.315439062121001
913566,19.0,54.94959710219951,35.94959710219951
913618,29.0,33.315439062121,4.315439062121001
913689,1.0,54.94959710219951,53.94959710219951
913741,3.0,54.94959710219951,51.94959710219951
913907,41.0,54.94959710219951,13.949597102199512
913954,40.0,54.94959710219951,14.949597102199512
913978,33.0,54.94959710219951,21.94959710219951
914004,39.0,54.94959710219951,15.949597102199512
914072,51.0,54.94959710219951,3.9495971021995118
914204,5.0,54.94959710219951,49.94959710219951
914324,19.0,54.94959710219951,35.94959710219951
914332,54.0,54.94959710219951,0.9495971021995118
914428,40.0,54.94959710219951,14.949597102199512
914446,6.0,54.94959710219951,48.94959710219951
914464,43.0,54.94959710219951,11.949597102199512
914558,46.0,54.94959710219951,8.949597102199512
914741,5.0,54.94959710219951,49.94959710219951
914771,40.0,32.71514350105437,-7.284856498945629
914794,28.0,54.94959710219951,26.94959710219951
914899,3.0,54.94959710219951,51.94959710219951
914923,4.0,54.94959710219951,50.94959710219951
914969,40.0,54.94959710219951,14.949597102199512
914993,4.0,54.94959710219951,50.94959710219951
915038,26.0,54.94959710219951,28.94959710219951
915155,54.0,54.94959710219951,0.9495971021995118
915233,48.0,54.94959710219951,6.949597102199512
915323,41.0,54.94959710219951,13.949597102199512
915462,42.0,54.94959710219951,12.949597102199512
915547,44.0,54.94959710219951,10.949597102199512
915597,5.0,54.94959710219951,49.94959710219951
915746,31.0,54.94959710219951,23.94959710219951
915780,31.0,54.94959710219951,23.94959710219951
916048,5.0,54.94959710219951,49.94959710219951
916055,43.0,54.94959710219951,11.949597102199512
916110,16.0,54.94959710219951,38.94959710219951
916112,27.0,54.94959710219951,27.94959710219951
916171,23.0,54.94959710219951,31.94959710219951
916217,40.0,54.94959710219951,14.949597102199512
916283,26.0,54.94959710219951,28.94959710219951
916339,4.0,54.94959710219951,50.94959710219951
916440,26.0,54.94959710219951,28.94959710219951
916622,54.0,54.94959710219951,0.9495971021995118
916673,14.0,54.94959710219951,40.94959710219951
916684,4.0,54.94959710219951,50.94959710219951
916757,27.0,33.315439062121,6.315439062121001
916857,60.0,54.94959710219951,-5.050402897800488
916890,27.0,33.315439062121,6.315439062121001
916929,42.0,33.315439062121,-8.684560937878999
917043,3.0,54.94959710219951,51.94959710219951
917090,40.0,54.94959710219951,14.949597102199512
917169,33.0,54.94959710219951,21.94959710219951
917240,6.0,54.94959710219951,48.94959710219951
917356,27.0,33.315439062121,6.315439062121001
917426,40.0,54.94959710219951,14.949597102199512
917507,51.0,54.94959710219951,3.9495971021995118
917540,5.0,54.94959710219951,49.94959710219951
917587,13.0,54.94959710219951,41.94959710219951
917618,54.0,54.94959710219951,0.9495971021995118
918032,29.0,33.315439062121,4.315439062121001
918058,25.0,33.315439062121,8.315439062121001
918123,40.0,54.94959710219951,14.949597102199512
918197,40.0,54.94959710219951,14.949597102199512
918245,58.0,54.94959710219951,-3.0504028978004882
918353,61.0,54.94959710219951,-6.050402897800488
918391,44.0,54.94959710219951,10.949597102199512
918416,5.0,32.71514350105437,27.71514350105437
918478,58.0,54.94959710219951,-3.0504028978004882
918490,44.0,54.94959710219951,10.949597102199512
918552,30.0,54.94959710219951,24.94959710219951
918571,55.0,54.94959710219951,-0.05040289780048823
918633,5.0,54.94959710219951,49.94959710219951
918648,52.0,54.94959710219951,2.9495971021995118
918696,31.0,54.94959710219951,23.94959710219951
918723,98.0,54.94959710219951,-43.05040289780049
918795,16.0,54.94959710219951,38.94959710219951
918935,18.0,54.94959710219951,36.94959710219951
918937,0.0,54.94959710219951,54.94959710219951
918962,15.0,54.94959710219951,39.94959710219951
919127,39.0,54.94959710219951,15.949597102199512
919317,12.0,54.94959710219951,42.94959710219951
919420,10.0,54.94959710219951,44.94959710219951
919523,5.0,54.94959710219951,49.94959710219951
919685,28.0,54.94959710219951,26.94959710219951
919746,36.0,33.315439062121,-2.6845609378789987
919806,39.0,54.94959710219951,15.949597102199512
919827,27.0,33.315439062121,6.315439062121001
919995,27.0,33.315439062121,6.315439062121001
920066,33.0,54.94959710219951,21.94959710219951
920105,41.0,33.315439062121,-7.684560937878999
920172,6.0,54.94959710219951,48.94959710219951
920294,23.0,54.94959710219951,31.94959710219951
920366,19.0,54.94959710219951,35.94959710219951
920369,1.0,32.71514350105437,31.71514350105437
920745,40.0,54.94959710219951,14.949597102199512
920811,33.0,54.94959710219951,21.94959710219951
920840,4.0,54.94959710219951,50.94959710219951
920921,51.0,54.94959710219951,3.9495971021995118
920954,58.0,54.94959710219951,-3.0504028978004882
920991,58.0,54.94959710219951,-3.0504028978004882
921042,13.0,54.94959710219951,41.94959710219951
921063,36.0,33.315439062121,-2.6845609378789987
921208,26.0,54.94959710219951,28.94959710219951
921280,11.0,33.315439062121,22.315439062121
921448,59.0,54.94959710219951,-4.050402897800488
921451,46.0,54.94959710219951,8.949597102199512
921567,6.0,54.94959710219951,48.94959710219951
921613,39.0,54.94959710219951,15.949597102199512
921646,38.0,54.94959710219951,16.94959710219951
921890,9.0,54.94959710219951,45.94959710219951
921941,58.0,54.94959710219951,-3.0504028978004882
921946,2.0,54.94959710219951,52.94959710219951
921969,49.0,54.94959710219951,5.949597102199512
922000,2.0,54.94959710219951,52.94959710219951
922004,7.0,54.94959710219951,47.94959710219951
922081,1.0,54.94959710219951,53.94959710219951
922116,48.0,54.94959710219951,6.949597102199512
922174,30.0,33.315439062121,3.3154390621210013
922219,59.0,54.94959710219951,-4.050402897800488
922492,40.0,54.94959710219951,14.949597102199512
922580,39.0,54.94959710219951,15.949597102199512
922607,43.0,33.315439062121,-9.684560937878999
922659,27.0,33.315439062121,6.315439062121001
922770,36.0,54.94959710219951,18.94959710219951
922820,60.0,54.94959710219951,-5.050402897800488
922985,5.0,54.94959710219951,49.94959710219951
923085,54.0,54.94959710219951,0.9495971021995118
923140,33.0,54.94959710219951,21.94959710219951
923147,33.0,54.94959710219951,21.94959710219951
923184,4.0,54.94959710219951,50.94959710219951
923198,47.0,54.94959710219951,7.949597102199512
923212,27.0,33.315439062121,6.315439062121001
923295,5.0,54.94959710219951,49.94959710219951
923358,13.0,54.94959710219951,41.94959710219951
923427,6.0,54.94959710219951,48.94959710219951
923477,62.0,54.94959710219951,-7.050402897800488
923516,56.0,54.94959710219951,-1.0504028978004882
923746,61.0,54.94959710219951,-6.050402897800488
923756,77.0,54.94959710219951,-22.05040289780049
923820,6.0,32.71514350105437,26.71514350105437
923933,27.0,33.315439062121,6.315439062121001
924038,26.0,54.94959710219951,28.94959710219951
924061,60.0,54.94959710219951,-5.050402897800488
924105,27.0,33.315439062121,6.315439062121001
924166,43.0,54.94959710219951,11.949597102199512
924187,33.0,54.94959710219951,21.94959710219951
924242,40.0,54.94959710219951,14.949597102199512
924295,38.0,54.94959710219951,16.94959710219951
924311,57.0,54.94959710219951,-2.0504028978004882
924321,42.0,54.94959710219951,12.949597102199512
924402,25.0,54.94959710219951,29.94959710219951
924483,59.0,54.94959710219951,-4.050402897800488
924489,40.0,54.94959710219951,14.949597102199512
924527,47.0,54.94959710219951,7.949597102199512
924555,12.0,54.94959710219951,42.94959710219951
924583,60.0,54.94959710219951,-5.050402897800488
924688,49.0,54.94959710219951,5.949597102199512
924751,26.0,33.315439062121,7.315439062121001
924979,54.0,54.94959710219951,0.9495971021995118
925000,12.0,54.94959710219951,42.94959710219951
925037,17.0,54.94959710219951,37.94959710219951
925046,5.0,32.71514350105437,27.71514350105437
925097,6.0,54.94959710219951,48.94959710219951
925144,5.0,54.94959710219951,49.94959710219951
925159,29.0,54.94959710219951,25.94959710219951
925299,5.0,54.94959710219951,49.94959710219951
925333,61.0,54.94959710219951,-6.050402897800488
925356,3.0,54.94959710219951,51.94959710219951
925456,40.0,54.94959710219951,14.949597102199512
925483,40.0,54.94959710219951,14.949597102199512
925586,48.0,33.315439062121,-14.684560937878999
925690,26.0,33.315439062121,7.315439062121001
925703,6.0,54.94959710219951,48.94959710219951
925850,50.0,54.94959710219951,4.949597102199512
925953,40.0,54.94959710219951,14.949597102199512
926088,46.0,33.315439062121,-12.684560937878999
926133,40.0,54.94959710219951,14.949597102199512
926180,9.0,54.94959710219951,45.94959710219951
926235,62.0,54.94959710219951,-7.050402897800488
926294,26.0,54.94959710219951,28.94959710219951
926354,54.0,54.94959710219951,0.9495971021995118
926396,61.0,54.94959710219951,-6.050402897800488
926422,33.0,54.94959710219951,21.94959710219951
926525,61.0,54.94959710219951,-6.050402897800488
926527,60.0,54.94959710219951,-5.050402897800488
926551,26.0,54.94959710219951,28.94959710219951
926628,36.0,54.94959710219951,18.94959710219951
926633,7.0,54.94959710219951,47.94959710219951
926643,5.0,54.94959710219951,49.94959710219951
926659,47.0,54.94959710219951,7.949597102199512
926728,30.0,33.315439062121,3.3154390621210013
926940,33.0,54.94959710219951,21.94959710219951
927098,61.0,54.94959710219951,-6.050402897800488
927119,27.0,33.315439062121,6.315439062121001
927122,58.0,33.315439062121,-24.684560937879
927142,27.0,54.94959710219951,27.94959710219951
927154,19.0,32.71514350105437,13.71514350105437
927197,29.0,54.94959710219951,25.94959710219951
927213,26.0,54.94959710219951,28.94959710219951
927281,61.0,54.94959710219951,-6.050402897800488
927292,28.0,54.94959710219951,26.94959710219951
927300,61.0,54.94959710219951,-6.050402897800488
927327,40.0,54.94959710219951,14.949597102199512
927377,54.0,54.94959710219951,0.9495971021995118
927478,48.0,54.94959710219951,6.949597102199512
927494,12.0,54.94959710219951,42.94959710219951
927570,28.0,33.315439062121,5.315439062121001
927620,47.0,54.94959710219951,7.949597102199512
927660,42.0,54.94959710219951,12.949597102199512
927682,33.0,54.94959710219951,21.94959710219951
927745,54.0,54.94959710219951,0.9495971021995118
927805,58.0,54.94959710219951,-3.0504028978004882
927819,47.0,54.94959710219951,7.949597102199512
927956,44.0,54.94959710219951,10.949597102199512
927967,5.0,32.71514350105437,27.71514350105437
928092,38.0,54.94959710219951,16.94959710219951
928123,49.0,54.94959710219951,5.949597102199512
928141,2.0,54.94959710219951,52.94959710219951
928149,60.0,54.94959710219951,-5.050402897800488
928305,42.0,54.94959710219951,12.949597102199512
928319,66.0,54.94959710219951,-11.050402897800488
928406,19.0,32.71514350105437,13.71514350105437
928471,59.0,54.94959710219951,-4.050402897800488
928554,5.0,54.94959710219951,49.94959710219951
928561,54.0,54.94959710219951,0.9495971021995118
928562,11.0,54.94959710219951,43.94959710219951
928566,82.0,54.94959710219951,-27.05040289780049
928579,54.0,54.94959710219951,0.9495971021995118
928612,35.0,54.94959710219951,19.94959710219951
928630,59.0,54.94959710219951,-4.050402897800488
928647,40.0,54.94959710219951,14.949597102199512
928669,25.0,33.315439062121,8.315439062121001
928722,20.0,32.71514350105437,12.71514350105437
928771,5.0,54.94959710219951,49.94959710219951
928839,5.0,54.94959710219951,49.94959710219951
928850,59.0,54.94959710219951,-4.050402897800488
929103,39.0,54.94959710219951,15.949597102199512
929177,6.0,54.94959710219951,48.94959710219951
929235,46.0,54.94959710219951,8.949597102199512
929283,52.0,54.94959710219951,2.9495971021995118
929315,41.0,54.94959710219951,13.949597102199512
929339,59.0,54.94959710219951,-4.050402897800488
929364,110.0,54.94959710219951,-55.05040289780049
929368,59.0,54.94959710219951,-4.050402897800488
929466,6.0,54.94959710219951,48.94959710219951
929486,58.0,54.94959710219951,-3.0504028978004882
929631,13.0,54.94959710219951,41.94959710219951
929701,3.0,32.71514350105437,29.71514350105437
929806,19.0,54.94959710219951,35.94959710219951
929870,33.0,54.94959710219951,21.94959710219951
929876,2.0,54.94959710219951,52.94959710219951
929961,6.0,54.94959710219951,48.94959710219951
930090,46.0,54.94959710219951,8.949597102199512
930119,1.0,54.94959710219951,53.94959710219951
930140,45.0,54.94959710219951,9.949597102199512
930141,60.0,54.94959710219951,-5.050402897800488
930218,43.0,54.94959710219951,11.949597102199512
930366,18.0,54.94959710219951,36.94959710219951
930375,5.0,54.94959710219951,49.94959710219951
930427,54.0,54.94959710219951,0.9495971021995118
930437,13.0,54.94959710219951,41.94959710219951
930587,40.0,54.94959710219951,14.949597102199512
930642,44.0,54.94959710219951,10.949597102199512
930725,44.0,54.94959710219951,10.949597102199512
930935,40.0,33.315439062121,-6.684560937878999
930954,48.0,54.94959710219951,6.949597102199512
930966,43.0,54.94959710219951,11.949597102199512
930982,52.0,54.94959710219951,2.9495971021995118
931013,29.0,54.94959710219951,25.94959710219951
931022,38.0,54.94959710219951,16.94959710219951
931033,20.0,32.71514350105437,12.71514350105437
931242,40.0,54.94959710219951,14.949597102199512
931297,5.0,54.94959710219951,49.94959710219951
931322,25.0,54.94959710219951,29.94959710219951
931428,33.0,32.71514350105437,-0.28485649894562926
931465,4.0,54.94959710219951,50.94959710219951
931492,9.0,54.94959710219951,45.94959710219951
931534,58.0,54.94959710219951,-3.0504028978004882
931710,40.0,54.94959710219951,14.949597102199512
931743,5.0,54.94959710219951,49.94959710219951
931747,56.0,54.94959710219951,-1.0504028978004882
931772,54.0,54.94959710219951,0.9495971021995118
931814,4.0,54.94959710219951,50.94959710219951
931817,8.0,54.94959710219951,46.94959710219951
931841,57.0,54.94959710219951,-2.0504028978004882
932018,60.0,54.94959710219951,-5.050402897800488
932021,26.0,33.315439062121,7.315439062121001
932056,28.0,54.94959710219951,26.94959710219951
932094,29.0,54.94959710219951,25.94959710219951
932119,55.0,54.94959710219951,-0.05040289780048823
932155,26.0,54.94959710219951,28.94959710219951
932286,32.0,33.315439062121,1.3154390621210013
932425,5.0,54.94959710219951,49.94959710219951
932511,60.0,54.94959710219951,-5.050402897800488
932642,13.0,32.71514350105437,19.71514350105437
932770,54.0,54.94959710219951,0.9495971021995118
932910,6.0,54.94959710219951,48.94959710219951
932917,33.0,54.94959710219951,21.94959710219951
932939,48.0,54.94959710219951,6.949597102199512
933017,59.0,54.94959710219951,-4.050402897800488
933144,32.0,54.94959710219951,22.94959710219951
933160,53.0,54.94959710219951,1.9495971021995118
933179,26.0,54.94959710219951,28.94959710219951
933329,0.0,54.94959710219951,54.94959710219951
933452,2.0,54.94959710219951,52.94959710219951
933522,44.0,54.94959710219951,10.949597102199512
933559,2.0,32.71514350105437,30.71514350105437
933646,41.0,54.94959710219951,13.949597102199512
933732,24.0,33.315439062121,9.315439062121001
933739,38.0,33.315439062121,-4.684560937878999
933848,52.0,54.94959710219951,2.9495971021995118
933860,0.0,54.94959710219951,54.94959710219951
933990,12.0,54.94959710219951,42.94959710219951
934000,12.0,54.94959710219951,42.94959710219951
934035,41.0,54.94959710219951,13.949597102199512
934405,6.0,54.94959710219951,48.94959710219951
934431,54.0,54.94959710219951,0.9495971021995118
934491,23.0,33.315439062121,10.315439062121001
934515,57.0,54.94959710219951,-2.0504028978004882
934520,43.0,54.94959710219951,11.949597102199512
934614,33.0,33.315439062121,0.31543906212100126
934772,37.0,54.94959710219951,17.94959710219951
934781,41.0,33.315439062121,-7.684560937878999
934869,72.0,54.94959710219951,-17.05040289780049
935097,27.0,33.315439062121,6.315439062121001
935107,55.0,54.94959710219951,-0.05040289780048823
935149,33.0,54.94959710219951,21.94959710219951
935215,27.0,33.315439062121,6.315439062121001
935301,21.0,33.315439062121,12.315439062121001
935309,46.0,54.94959710219951,8.949597102199512
935356,12.0,54.94959710219951,42.94959710219951
935482,44.0,54.94959710219951,10.949597102199512
935684,12.0,54.94959710219951,42.94959710219951
935750,30.0,54.94959710219951,24.94959710219951
935879,40.0,54.94959710219951,14.949597102199512
935905,61.0,54.94959710219951,-6.050402897800488
935913,39.0,54.94959710219951,15.949597102199512
935934,26.0,33.315439062121,7.315439062121001
935962,29.0,54.94959710219951,25.94959710219951
935979,59.0,54.94959710219951,-4.050402897800488
936063,40.0,54.94959710219951,14.949597102199512
936069,30.0,54.94959710219951,24.94959710219951
936086,61.0,54.94959710219951,-6.050402897800488
936188,30.0,54.94959710219951,24.94959710219951
936244,7.0,54.94959710219951,47.94959710219951
936359,40.0,54.94959710219951,14.949597102199512
936592,3.0,54.94959710219951,51.94959710219951
936593,53.0,54.94959710219951,1.9495971021995118
936659,33.0,54.94959710219951,21.94959710219951
936684,30.0,54.94959710219951,24.94959710219951
936721,60.0,54.94959710219951,-5.050402897800488
936815,44.0,33.315439062121,-10.684560937878999
936951,8.0,54.94959710219951,46.94959710219951
936957,26.0,33.315439062121,7.315439062121001
937094,27.0,33.315439062121,6.315439062121001
937113,0.0,54.94959710219951,54.94959710219951
937322,54.0,54.94959710219951,0.9495971021995118
937335,7.0,54.94959710219951,47.94959710219951
937393,1.0,54.94959710219951,53.94959710219951
937420,40.0,54.94959710219951,14.949597102199512
937533,20.0,54.94959710219951,34.94959710219951
937621,59.0,54.94959710219951,-4.050402897800488
937682,66.0,54.94959710219951,-11.050402897800488
937685,58.0,54.94959710219951,-3.0504028978004882
938112,60.0,54.94959710219951,-5.050402897800488
938132,9.0,54.94959710219951,45.94959710219951
938246,27.0,54.94959710219951,27.94959710219951
938325,9.0,54.94959710219951,45.94959710219951
938393,5.0,54.94959710219951,49.94959710219951
938484,59.0,54.94959710219951,-4.050402897800488
938564,54.0,54.94959710219951,0.9495971021995118
938599,8.0,54.94959710219951,46.94959710219951
938620,4.0,54.94959710219951,50.94959710219951
938635,0.0,54.94959710219951,54.94959710219951
938638,15.0,54.94959710219951,39.94959710219951
938649,40.0,54.94959710219951,14.949597102199512
938678,28.0,54.94959710219951,26.94959710219951
938716,26.0,33.315439062121,7.315439062121001
938781,60.0,54.94959710219951,-5.050402897800488
938877,58.0,54.94959710219951,-3.0504028978004882
938878,5.0,54.94959710219951,49.94959710219951
938891,25.0,54.94959710219951,29.94959710219951
938921,112.0,54.94959710219951,-57.05040289780049
938930,30.0,54.94959710219951,24.94959710219951
938957,29.0,54.94959710219951,25.94959710219951
939001,26.0,54.94959710219951,28.94959710219951
939046,47.0,54.94959710219951,7.949597102199512
939081,28.0,33.315439062121,5.315439062121001
939144,4.0,54.94959710219951,50.94959710219951
939267,2.0,54.94959710219951,52.94959710219951
939341,41.0,54.94959710219951,13.949597102199512
939429,41.0,54.94959710219951,13.949597102199512
939437,4.0,54.94959710219951,50.94959710219951
939444,36.0,54.94959710219951,18.94959710219951
939458,26.0,54.94959710219951,28.94959710219951
939497,40.0,54.94959710219951,14.949597102199512
939506,31.0,54.94959710219951,23.94959710219951
939517,58.0,54.94959710219951,-3.0504028978004882
939743,5.0,54.94959710219951,49.94959710219951
939805,7.0,54.94959710219951,47.94959710219951
939848,29.0,33.315439062121,4.315439062121001
939902,56.0,54.94959710219951,-1.0504028978004882
939950,32.0,54.94959710219951,22.94959710219951
939978,54.0,54.94959710219951,0.9495971021995118
940097,19.0,54.94959710219951,35.94959710219951
940108,82.0,54.94959710219951,-27.05040289780049
940180,5.0,54.94959710219951,49.94959710219951
940213,25.0,33.315439062121,8.315439062121001
940227,5.0,54.94959710219951,49.94959710219951
940273,29.0,54.94959710219951,25.94959710219951
940356,61.0,54.94959710219951,-6.050402897800488
940364,18.0,54.94959710219951,36.94959710219951
940369,45.0,54.94959710219951,9.949597102199512
940390,59.0,54.94959710219951,-4.050402897800488
940522,18.0,54.94959710219951,36.94959710219951
940541,2.0,54.94959710219951,52.94959710219951
940714,4.0,54.94959710219951,50.94959710219951
940730,52.0,54.94959710219951,2.9495971021995118
940829,25.0,33.315439062121,8.315439062121001
940841,26.0,54.94959710219951,28.94959710219951
940902,59.0,54.94959710219951,-4.050402897800488
940914,26.0,54.94959710219951,28.94959710219951
941079,16.0,32.71514350105437,16.71514350105437
941160,57.0,54.94959710219951,-2.0504028978004882
941214,26.0,54.94959710219951,28.94959710219951
941251,19.0,54.94959710219951,35.94959710219951
941276,33.0,33.315439062121,0.31543906212100126
941406,4.0,33.315439062121,29.315439062121
941561,19.0,32.71514350105437,13.71514350105437
941807,29.0,54.94959710219951,25.94959710219951
941850,42.0,54.94959710219951,12.949597102199512
941990,41.0,54.94959710219951,13.949597102199512
941997,26.0,54.94959710219951,28.94959710219951
942071,69.0,54.94959710219951,-14.050402897800488
942089,5.0,54.94959710219951,49.94959710219951
942091,18.0,54.94959710219951,36.94959710219951
942187,33.0,54.94959710219951,21.94959710219951
942220,25.0,54.94959710219951,29.94959710219951
942356,32.0,54.94959710219951,22.94959710219951
942457,40.0,54.94959710219951,14.949597102199512
942482,61.0,54.94959710219951,-6.050402897800488
942533,45.0,54.94959710219951,9.949597102199512
942659,5.0,54.94959710219951,49.94959710219951
942778,34.0,54.94959710219951,20.94959710219951
942816,12.0,54.94959710219951,42.94959710219951
942832,12.0,54.94959710219951,42.94959710219951
942875,36.0,54.94959710219951,18.94959710219951
942885,25.0,54.94959710219951,29.94959710219951
942927,5.0,54.94959710219951,49.94959710219951
942960,27.0,33.315439062121,6.315439062121001
943061,58.0,54.94959710219951,-3.0504028978004882
943119,27.0,54.94959710219951,27.94959710219951
943141,27.0,54.94959710219951,27.94959710219951
943185,149.0,54.94959710219951,-94.0504028978005
943597,36.0,54.94959710219951,18.94959710219951
943616,43.0,54.94959710219951,11.949597102199512
943730,28.0,33.315439062121,5.315439062121001
943782,43.0,54.94959710219951,11.949597102199512
943905,64.0,54.94959710219951,-9.050402897800488
944070,26.0,54.94959710219951,28.94959710219951
944097,0.0,54.94959710219951,54.94959710219951
944119,37.0,54.94959710219951,17.94959710219951
944257,6.0,54.94959710219951,48.94959710219951
944295,33.0,54.94959710219951,21.94959710219951
944323,58.0,54.94959710219951,-3.0504028978004882
944591,60.0,54.94959710219951,-5.050402897800488
944660,26.0,54.94959710219951,28.94959710219951
944721,25.0,54.94959710219951,29.94959710219951
944746,40.0,54.94959710219951,14.949597102199512
944840,19.0,33.315439062121,14.315439062121001
944872,2.0,54.94959710219951,52.94959710219951
944890,27.0,33.315439062121,6.315439062121001
944960,30.0,54.94959710219951,24.94959710219951
944989,26.0,33.315439062121,7.315439062121001
945090,29.0,54.94959710219951,25.94959710219951
945142,33.0,54.94959710219951,21.94959710219951
945203,34.0,54.94959710219951,20.94959710219951
945252,56.0,54.94959710219951,-1.0504028978004882
945386,27.0,54.94959710219951,27.94959710219951
945387,12.0,54.94959710219951,42.94959710219951
945481,19.0,32.71514350105437,13.71514350105437
945616,26.0,54.94959710219951,28.94959710219951
945681,43.0,54.94959710219951,11.949597102199512
945774,5.0,54.94959710219951,49.94959710219951
945787,5.0,54.94959710219951,49.94959710219951
945825,29.0,33.315439062121,4.315439062121001
945901,27.0,54.94959710219951,27.94959710219951
945904,63.0,54.94959710219951,-8.050402897800488
945907,18.0,33.315439062121,15.315439062121001
945952,56.0,54.94959710219951,-1.0504028978004882
946234,21.0,33.315439062121,12.315439062121001
946261,65.0,54.94959710219951,-10.050402897800488
946292,12.0,54.94959710219951,42.94959710219951
946329,39.0,54.94959710219951,15.949597102199512
946377,98.0,54.94959710219951,-43.05040289780049
946429,38.0,33.315439062121,-4.684560937878999
946485,31.0,54.94959710219951,23.94959710219951
946518,22.0,33.315439062121,11.315439062121001
946614,31.0,54.94959710219951,23.94959710219951
946635,32.0,54.94959710219951,22.94959710219951
946720,44.0,54.94959710219951,10.949597102199512
946841,1.0,54.94959710219951,53.94959710219951
946846,5.0,54.94959710219951,49.94959710219951
946871,40.0,54.94959710219951,14.949597102199512
947082,20.0,54.94959710219951,34.94959710219951
947136,27.0,33.315439062121,6.315439062121001
947177,56.0,54.94959710219951,-1.0504028978004882
947227,54.0,54.94959710219951,0.9495971021995118
947286,29.0,54.94959710219951,25.94959710219951
947356,26.0,33.315439062121,7.315439062121001
947442,30.0,54.94959710219951,24.94959710219951
947480,33.0,54.94959710219951,21.94959710219951
947562,54.0,54.94959710219951,0.9495971021995118
947592,42.0,54.94959710219951,12.949597102199512
947881,3.0,33.315439062121,30.315439062121
947903,40.0,54.94959710219951,14.949597102199512
947964,40.0,54.94959710219951,14.949597102199512
947991,54.0,54.94959710219951,0.9495971021995118
948001,59.0,54.94959710219951,-4.050402897800488
948009,54.0,54.94959710219951,0.9495971021995118
948063,41.0,33.315439062121,-7.684560937878999
948086,21.0,54.94959710219951,33.94959710219951
948139,26.0,54.94959710219951,28.94959710219951
948264,39.0,54.94959710219951,15.949597102199512
948291,19.0,54.94959710219951,35.94959710219951
948349,5.0,54.94959710219951,49.94959710219951
948371,59.0,54.94959710219951,-4.050402897800488
948468,1.0,54.94959710219951,53.94959710219951
948504,28.0,54.94959710219951,26.94959710219951
948521,82.0,54.94959710219951,-27.05040289780049
948632,39.0,54.94959710219951,15.949597102199512
948709,58.0,54.94959710219951,-3.0504028978004882
948898,23.0,33.315439062121,10.315439062121001
948949,54.0,54.94959710219951,0.9495971021995118
948950,53.0,54.94959710219951,1.9495971021995118
949309,5.0,54.94959710219951,49.94959710219951
949392,6.0,54.94959710219951,48.94959710219951
949453,32.0,54.94959710219951,22.94959710219951
949498,8.0,54.94959710219951,46.94959710219951
949508,5.0,33.315439062121,28.315439062121
949638,4.0,54.94959710219951,50.94959710219951
949646,1.0,54.94959710219951,53.94959710219951
949743,61.0,54.94959710219951,-6.050402897800488
949757,0.0,54.94959710219951,54.94959710219951
949786,27.0,33.315439062121,6.315439062121001
949914,33.0,54.94959710219951,21.94959710219951
949917,59.0,54.94959710219951,-4.050402897800488
950121,3.0,54.94959710219951,51.94959710219951
950146,38.0,54.94959710219951,16.94959710219951
950237,39.0,54.94959710219951,15.949597102199512
950238,41.0,54.94959710219951,13.949597102199512
950262,22.0,33.315439062121,11.315439062121001
950314,5.0,54.94959710219951,49.94959710219951
950361,56.0,54.94959710219951,-1.0504028978004882
950373,5.0,54.94959710219951,49.94959710219951
950375,26.0,33.315439062121,7.315439062121001
950468,42.0,54.94959710219951,12.949597102199512
950480,58.0,54.94959710219951,-3.0504028978004882
950522,10.0,54.94959710219951,44.94959710219951
950533,60.0,54.94959710219951,-5.050402897800488
950659,44.0,54.94959710219951,10.949597102199512
950687,5.0,32.71514350105437,27.71514350105437
950727,60.0,54.94959710219951,-5.050402897800488
950788,5.0,54.94959710219951,49.94959710219951
950813,44.0,54.94959710219951,10.949597102199512
950866,54.0,54.94959710219951,0.9495971021995118
950882,47.0,54.94959710219951,7.949597102199512
950967,41.0,54.94959710219951,13.949597102199512
951090,28.0,54.94959710219951,26.94959710219951
951172,37.0,54.94959710219951,17.94959710219951
951246,29.0,54.94959710219951,25.94959710219951
951310,5.0,32.71514350105437,27.71514350105437
951391,40.0,54.94959710219951,14.949597102199512
951474,42.0,54.94959710219951,12.949597102199512
951527,6.0,54.94959710219951,48.94959710219951
951539,4.0,54.94959710219951,50.94959710219951
951587,7.0,54.94959710219951,47.94959710219951
951602,43.0,54.94959710219951,11.949597102199512
951704,4.0,54.94959710219951,50.94959710219951
951745,5.0,54.94959710219951,49.94959710219951
951765,59.0,54.94959710219951,-4.050402897800488
951769,7.0,33.315439062121,26.315439062121
951771,26.0,54.94959710219951,28.94959710219951
951844,47.0,54.94959710219951,7.949597102199512
951846,12.0,54.94959710219951,42.94959710219951
951922,26.0,54.94959710219951,28.94959710219951
951923,91.0,54.94959710219951,-36.05040289780049
952165,28.0,54.94959710219951,26.94959710219951
952242,57.0,54.94959710219951,-2.0504028978004882
952243,26.0,33.315439062121,7.315439062121001
952322,59.0,54.94959710219951,-4.050402897800488
952333,4.0,54.94959710219951,50.94959710219951
952380,33.0,54.94959710219951,21.94959710219951
952410,28.0,54.94959710219951,26.94959710219951
952526,47.0,54.94959710219951,7.949597102199512
952608,5.0,54.94959710219951,49.94959710219951
952669,28.0,54.94959710219951,26.94959710219951
952781,25.0,54.94959710219951,29.94959710219951
952870,33.0,33.315439062121,0.31543906212100126
952916,24.0,54.94959710219951,30.94959710219951
952956,5.0,54.94959710219951,49.94959710219951
953008,20.0,33.315439062121,13.315439062121001
953117,58.0,54.94959710219951,-3.0504028978004882
953127,45.0,54.94959710219951,9.949597102199512
953213,54.0,54.94959710219951,0.9495971021995118
953220,9.0,54.94959710219951,45.94959710219951
953232,43.0,54.94959710219951,11.949597102199512
953284,57.0,54.94959710219951,-2.0504028978004882
953344,43.0,54.94959710219951,11.949597102199512
953378,59.0,54.94959710219951,-4.050402897800488
953426,41.0,54.94959710219951,13.949597102199512
953434,32.0,54.94959710219951,22.94959710219951
953579,40.0,54.94959710219951,14.949597102199512
953610,6.0,54.94959710219951,48.94959710219951
953626,26.0,54.94959710219951,28.94959710219951
953746,4.0,54.94959710219951,50.94959710219951
954031,21.0,54.94959710219951,33.94959710219951
954060,40.0,54.94959710219951,14.949597102199512
954066,34.0,54.94959710219951,20.94959710219951
954070,5.0,54.94959710219951,49.94959710219951
954075,40.0,54.94959710219951,14.949597102199512
954093,38.0,54.94959710219951,16.94959710219951
954134,24.0,33.315439062121,9.315439062121001
954214,12.0,54.94959710219951,42.94959710219951
954317,40.0,54.94959710219951,14.949597102199512
954412,19.0,54.94959710219951,35.94959710219951
954440,36.0,54.94959710219951,18.94959710219951
954451,34.0,54.94959710219951,20.94959710219951
954468,62.0,54.94959710219951,-7.050402897800488
954596,43.0,54.94959710219951,11.949597102199512
954739,41.0,54.94959710219951,13.949597102199512
954745,7.0,54.94959710219951,47.94959710219951
954778,58.0,54.94959710219951,-3.0504028978004882
954830,5.0,54.94959710219951,49.94959710219951
954933,16.0,33.315439062121,17.315439062121
954957,57.0,54.94959710219951,-2.0504028978004882
955143,5.0,54.94959710219951,49.94959710219951
955161,42.0,54.94959710219951,12.949597102199512
955174,5.0,54.94959710219951,49.94959710219951
955228,53.0,54.94959710219951,1.9495971021995118
955393,12.0,54.94959710219951,42.94959710219951
955401,25.0,33.315439062121,8.315439062121001
955410,29.0,33.315439062121,4.315439062121001
955518,7.0,54.94959710219951,47.94959710219951
955615,28.0,54.94959710219951,26.94959710219951
955670,5.0,54.94959710219951,49.94959710219951
955690,54.0,54.94959710219951,0.9495971021995118
955746,37.0,54.94959710219951,17.94959710219951
955748,60.0,54.94959710219951,-5.050402897800488
955850,42.0,54.94959710219951,12.949597102199512
955902,28.0,54.94959710219951,26.94959710219951
955908,40.0,54.94959710219951,14.949597102199512
955921,0.0,54.94959710219951,54.94959710219951
955937,49.0,33.315439062121,-15.684560937878999
955944,46.0,33.315439062121,-12.684560937878999
955952,5.0,32.71514350105437,27.71514350105437
956069,33.0,54.94959710219951,21.94959710219951
956091,54.0,54.94959710219951,0.9495971021995118
956108,5.0,54.94959710219951,49.94959710219951
956172,26.0,54.94959710219951,28.94959710219951
956206,8.0,54.94959710219951,46.94959710219951
956388,28.0,54.94959710219951,26.94959710219951
956589,26.0,54.94959710219951,28.94959710219951
956599,6.0,54.94959710219951,48.94959710219951
956736,61.0,54.94959710219951,-6.050402897800488
956844,0.0,54.94959710219951,54.94959710219951
956886,13.0,54.94959710219951,41.94959710219951
956926,17.0,54.94959710219951,37.94959710219951
956980,19.0,54.94959710219951,35.94959710219951
957091,26.0,54.94959710219951,28.94959710219951
957170,47.0,54.94959710219951,7.949597102199512
957459,26.0,33.315439062121,7.315439062121001
957479,48.0,54.94959710219951,6.949597102199512
957488,30.0,54.94959710219951,24.94959710219951
957626,22.0,54.94959710219951,32.94959710219951
957674,22.0,33.315439062121,11.315439062121001
957737,50.0,33.315439062121,-16.684560937879
957848,60.0,54.94959710219951,-5.050402897800488
957886,54.0,54.94959710219951,0.9495971021995118
957898,54.0,54.94959710219951,0.9495971021995118
957923,27.0,33.315439062121,6.315439062121001
957949,49.0,54.94959710219951,5.949597102199512
958019,61.0,54.94959710219951,-6.050402897800488
958113,44.0,54.94959710219951,10.949597102199512
958198,51.0,54.94959710219951,3.9495971021995118
958234,6.0,54.94959710219951,48.94959710219951
958236,48.0,54.94959710219951,6.949597102199512
958295,88.0,54.94959710219951,-33.05040289780049
958320,33.0,54.94959710219951,21.94959710219951
958354,61.0,54.94959710219951,-6.050402897800488
958456,2.0,54.94959710219951,52.94959710219951
958523,26.0,33.315439062121,7.315439062121001
958576,24.0,33.315439062121,9.315439062121001
958631,26.0,54.94959710219951,28.94959710219951
958641,40.0,54.94959710219951,14.949597102199512
958659,50.0,54.94959710219951,4.949597102199512
958679,41.0,54.94959710219951,13.949597102199512
958755,49.0,54.94959710219951,5.949597102199512
958778,43.0,54.94959710219951,11.949597102199512
958847,54.0,54.94959710219951,0.9495971021995118
958931,65.0,54.94959710219951,-10.050402897800488
958949,2.0,54.94959710219951,52.94959710219951
959064,23.0,33.315439062121,10.315439062121001
959084,54.0,54.94959710219951,0.9495971021995118
959104,3.0,54.94959710219951,51.94959710219951
959109,57.0,54.94959710219951,-2.0504028978004882
959209,5.0,54.94959710219951,49.94959710219951
959358,3.0,54.94959710219951,51.94959710219951
959379,5.0,54.94959710219951,49.94959710219951
959454,55.0,54.94959710219951,-0.05040289780048823
959525,65.0,54.94959710219951,-10.050402897800488
959545,57.0,54.94959710219951,-2.0504028978004882
959576,12.0,54.94959710219951,42.94959710219951
959652,4.0,32.71514350105437,28.71514350105437
959795,26.0,54.94959710219951,28.94959710219951
959805,44.0,54.94959710219951,10.949597102199512
959835,29.0,54.94959710219951,25.94959710219951
959845,41.0,54.94959710219951,13.949597102199512
959911,57.0,54.94959710219951,-2.0504028978004882
959944,5.0,54.94959710219951,49.94959710219951
959986,24.0,33.315439062121,9.315439062121001
959989,12.0,54.94959710219951,42.94959710219951
960158,20.0,54.94959710219951,34.94959710219951
960293,3.0,54.94959710219951,51.94959710219951
960329,34.0,54.94959710219951,20.94959710219951
960433,33.0,54.94959710219951,21.94959710219951
960513,17.0,54.94959710219951,37.94959710219951
960718,28.0,54.94959710219951,26.94959710219951
960720,30.0,54.94959710219951,24.94959710219951
960735,38.0,54.94959710219951,16.94959710219951
960763,60.0,54.94959710219951,-5.050402897800488
960924,26.0,54.94959710219951,28.94959710219951
960929,17.0,54.94959710219951,37.94959710219951
961005,5.0,54.94959710219951,49.94959710219951
961013,20.0,54.94959710219951,34.94959710219951
961058,25.0,33.315439062121,8.315439062121001
961174,16.0,54.94959710219951,38.94959710219951
961219,24.0,33.315439062121,9.315439062121001
961231,9.0,54.94959710219951,45.94959710219951
961237,5.0,54.94959710219951,49.94959710219951
961357,26.0,33.315439062121,7.315439062121001
961360,34.0,54.94959710219951,20.94959710219951
961537,5.0,54.94959710219951,49.94959710219951
961862,40.0,54.94959710219951,14.949597102199512
961871,0.0,54.94959710219951,54.94959710219951
961888,0.0,54.94959710219951,54.94959710219951
961908,40.0,54.94959710219951,14.949597102199512
961928,6.0,54.94959710219951,48.94959710219951
962155,40.0,54.94959710219951,14.949597102199512
962177,39.0,54.94959710219951,15.949597102199512
962188,26.0,54.94959710219951,28.94959710219951
962309,27.0,33.315439062121,6.315439062121001
962353,60.0,54.94959710219951,-5.050402897800488
962462,27.0,33.315439062121,6.315439062121001
962504,8.0,54.94959710219951,46.94959710219951
962572,56.0,54.94959710219951,-1.0504028978004882
962596,40.0,54.94959710219951,14.949597102199512
962786,5.0,54.94959710219951,49.94959710219951
962791,2.0,54.94959710219951,52.94959710219951
962807,28.0,54.94959710219951,26.94959710219951
962815,26.0,54.94959710219951,28.94959710219951
962890,12.0,54.94959710219951,42.94959710219951
962896,8.0,54.94959710219951,46.94959710219951
962932,44.0,54.94959710219951,10.949597102199512
962975,33.0,54.94959710219951,21.94959710219951
963117,61.0,54.94959710219951,-6.050402897800488
963311,43.0,54.94959710219951,11.949597102199512
963387,27.0,33.315439062121,6.315439062121001
963399,1.0,54.94959710219951,53.94959710219951
963476,41.0,54.94959710219951,13.949597102199512
963506,55.0,54.94959710219951,-0.05040289780048823
963626,12.0,54.94959710219951,42.94959710219951
963634,4.0,54.94959710219951,50.94959710219951
963704,29.0,33.315439062121,4.315439062121001
963757,40.0,54.94959710219951,14.949597102199512
963758,13.0,54.94959710219951,41.94959710219951
963776,33.0,54.94959710219951,21.94959710219951
963800,0.0,54.94959710219951,54.94959710219951
963912,32.0,54.94959710219951,22.94959710219951
963968,20.0,54.94959710219951,34.94959710219951
964138,46.0,54.94959710219951,8.949597102199512
964181,43.0,54.94959710219951,11.949597102199512
964271,26.0,33.315439062121,7.315439062121001
964277,60.0,54.94959710219951,-5.050402897800488
964343,24.0,33.315439062121,9.315439062121001
964420,0.0,54.94959710219951,54.94959710219951
964509,40.0,54.94959710219951,14.949597102199512
964532,35.0,54.94959710219951,19.94959710219951
964705,30.0,54.94959710219951,24.94959710219951
964922,19.0,54.94959710219951,35.94959710219951
965039,3.0,54.94959710219951,51.94959710219951
965061,25.0,33.315439062121,8.315439062121001
965073,49.0,54.94959710219951,5.949597102199512
965261,60.0,54.94959710219951,-5.050402897800488
965300,41.0,54.94959710219951,13.949597102199512
965410,2.0,54.94959710219951,52.94959710219951
965425,4.0,54.94959710219951,50.94959710219951
965489,4.0,54.94959710219951,50.94959710219951
965526,29.0,54.94959710219951,25.94959710219951
965571,23.0,54.94959710219951,31.94959710219951
965612,2.0,54.94959710219951,52.94959710219951
965637,5.0,54.94959710219951,49.94959710219951
965681,8.0,54.94959710219951,46.94959710219951
965738,1.0,54.94959710219951,53.94959710219951
965777,26.0,54.94959710219951,28.94959710219951
965782,51.0,54.94959710219951,3.9495971021995118
965806,28.0,54.94959710219951,26.94959710219951
965845,32.0,33.315439062121,1.3154390621210013
965850,58.0,54.94959710219951,-3.0504028978004882
965852,59.0,54.94959710219951,-4.050402897800488
965982,39.0,54.94959710219951,15.949597102199512
966034,38.0,54.94959710219951,16.94959710219951
966067,25.0,33.315439062121,8.315439062121001
966105,61.0,54.94959710219951,-6.050402897800488
966113,34.0,54.94959710219951,20.94959710219951
966159,4.0,32.71514350105437,28.71514350105437
966177,3.0,54.94959710219951,51.94959710219951
966333,27.0,54.94959710219951,27.94959710219951
966387,58.0,54.94959710219951,-3.0504028978004882
966420,23.0,33.315439062121,10.315439062121001
966452,0.0,54.94959710219951,54.94959710219951
966471,39.0,54.94959710219951,15.949597102199512
966505,26.0,32.71514350105437,6.715143501054371
966550,6.0,54.94959710219951,48.94959710219951
966623,59.0,54.94959710219951,-4.050402897800488
966653,24.0,33.315439062121,9.315439062121001
966659,29.0,54.94959710219951,25.94959710219951
966817,47.0,54.94959710219951,7.949597102199512
966949,7.0,54.94959710219951,47.94959710219951
967012,8.0,54.94959710219951,46.94959710219951
967064,37.0,54.94959710219951,17.94959710219951
967065,72.0,54.94959710219951,-17.05040289780049
967262,24.0,33.315439062121,9.315439062121001
967299,1.0,54.94959710219951,53.94959710219951
967322,29.0,54.94959710219951,25.94959710219951
967411,59.0,54.94959710219951,-4.050402897800488
967457,65.0,54.94959710219951,-10.050402897800488
967541,26.0,54.94959710219951,28.94959710219951
967709,59.0,54.94959710219951,-4.050402897800488
967728,31.0,33.315439062121,2.3154390621210013
968016,2.0,54.94959710219951,52.94959710219951
968111,38.0,54.94959710219951,16.94959710219951
968177,19.0,32.71514350105437,13.71514350105437
968242,60.0,54.94959710219951,-5.050402897800488
968253,12.0,54.94959710219951,42.94959710219951
968281,8.0,54.94959710219951,46.94959710219951
968288,42.0,54.94959710219951,12.949597102199512
968292,68.0,54.94959710219951,-13.050402897800488
968317,49.0,54.94959710219951,5.949597102199512
968332,47.0,54.94959710219951,7.949597102199512
968473,1.0,54.94959710219951,53.94959710219951
968649,58.0,54.94959710219951,-3.0504028978004882
968670,28.0,54.94959710219951,26.94959710219951
968762,38.0,54.94959710219951,16.94959710219951
968814,26.0,54.94959710219951,28.94959710219951
968840,49.0,54.94959710219951,5.949597102199512
968951,27.0,54.94959710219951,27.94959710219951
968989,18.0,54.94959710219951,36.94959710219951
969055,58.0,54.94959710219951,-3.0504028978004882
969179,48.0,54.94959710219951,6.949597102199512
969274,35.0,54.94959710219951,19.94959710219951
969338,48.0,54.94959710219951,6.949597102199512
969427,26.0,54.94959710219951,28.94959710219951
969486,24.0,33.315439062121,9.315439062121001
969591,60.0,54.94959710219951,-5.050402897800488
969626,5.0,54.94959710219951,49.94959710219951
969655,29.0,54.94959710219951,25.94959710219951
969675,33.0,54.94959710219951,21.94959710219951
969860,24.0,54.94959710219951,30.94959710219951
970003,56.0,54.94959710219951,-1.0504028978004882
970134,19.0,54.94959710219951,35.94959710219951
970203,49.0,54.94959710219951,5.949597102199512
970257,5.0,32.71514350105437,27.71514350105437
970539,5.0,54.94959710219951,49.94959710219951
970627,45.0,54.94959710219951,9.949597102199512
970655,20.0,54.94959710219951,34.94959710219951
970817,26.0,54.94959710219951,28.94959710219951
970836,5.0,54.94959710219951,49.94959710219951
970869,27.0,33.315439062121,6.315439062121001
970929,6.0,54.94959710219951,48.94959710219951
971085,60.0,54.94959710219951,-5.050402897800488
971156,26.0,54.94959710219951,28.94959710219951
971182,6.0,54.94959710219951,48.94959710219951
971187,65.0,54.94959710219951,-10.050402897800488
971256,12.0,54.94959710219951,42.94959710219951
971261,62.0,54.94959710219951,-7.050402897800488
971331,26.0,54.94959710219951,28.94959710219951
971372,55.0,54.94959710219951,-0.05040289780048823
971450,13.0,54.94959710219951,41.94959710219951
971533,5.0,54.94959710219951,49.94959710219951
971568,40.0,54.94959710219951,14.949597102199512
971571,29.0,33.315439062121,4.315439062121001
971665,28.0,33.315439062121,5.315439062121001
971843,59.0,54.94959710219951,-4.050402897800488
971885,25.0,33.315439062121,8.315439062121001
972169,23.0,33.315439062121,10.315439062121001
972329,28.0,54.94959710219951,26.94959710219951
972343,68.0,54.94959710219951,-13.050402897800488
972345,25.0,33.315439062121,8.315439062121001
972347,51.0,54.94959710219951,3.9495971021995118
972515,19.0,54.94959710219951,35.94959710219951
972590,57.0,54.94959710219951,-2.0504028978004882
972650,17.0,54.94959710219951,37.94959710219951
972732,48.0,54.94959710219951,6.949597102199512
972755,40.0,54.94959710219951,14.949597102199512
972770,4.0,54.94959710219951,50.94959710219951
972845,60.0,54.94959710219951,-5.050402897800488
972951,5.0,54.94959710219951,49.94959710219951
973003,5.0,54.94959710219951,49.94959710219951
973024,23.0,33.315439062121,10.315439062121001
973043,30.0,33.315439062121,3.3154390621210013
973068,30.0,33.315439062121,3.3154390621210013
973092,40.0,54.94959710219951,14.949597102199512
973111,2.0,54.94959710219951,52.94959710219951
973164,42.0,32.71514350105437,-9.28485649894563
973189,8.0,54.94959710219951,46.94959710219951
973381,58.0,54.94959710219951,-3.0504028978004882
973386,43.0,54.94959710219951,11.949597102199512
973433,61.0,54.94959710219951,-6.050402897800488
973478,26.0,54.94959710219951,28.94959710219951
973573,61.0,54.94959710219951,-6.050402897800488
973680,42.0,54.94959710219951,12.949597102199512
973749,3.0,54.94959710219951,51.94959710219951
973828,26.0,54.94959710219951,28.94959710219951
974012,54.0,54.94959710219951,0.9495971021995118
974084,36.0,54.94959710219951,18.94959710219951
974160,58.0,54.94959710219951,-3.0504028978004882
974252,5.0,54.94959710219951,49.94959710219951
974310,56.0,54.94959710219951,-1.0504028978004882
974312,49.0,33.315439062121,-15.684560937878999
974326,5.0,32.71514350105437,27.71514350105437
974333,41.0,54.94959710219951,13.949597102199512
974352,26.0,54.94959710219951,28.94959710219951
974425,40.0,54.94959710219951,14.949597102199512
974530,46.0,54.94959710219951,8.949597102199512
974551,6.0,54.94959710219951,48.94959710219951
974574,5.0,54.94959710219951,49.94959710219951
974614,42.0,54.94959710219951,12.949597102199512
974642,54.0,54.94959710219951,0.9495971021995118
974723,60.0,54.94959710219951,-5.050402897800488
974777,5.0,54.94959710219951,49.94959710219951
974779,27.0,54.94959710219951,27.94959710219951
974809,47.0,54.94959710219951,7.949597102199512
974901,26.0,32.71514350105437,6.715143501054371
974923,5.0,54.94959710219951,49.94959710219951
975060,70.0,54.94959710219951,-15.050402897800488
975106,7.0,54.94959710219951,47.94959710219951
975155,40.0,54.94959710219951,14.949597102199512
975156,64.0,54.94959710219951,-9.050402897800488
975349,0.0,54.94959710219951,54.94959710219951
975358,40.0,54.94959710219951,14.949597102199512
975458,12.0,54.94959710219951,42.94959710219951
975463,56.0,54.94959710219951,-1.0504028978004882
975547,28.0,54.94959710219951,26.94959710219951
975582,25.0,33.315439062121,8.315439062121001
975843,47.0,54.94959710219951,7.949597102199512
975974,21.0,33.315439062121,12.315439062121001
976125,4.0,32.71514350105437,28.71514350105437
976136,39.0,54.94959710219951,15.949597102199512
976260,5.0,54.94959710219951,49.94959710219951
976351,9.0,54.94959710219951,45.94959710219951
976461,16.0,54.94959710219951,38.94959710219951
976634,5.0,54.94959710219951,49.94959710219951
976656,40.0,54.94959710219951,14.949597102199512
976738,33.0,54.94959710219951,21.94959710219951
976772,52.0,54.94959710219951,2.9495971021995118
976812,82.0,54.94959710219951,-27.05040289780049
976890,58.0,54.94959710219951,-3.0504028978004882
976948,5.0,54.94959710219951,49.94959710219951
977097,5.0,54.94959710219951,49.94959710219951
977144,58.0,54.94959710219951,-3.0504028978004882
977147,56.0,54.94959710219951,-1.0504028978004882
977169,0.0,54.94959710219951,54.94959710219951
977291,43.0,54.94959710219951,11.949597102199512
977355,39.0,54.94959710219951,15.949597102199512
977366,24.0,33.315439062121,9.315439062121001
977407,48.0,54.94959710219951,6.949597102199512
977422,54.0,54.94959710219951,0.9495971021995118
977464,55.0,54.94959710219951,-0.05040289780048823
977565,4.0,54.94959710219951,50.94959710219951
977581,7.0,54.94959710219951,47.94959710219951
977640,1.0,33.315439062121,32.315439062121
977671,57.0,54.94959710219951,-2.0504028978004882
977827,45.0,54.94959710219951,9.949597102199512
977868,55.0,54.94959710219951,-0.05040289780048823
977968,62.0,54.94959710219951,-7.050402897800488
977992,6.0,54.94959710219951,48.94959710219951
977996,6.0,54.94959710219951,48.94959710219951
978019,28.0,54.94959710219951,26.94959710219951
978086,60.0,54.94959710219951,-5.050402897800488
978260,45.0,54.94959710219951,9.949597102199512
978313,63.0,54.94959710219951,-8.050402897800488
978398,40.0,54.94959710219951,14.949597102199512
978429,5.0,54.94959710219951,49.94959710219951
978532,59.0,54.94959710219951,-4.050402897800488
978574,61.0,54.94959710219951,-6.050402897800488
978686,42.0,54.94959710219951,12.949597102199512
978752,26.0,54.94959710219951,28.94959710219951
978765,58.0,54.94959710219951,-3.0504028978004882
978865,14.0,54.94959710219951,40.94959710219951
978911,32.0,54.94959710219951,22.94959710219951
978924,61.0,54.94959710219951,-6.050402897800488
978982,24.0,54.94959710219951,30.94959710219951
979055,49.0,54.94959710219951,5.949597102199512
979110,7.0,54.94959710219951,47.94959710219951
979252,26.0,54.94959710219951,28.94959710219951
979485,59.0,54.94959710219951,-4.050402897800488
979534,26.0,54.94959710219951,28.94959710219951
979667,59.0,54.94959710219951,-4.050402897800488
979696,55.0,54.94959710219951,-0.05040289780048823
979730,54.0,54.94959710219951,0.9495971021995118
979737,47.0,54.94959710219951,7.949597102199512
979741,26.0,54.94959710219951,28.94959710219951
979765,47.0,54.94959710219951,7.949597102199512
979921,31.0,33.315439062121,2.3154390621210013
979964,40.0,54.94959710219951,14.949597102199512
980028,55.0,54.94959710219951,-0.05040289780048823
980146,40.0,54.94959710219951,14.949597102199512
